name,type,latitude,longitude,osm_id
G. Kuppuswamy Naidu Memorial Hospital,hospital,11.0119015,76.980748,relation/2295479
Hindu Mission Hospital,hospital,12.9239369,80.1138071,relation/5419955
GSMCH - Hospital,hospital,9.83977,78.4785333,relation/6585455
Madha Medical College Hospital,hospital,13.0040654,80.1119084,relation/7357637
Government Medical College & Hospital,hospital,10.4109762,78.8459835,relation/8134512
Government Medical College & Hospital,hospital,10.4089261,78.8465311,relation/8134553
Government Medical College & Hospital,hospital,10.4081333,78.8465057,relation/8134554
"Aravind Eye Hospital - Peelamedu, Coimbatore",hospital,11.0356018,77.0328714,relation/11817364
Royapettah Government Hospital,hospital,13.0541723,80.2649264,relation/14377391
Jawaharlal Institute of Post Graduate Medical Education and Research,hospital,11.951225,79.8008669,relation/16127659
Scudder Memorial Hospital,hospital,12.9341737,79.3255042,relation/17706234
CMC Ranipet,hospital,12.937683,79.2347316,relation/17951167
Rajiv Gandhi Government General Hospital,hospital,13.0808972,80.2773284,way/27618339
Stanley Medical College and Hospital,hospital,13.1063871,80.2841452,way/28345285
Sri Ramachandra Institute of Higher Education and Research,hospital,13.0410329,80.1425261,way/28493363
Tt Ranganathan Clinical Research Foundation,hospital,12.9923667,80.2550102,way/29046387
IMPCOPS Traditional Hospital,hospital,12.9930805,80.2572794,way/29046742
Egmore Eye Hospital,hospital,13.0702235,80.2599829,way/29116157
ESI Hospital,hospital,13.0950575,80.2397713,way/30973308
Government Hospital of Thoracic Medicine,hospital,12.9418907,80.1293774,way/31240956
"District Hospital, Eroda",hospital,11.3393048,77.717926,way/31469343
King's Institute of Preventive Medicine & Research,hospital,13.0143958,80.2172865,way/32686766
CT Scan Centre,hospital,11.409377,76.6999417,way/32743332
SivaShakthi hospital,hospital,11.4014668,76.7026364,way/32790741
Cantonment General Hospital,hospital,13.0095756,80.1950144,way/32896904
"Government Hospital, Poonamallee",hospital,13.0504416,80.099468,way/33630155
Communicable Diseases Hospital,hospital,13.1287163,80.2925206,way/34097016
புனித இஸ்பேல் மருத்துவமனை,hospital,13.0384509,80.2622475,way/35312695
Parvathy Hospital,hospital,12.946075,80.1367453,way/44034276
Chennai Krishna Hospital,hospital,12.9463677,80.1369815,way/44034282
Medical College Hospital,hospital,10.7583732,79.1044864,way/46505328
Stanley Medical College and Hospital,hospital,13.1042167,80.283195,way/47416302
ICF Hospital,hospital,13.0998913,80.2138748,way/48741356
Anna Nagar Government Hospital,hospital,13.0954447,80.2197148,way/48753841
"Deepam Hospital, Ramanathapuram",hospital,10.9965354,77.0039274,way/48846712
Government Raja Mirasdar Hospital,hospital,10.7844153,79.1362994,way/52061947
அப்பல்லோ சிறப்பு மருத்துவமனைகள்,hospital,9.9281121,78.1492466,way/54781710
Lotus Hospital,hospital,11.3259471,77.7302149,way/73242511
Sriperumpudur Government Hospital,hospital,12.9568015,79.9448713,way/84087718
Government Rajaji Hospital in Madurai,hospital,9.9271051,78.1301681,way/93467324
"அறிஞர் அண்ணா அரசு இந்திய,மருத்துவமனை,அரும்பாக்கம்,சென்னை-106",hospital,13.0772596,80.2187728,way/100857284
Christian Medical College Hospital,hospital,12.9249395,79.1358748,way/120272987
Govt Peripheral Hospital KK Nagar,hospital,13.034006,80.2078405,way/125180726
Ayurveda Hospital,hospital,12.9705162,80.2601162,way/131961841
Apollo Hospital,hospital,12.9630574,80.2457399,way/132073184
Kalpana Medical Centre,hospital,11.0469909,76.9477217,way/133035201
Ganga Hospital,hospital,11.026129,76.9524873,way/133072618
Sankara Eye Hospital,hospital,11.0558646,76.9977839,way/133736673
Meenakshi Hospital,hospital,11.2913595,76.9413024,way/133851136
Prashanth Hospitals,hospital,13.0695736,80.2363218,way/133862451
Sir Ivan Stedford Hospital,hospital,13.1253777,80.1438996,way/138307630
Dr. Arjun Hospital,hospital,10.9843661,76.930203,way/155623691
Udhi Eye Hospitals,hospital,13.0391602,80.2571596,way/156240637
Agarwal Eye Hospital,hospital,13.0460706,80.2557204,way/156250603
Aswene Soundarya Hospital,hospital,13.044707,80.256162,way/156250608
Global Hospitals,hospital,13.0098114,80.2515183,way/170104584
Padma Pharmacy,hospital,12.5227462,78.2191806,way/171245087
Government Rsrm Lying Hospital,hospital,13.1090673,80.288719,way/178747899
Sree Balaji Medical College And Hospital,hospital,12.9549137,80.1381689,way/180145742
Health Centre,hospital,13.0136347,80.2393232,way/181579506
Apollo Clinic & Pharmacy,hospital,13.0360972,80.2572646,way/188445646
Krishna hospital,hospital,11.7574846,79.7616353,way/189154731
"Government Hospital, Cuddalore",hospital,11.7565497,79.7592227,way/189154735
"Gem Hospital, Coimbatore",hospital,10.9996629,76.9953933,way/193354097
Irt Hospital,hospital,11.2803603,77.5644118,way/200567760
R S P Cardio Thoracic Research Centre,hospital,8.726044,77.7059661,way/204553710
"Lakshmi Hospitals, Tirunelveli",hospital,8.7419029,77.7135795,way/204555695
Trinity Acute Care,hospital,13.0385579,80.2578675,way/209413524
Sankara Nethralaya,hospital,13.0667961,80.2493986,way/209546207
Apollo Hospital,hospital,13.0631198,80.2515186,way/211260239
CSI Kalyani Hospital,hospital,13.0433307,80.2724017,way/211274279
EV Kalyani Hospital,hospital,13.0423476,80.2709401,way/211423255
Kasturibai Gandhi Hospital,hospital,13.0594053,80.2784271,way/211423281
Cancer Hospital,hospital,13.0090564,80.2484946,way/211900029
சைதாப்பேட்டை அரசு மருத்துவமனை,hospital,13.0204577,80.2240451,way/214188197
Natraj Doctor Hospital,hospital,11.0778856,77.8838909,way/215555679
ஆந்திர மாநில சபா,hospital,13.0176759,80.2598878,way/217726810
Mehta Hospital,hospital,13.0719905,80.2408853,way/217797428
Corporation Baby Hospital,hospital,13.0971804,80.2754276,way/217846762
C.S.I. Rainy Multi Speciality Hospital,hospital,13.1179059,80.2910031,way/217864765
Government Peripheral Hospital,hospital,13.1260276,80.2866925,way/217864797
ESI,hospital,13.1269596,80.2912215,way/217868140
Tamil Nadu Government Multi Super Speciality Hospital,hospital,13.0693752,80.2741496,way/217960574
Billroth Hospital,hospital,13.0273509,80.2567528,way/218149507
Fortis Malar Hospital,hospital,13.0101605,80.2585641,way/218163938
Gowri Nursing Home,hospital,12.9773885,80.1883328,way/220821765
Vasan Eye Care Hospital-Hosur,hospital,12.7414997,77.8187729,way/225571357
Vasan Dental Care,hospital,13.0920868,80.218563,way/231052536
Police Hospital,hospital,13.0744047,80.2592982,way/240472123
Kanchi Kamakoti Childs Trust Hospital,hospital,13.0573425,80.2458975,way/240501607
vims,hospital,11.5854239,78.0639188,way/242954798
SREC Health Center,hospital,11.1005451,76.9637445,node/247177822
Kalaignar Karunanidhi Nagar,hospital,13.0386493,80.2052158,node/248420920
Koyambedu,clinic,13.0720236,80.1980375,node/248559397
Kasimedu,hospital,13.122775,80.2960584,node/248560797
R.K.B. Hospitals,hospital,13.1235156,79.9118951,way/249316510
District Government Hospital - Tiruvallur,hospital,13.1273966,79.9108882,way/249317000
Dr Kumaraswami Health Centre,hospital,8.1123249,77.5338028,way/254606536
Govt Hospital,hospital,8.1176662,77.5278228,way/254607206
"Government Hospital, Agasteeswaram",hospital,8.0971212,77.5207253,way/254609326
Divya Hospital,hospital,13.2771647,80.261075,way/254986491
Amrit Hospital,hospital,13.0922007,80.2792912,node/258978416
Vikram Hospital,hospital,13.0985007,80.2796178,node/258978417
Chennai Corporation 24 Hours Maternity Hospital,hospital,13.0208732,80.2241344,way/262012749
City Tower Hospitals,hospital,13.08438,80.2160862,node/262452334
RMMCH - Raja Muthiah Medical College Hospital,hospital,11.3971459,79.7183691,way/267171373
Siluvathur PHC,hospital,10.3530399,78.0902637,way/272507681
Government Hospital,hospital,11.4085627,76.7002627,node/281903680
"Apollo Hospitals, Tondiarpet",hospital,13.1289367,80.2905623,node/289486820
K.H.M. Hospital,hospital,13.0844992,80.2130591,node/295544111
Sundaram Medical Foundation,hospital,13.08217,80.2069819,node/295552091
Sri Devi Speciality Hospial,hospital,13.0887983,80.1994692,node/295552092
Corporation Hospital,hospital,13.0336624,80.2572467,node/303590777
"Hindu Mission Health Services, Kanchipuram",hospital,12.9787682,80.1846471,node/308811614
Parvathy Nursing Home,hospital,11.4156645,76.7088458,node/309864918
Military Hospital,hospital,13.0194622,80.1972947,node/310015097
"Tamil Nadu Government Dental College & Hospital, Chennai",hospital,13.084889,80.2826483,node/310504820
Kilpauk Medical College,hospital,13.0785984,80.2433369,node/310732936
Hariharan Hospital,hospital,12.9847145,80.1905906,node/310909754
BM Hospital,hospital,12.9887616,80.1904116,node/310910945
K.F. Hospital,hospital,12.973463,80.1841397,node/311429396
Cancer Institute,hospital,13.0061338,80.239884,node/312000326
Sri Ramachandra Medical Centre and Hospital,hospital,13.0380979,80.1428047,node/313027868
Apollo Speciality Hospital - Block A,hospital,13.0336469,80.2451684,way/315499682
Apollo Speciality Hospital - Block B,hospital,13.0336169,80.2456392,way/315499747
Apollo Speciality Hospital - Block C,hospital,13.0339285,80.245666,way/315499965
Govt Maternity Hospital,hospital,13.0720996,80.2589871,node/320275820
Institute of Child Health,hospital,13.0735496,80.257025,node/320275824
Institute of Obstetrics and Gynaecology dd,hospital,13.0735431,80.2591463,node/320275839
Ellen Multispeciality Hospital,hospital,11.0213634,76.9708723,node/321420767
GP Hospital,hospital,11.0201233,76.9710726,node/321420772
Arunn Surgery,clinic,11.0110912,76.9671438,node/321420833
Chennai Clinical Centres,hospital,12.9941997,80.2516271,way/328706398
Saravana Dental Care Hospital,hospital,11.0028292,76.9513725,node/330069980
Senthil Hospital,hospital,11.0089752,76.9578034,node/330070075
Dr. S. G. Rajarathinam Hospital,hospital,11.0095256,76.9619316,node/330070077
Public Health Centre (In Patient Block),hospital,13.0359986,80.2218494,way/332525434
Public Health Centre (Out Patient Block),hospital,13.0363842,80.2219385,way/332525519
"K. G. Hospital, Coimbatore",hospital,11.0004227,76.9715023,node/337604253
Chitra Maternity andSurgival Centre,hospital,13.0234391,80.2229133,way/337923794
Bora Hospital,hospital,13.0223109,80.2222779,way/337929079
NLC General Hospital,hospital,11.621159,79.482489,way/338725613
Government Hospital,hospital,11.2168924,78.169068,way/342052679
Vasan,hospital,13.0217319,80.2257691,way/343141649
Sengaliappan Nursing Home,hospital,11.0165542,76.955239,node/343436821
SRM Hospital,hospital,13.0418111,80.2246322,way/350538223
DAE Hospital,hospital,12.5037319,80.159635,node/353073527
Guest Hospital,hospital,13.0772245,80.2387532,way/354243595
Frontier Lifeline Hospital,hospital,13.0875243,80.1857322,way/354278944
Essvee Hospital,hospital,13.1232317,80.1460602,way/354290251
Hande Medical Centre,hospital,13.0611783,80.2466206,way/354293689
Mahalakshmi Multi-Speciality Hospital,hospital,13.1227176,80.1468899,way/354452683
Kauvery Hospital,hospital,13.0474765,80.2041464,way/354460032
Iswarya Fertility Center,clinic,13.1217932,80.1482455,way/354467887
Balaji Hospital (P) Ltd,hospital,13.0074019,80.2060853,way/354540004
Sugam Hospitals,hospital,12.9617858,80.1467001,way/354562297
Chennai Medical Centre,hospital,13.0381039,80.1890642,way/354572408
Urban Primary Health Center,clinic,13.1179841,80.1544193,way/354769082
Child Clinic Dr Ashok Kumar,clinic,12.9723128,80.1284964,way/354791796
Chennai Fertility Center,hospital,13.0690367,80.2257614,way/354814307
J.V. Hospitals Llp,hospital,13.0505664,80.2299034,way/354839873
R.R Dental Hospital,hospital,13.0519005,80.2292607,way/354840226
JV Hospital,hospital,13.0505634,80.2297492,way/354840384
Viganesh Hospital,hospital,13.0308661,80.1717417,way/355052484
Chennai Heritage Hospital,hospital,13.0653715,80.2119909,way/355067576
Xcellent Care Hospital,hospital,12.9856288,80.2183869,way/355074781
Be Well Hospitals,hospital,13.0794481,80.1983283,way/355658593
HomeoCare International Hospital,hospital,12.924879,80.1126812,way/355954822
Kovai Medical Centre and Hospital,hospital,11.0426077,77.0406074,way/356877719
MN Eye Hospital,hospital,13.1229398,80.2875069,way/361224706
Chennai National Hospital,hospital,13.0963673,80.2914373,way/363930311
Diha Clinic,hospital,12.9809453,80.1871143,way/364356223
Nirmal Eye Hospital,hospital,12.929765,80.1161656,way/364483211
MIOT International,hospital,13.0211808,80.1858412,node/364650995
Athipathy Hospitals,hospital,12.976434,80.2221909,way/364721502
St. Thomas Hospital,hospital,13.0122733,80.196428,node/367795605
Govt Primary Health Centre,hospital,12.5274531,80.1631378,node/368307280
Health Centre,hospital,12.9695037,79.1546464,way/370765052
Dr.Kamakshi Memorial Hospital,hospital,12.9492371,80.2091585,way/371970672
Shivasundar Hospital,hospital,12.9977694,80.2574762,way/374048313
Venkataeswara Hospitals,hospital,13.0293624,80.2440921,node/375668400
Kamala Nehru Urban Primary Health Centre,hospital,10.3606804,77.973788,way/376181984
Coimbatore Medical College Hospital,hospital,10.9964129,76.9702365,way/377993519
St. Theresa Hospital,hospital,11.0252309,79.8530455,way/379742346
Coimbatore Diabetes Foundation,hospital,11.0344771,76.8765145,way/380074539
Rosemary Mission Hospitals,hospital,8.7237565,77.722212,way/382425891
Government Hospital,hospital,12.7289287,77.8253132,node/389493285
Government Dispensary,clinic,12.9608465,80.2564406,way/397271559
Government Primary Health Center,hospital,12.9550873,80.0432574,way/428432216
Government Medical College & Hospital,hospital,10.4101898,78.8481628,way/436757487
Govt Dispenssry and School,hospital,10.5927913,79.4163552,way/440730827
Ullikottai Government Hospital,hospital,10.5959657,79.4251891,way/440730828
Government Hospital,hospital,8.3399585,77.8667369,way/441776713
Sarswathi Hospital,hospital,12.9653846,80.2067733,node/442508332
Airforce Hospital,hospital,11.0056673,76.9860901,way/442528852
Government Sivagangai Medical College & Hospital,hospital,9.838807,78.4782631,way/442712696
Dr Muthulakshmi Reddy Government Hospital,hospital,10.3786929,78.8187008,way/444400318
Ranee Government Hospital,hospital,10.3873857,78.8196171,way/444728290
CMC Hospital,hospital,13.0380763,80.1889033,way/451681464
ESIS- Employes State Insurance Scheme,hospital,10.7957301,78.6784108,way/455766713
Dakshin Hospital,hospital,11.4546301,77.445905,way/456518582
Government Hospital,hospital,11.4565126,77.4288768,way/456518583
Seetha Lakshmi Hospital,hospital,11.4474948,77.4341288,way/456519317
Apollo Clinic & Pharmacy,hospital,13.05244,80.2041657,node/459635161
Vijaya Heart Centre,hospital,13.0483819,80.2070144,node/459648701
corporation hospital,hospital,12.9846941,80.2573424,way/462740006
Anurag Hospital,hospital,11.006956,77.011889,way/464308337
Annai Arul Hospital,hospital,12.9207052,80.0880949,way/469672997
Govt Hospital,hospital,12.5185717,77.7938205,way/478202554
"Government Hospital, Gudiyatham",hospital,12.9451411,78.8703994,way/485799111
Rajam Medical Centre & Hospital,hospital,10.9487627,76.9776849,way/497317279
Sri Balaji Hospitals,hospital,10.953798,76.9736085,way/497317281
Abinand Hospital,hospital,10.954295,76.9731819,way/497318359
FIMS Hospitals | Best Multispeciality Hospital In Sonipat,hospital,10.957909,76.9724703,way/497318360
NRP Hospitals,hospital,10.9581915,76.9710523,way/497318366
Seetharam Hospital,hospital,10.9868836,76.9335496,way/497325630
Snekaram Hospital,hospital,10.9873439,76.9357994,way/497325631
Medicine Point,hospital,10.9681553,76.9785734,way/498985099
Coimbatore Child Trust Hospital,hospital,10.9978875,77.0170667,way/498988417
Sri Ramakrishna Hospital,hospital,11.0236015,76.976512,way/506409030
PAMC Hospital (Pandian Advanced Medical Centre),hospital,9.9267975,78.1420027,node/518947889
Aravind Eye Hospitals,hospital,9.9212003,78.1398805,node/518991792
Government Vetinary Hospital,hospital,9.9317265,78.1401058,node/519011232
Government Hospital,hospital,10.2512627,78.8135488,node/523575229
B.M.Orthopaedic Hospital,hospital,13.1181104,80.1499411,node/540658116
M.S.R Hospital,hospital,9.5090381,78.0910385,way/540998819
Government Hospital,hospital,10.8957214,79.1896963,way/541360874
Selvam Nursing Home,clinic,9.5100742,78.090819,way/542424005
Meera Hospital,hospital,9.514331,78.0943064,way/543514251
Manuel Ortho Hospital,hospital,8.2034428,77.4549952,way/547144284
கன்னியாகுமரி அரசு மருத்துவக் கல்லூரி மருத்துவமனை,hospital,8.1730323,77.3938912,way/551805512
Malar Hospital,hospital,10.7543147,78.6959251,way/566961520
Saranya Ayurveda Hospital,hospital,10.8733334,76.8784217,way/580417858
skandan nursing home,hospital,12.9447938,80.1405596,node/591555028
"Vasan Eye Care Hospital, Vadapalani",hospital,13.0495316,80.211027,node/595706154
JJ Hospital,hospital,13.0571293,80.1942138,node/597590621
Government Hospital,hospital,10.3416851,79.3835816,way/609984397
Dr. Haja Mohideen Clinic,clinic,10.3409204,79.3838558,way/611790523
Shifa Hospital,hospital,10.3488584,79.3787104,way/630276098
St. Marys Hospital,hospital,10.9625619,76.9865689,way/640746755
Ramanathan Hospital,hospital,10.7729537,79.1331354,node/644657108
NM Hospital Pvt Ltd,hospital,10.7698343,79.1324475,way/649323013
Global Ortho & Trauma Hospital,hospital,11.0108233,76.9661375,way/651641257
Sudar Hospital,hospital,10.7806464,79.1465695,way/654137406
"S.B. Hospital Urology, Nephrology & Fertility Research Centre",hospital,10.7755458,79.1254,node/658439838
Government Hospital,hospital,11.005636,77.5601252,way/663431516
J K Hospital,hospital,11.0042298,77.5603345,way/663481367
AVM Medical Centre,hospital,10.7876968,79.1384135,node/665697740
KRA Hospital,hospital,10.7869754,79.1397985,node/670883889
Sundakamuthur Government Hospital,hospital,10.9559428,76.9241442,way/676200805
GMC & ESI Hospitals,hospital,11.0087369,77.0227178,way/678830304
"Dr.Sengaliappan Nursing Home, Coimbatore",hospital,11.0272375,76.9501348,way/686744601
Neomed Hospital,hospital,9.9291508,78.148482,node/690029213
Senthil Dental Clinic,clinic,11.0054794,77.5638863,way/690506413
Raja Children's Hospital,hospital,11.0060531,77.5639063,way/690506416
KMCH Hospital,hospital,11.2788797,77.5848796,node/725272765
Vellamal Medical College Hospital,hospital,9.8871218,78.1504152,way/726142747
Government Hospiral,hospital,10.0638576,78.7771791,way/730818941
"Government Hospital, Virudhunagar",hospital,9.5881971,77.9619826,way/735439363
Raghavendhar Hospital,hospital,9.9160475,78.1396661,way/738396085
"Sri Lakshmi Hospital, Madurai",hospital,9.935446,78.0966413,way/738450855
"Sri Ramakrishna Hospital, Coimbatore",hospital,11.0231718,76.9776867,way/738467952
Anbu Hospital - Madurai,hospital,9.9102022,78.1512214,way/738492941
Grace Kennet Foundation Hospital,hospital,9.9171842,78.1084193,way/739709426
N M Hospital,hospital,10.9981109,76.9994702,way/739720633
"Avss Hospitals, Advanced Trauma Center",hospital,9.9173912,78.1392419,way/739746309
G.V Hospital,hospital,9.9364743,78.088976,way/739750337
Hannah Joseph Hospital,hospital,9.93029,78.1485503,way/739778259
Dr.Agarwal's Eye Hospital,hospital,9.9355156,78.1016791,way/740043955
Kovai Diabetes Speciality Centre and Hospital,hospital,11.0159446,76.961461,way/740151967
Jebam Hospital,hospital,9.928658,78.0976834,way/740211053
Janet Hospitals,hospital,9.9293983,78.0996996,way/740570228
Sri E N T Hospital,hospital,9.9314411,78.0967263,way/740623869
M. V. Eye Care Centre,hospital,11.0128979,76.962954,way/740646248
அருண் மருத்துவமனை,hospital,9.9210315,78.1257621,way/740649101
Madurai Kidney Centre and Transplantation Research Institute,hospital,9.9273296,78.147742,way/740870093
Sugapriya Hospital,hospital,9.9305699,78.149045,way/740881961
Rajalakshmi E.N.T Nursing Home,clinic,9.9087266,78.1466207,way/740881977
Dr N S Palaniappan Nursing Home,hospital,11.0078696,76.9662789,way/740883509
Seesha Karunya Community Hospital,hospital,11.0160493,76.9594132,way/740884933
Aditya Speciality Hospital,hospital,9.8803973,78.060952,way/740914576
Selvam Hospital,hospital,9.9203861,78.1242439,way/740915700
"Srinivasa Hospital, Madurai",hospital,9.9324151,78.0956963,way/741001817
"Ganga Medical Centre and Hospitals Pvt. Ltd ,Ramnagar",hospital,11.0158471,76.9595292,way/741020155
Kumaran Medical Center-Multispeciality Hospital,hospital,11.10729,77.0238004,way/750002368
Gleneagles Global Heath City,hospital,12.8981219,80.2061579,way/765605778
விஜய் நர்சிங் ஹோம்,clinic,9.9154219,78.1418639,way/769386230
Vijaya Nursing Home,clinic,9.4475302,77.8000552,way/777208785
"Government Hospital, Rameswaram",hospital,9.2827675,79.3121725,way/777208893
G.K.F Hospital,hospital,9.9174405,78.1082483,way/777212649
Prasanna Kumaran Hospital,hospital,9.9246766,78.0939193,way/777212659
G.S. Hospital,hospital,9.9091751,78.1533525,way/777212669
Bagavathy Hospital,hospital,9.917626,78.1293466,way/777212678
Devaki Cancer and Research Institute,hospital,9.9282848,78.098568,way/777212703
Vijayaraj Speciality Hospital,hospital,9.9332819,78.0925948,way/777212723
Annai Hospital,hospital,9.9255431,78.0903292,way/777212736
Keerthi Hospital,hospital,9.9260909,78.0937642,way/777212751
KGM Hospital,hospital,10.6701445,77.0075175,way/777217560
T.M.Palayam PHC,hospital,10.8800121,76.9247754,way/777636349
"Govt.Community Health Center, melattur",hospital,10.8581073,79.2411464,way/777636438
"Jeevan Clinic and Hospital, Coimbatore",hospital,11.0199095,76.9670503,way/777638186
Coimbatore Corporation Maternity Centre,hospital,11.0068131,76.9669045,way/777638193
Govt Rajaji Hospital Emergency Ward,hospital,9.9250034,78.1374473,way/781364732
Rajas Dental College & Hospital,hospital,8.2744827,77.564909,way/799844416
Bala Hospital,hospital,10.9969296,76.995705,node/803091648
Swami Dayananda Jayavarthanavelu Rural & Tribal Hospital,hospital,11.107894,76.7675719,way/806110417
Sathyamangalam Government Hospital,hospital,11.5016489,77.2582814,way/823591855
Thoothukudi Government Medical College Hospital,hospital,8.7981499,78.1360638,way/823674460
"Government Medical College Hospital, Dindigul",hospital,10.3644811,77.9764388,way/823693689
"Government Hospital, Edapadi",hospital,11.5848264,77.8380174,way/823992701
"Government Hospital, Vikravandi",hospital,12.0393468,79.5501915,way/824054776
Thiruvalangadu Government Hospital,hospital,13.1314458,79.7805664,way/830928050
"Kongunad Hospital, Coimbatore",hospital,11.018058,76.9604883,node/832779637
Sheela Clinic,hospital,11.01843,76.9604642,node/832779865
Lung Zone,clinic,9.9384255,78.0984798,way/840210197
Thiraviyam Pillai Hospital,hospital,9.9088254,78.1195421,way/840228903
Aiswarya Clinic,hospital,11.0228396,76.9655596,way/840630245
Nithya Hospital,hospital,11.0210653,76.9665454,way/840630290
Csi Hospital,hospital,8.2112434,77.3026023,way/850565299
vasu medical,hospital,10.9638208,78.0530404,way/868656912
bhawa medical,hospital,10.9589205,78.0761443,way/868657749
Amra Skin Care,clinic,9.9383827,78.0986012,way/870644947
Tiruvottiyur Government Hospital,hospital,13.1576042,80.3012556,way/907941478
Appasamy Hospital,hospital,13.0750445,80.2151198,node/941471945
Appasamy Hospital,hospital,13.073239,80.2148826,node/941611681
Appolo Clinic,hospital,13.0892073,80.2178866,node/941621037
Government District Headquarters Hospital,hospital,10.1038513,78.7611232,way/973594539
"Sankara Eye Hospital, Kanchipuram",hospital,12.965059,80.128212,node/983957837
Government Siddha hospital,hospital,10.3618726,77.9869216,way/984800712
Mariyanathapuram PHC,hospital,10.34989,77.9860667,way/984800718
Mahatma Gandhi Memorial Government Hospital,hospital,10.8116543,78.6773859,way/989173710
Dhanalakshmi Srinivasan Medical College & Hospital,hospital,11.1975968,78.8727861,way/1000546403
Srm Speciality Hospital,hospital,13.0331325,80.1810857,node/1015571498
SRM Dental Hospital,hospital,13.0321291,80.1801201,node/1015571601
St Thomas Hospital and Leprosy Center,hospital,12.4653712,79.3362437,way/1016784831
Adhiparasakthi Hospital & Research Institute,hospital,12.4324395,79.8121125,way/1017039643
Melmaruvathur Adhiparasakthi Institute of Mediccal Science and Research,hospital,12.4345286,79.8132492,way/1017039645
Melmaruvathur Adhiparasakthi Institute of Medical Sciences and Research,hospital,12.4339441,79.8279342,way/1017039653
"Government Hospital, Tiruchendur",hospital,8.4992244,78.1185933,way/1025084391
Chengalpattu Medical College Hospital,hospital,12.675914,79.9807155,way/1026902286
"Surya Hospital, Coimbatore",hospital,11.0390101,76.979517,node/1039493036
Fair Pharma,hospital,10.8927566,76.9246984,node/1051328350
Vasan eye Care Hospital,hospital,10.9560967,76.9540004,node/1051328428
Sri Annai ENT Clinic,clinic,8.6987366,77.728523,way/1064288887
Pulicat Government Hospital,hospital,13.4191684,80.3177332,way/1075113443
Central Hospital For Beedi Workers,hospital,8.7363595,77.5184584,way/1078660039
"Government Hospital, Thiruvaiyaru",hospital,10.8839771,79.1096534,way/1078863152
Vadamalayan Hospitals,hospital,10.3807739,77.9689927,way/1079171506
KHM Medical Centre,clinic,13.0914517,80.2889213,way/1089785795
Government Siddha Medical College and Hospital,hospital,8.7246574,77.7326837,way/1092912286
Chennai National Hospital Speciality Clinics,hospital,13.094813,80.2914574,way/1104433136
Govt Hospital Mettur,hospital,11.7959119,77.7987959,way/1109200919
SA Hospital,hospital,13.0991366,80.2868807,way/1110191307
Aakash Fertility Centre & Hospital,hospital,13.0554597,80.2118365,node/1127285905
Rajakkamangalam PHC,hospital,8.1158029,77.3803867,way/1130840278
Annai Velankanni Hospital,hospital,8.1678139,77.4198988,way/1150601275
Rajan Eye Care Hospital,hospital,13.0508335,80.2434416,node/1152858038
Vels Medical College and Hospital,hospital,13.2675711,80.122826,way/1154910967
Prashanth Superspeciality Hospital Kolathur,hospital,13.1400478,80.2176872,way/1155182281
Dr. V. Ramakrishnan Clinic,clinic,11.0086635,77.081108,way/1159633730
Hamsa Nursing Home,clinic,12.9556505,79.3050558,way/1166185998
Government Primary Healthcare Centre,hospital,12.9916638,79.2547376,way/1169319670
Kadambathur Government Hospital,hospital,13.0993485,79.8591936,way/1172617297
Shaarave Hospital,hospital,13.0983937,80.2798773,way/1176875169
Mother Diagnostic Centre,clinic,13.1030164,80.2843951,way/1180441173
The Arya Vysya Meternity Home and Child Welfare Centre,hospital,13.0910905,80.2813876,way/1180926082
Avadi Hospital,hospital,13.1174941,80.1008132,node/1185699253
Attupakkam Government Hospital,hospital,12.9900752,79.661437,way/1197979254
"Government Hospital, Kodaikanal",hospital,10.2371081,77.4923497,way/1206221441
Van Allen Hospital,hospital,10.2318383,77.4939711,way/1207079216
"UPHC, Kodaikanal",hospital,10.2402835,77.5023222,way/1207201554
Chellaih Clinic,clinic,8.748685,78.1285346,way/1226697659
Vihas Hospital,hospital,10.8190868,78.6777472,way/1226763699
Aishwarya Clinic,clinic,10.8018152,78.6954892,way/1229049984
Varshini Hospitals,hospital,10.7691144,78.684288,way/1231163695
Gandhiji Iyarkai Maruthuva Manai,clinic,8.7260639,77.6613131,way/1232607314
"KGM, Chinniampalayam",hospital,11.0570076,77.067239,way/1234645168
Cherish Hospital,hospital,13.1297067,80.1309846,way/1234813078
Dr. Nathaji Nursing Home,hospital,12.8302996,79.7031901,node/1238733084
Krishna Nursing Home,hospital,11.0153062,76.9595053,way/1240248192
Mint Hospital,hospital,13.100229,80.2837595,way/1241298308
NSR Cancer Centre,clinic,11.0121496,76.9862308,way/1249640585
Lenin Ortho Clinic,clinic,11.0069398,77.0272274,way/1252960262
AB Child Care Hospital,hospital,11.0006913,77.028744,way/1252960440
Jhayakhar Clinic,clinic,11.0070941,77.0257616,way/1252960651
Martin Homoeopathy,hospital,11.0051006,77.027114,way/1252961263
Happy Kids Clinic,clinic,11.0061278,77.0254131,way/1252961373
Vinitha Multi Speciality Hospital,hospital,13.0544844,80.2453874,way/1264854948
Dr. Mehta's Hospitals - Global Campus,hospital,13.0617739,80.1356616,way/1289802426
Punarnava Ayurveda,hospital,10.9830163,76.9995841,way/1311199045
Government child birth Hospital,hospital,13.0765495,80.2245565,way/1314584114
sree dhanalakshmi family clinic,hospital,13.0583046,80.211745,node/1315895438
Thanjavur Medical College Hospital,hospital,10.7589345,79.1071428,way/1317057363
"Government Hospital, Kanniyakumari",hospital,8.0834769,77.5474128,way/1330717988
Government Primary Health Centre,hospital,12.7912032,80.0329076,way/1358386128
Chennai Urology & Robotics Institute,hospital,12.9520249,80.2412332,way/1373636356
Govt. Kilpauk Hospital,hospital,13.0766394,80.2430155,way/1410036059
Lotus Hospital,hospital,11.3266236,77.7306301,node/1415471983
PSG Hospitals,hospital,11.0188398,77.0073136,node/1423948022
K T V R Group Hospital,hospital,11.026167,76.9499384,node/1425221969
Gynmc PG Block,hospital,13.0769748,80.2174878,way/1428318904
S.V. Medical Centre,hospital,10.8323198,77.0180671,way/1443872548
Bhadra Homeo,hospital,12.9663879,80.2474724,node/1446415367
ESI Hospital,hospital,10.6744449,77.0061917,way/1447982783
Coimbatore Bone and Joint Foundation (P) Ltd.,hospital,11.0149404,76.9543844,node/1464278789
Deiva Hospital,hospital,10.7746145,79.1231818,node/1464829643
"Womens Medical Centre, Coimbatore",hospital,11.0337824,76.9517175,node/1466917439
Jayagopal Clinic,clinic,12.2557389,79.4185164,way/1467513926
Masonic Medical Centre For Children,hospital,10.9997961,76.9799441,node/1467928839
Somu medicals,hospital,11.0264568,76.9448591,node/1468079158
Akila Medicals,hospital,11.0265516,76.9443924,node/1468079184
Dr.U.S.Prakash's Clinic,hospital,11.0256249,76.9372845,node/1468079553
KG Eye Hospital,hospital,11.0825506,76.997422,node/1469101395
"Shree Siva Hospital, Ganapathy,",hospital,11.0441103,76.9856071,node/1469149130
Mettupalayam GH,hospital,11.3047109,76.9364387,node/1470789493
Balasubramaniam Vengudi Hospital,hospital,12.8307101,79.7035972,node/1470793341
"Sakthi Nursing Home, Mettupalayam",clinic,11.2995543,76.930829,node/1470820491
Hindustan Hospital,hospital,11.2816017,76.9462511,node/1470835849
K.R. Hospital,hospital,11.1564875,76.944041,node/1470942537
Kalpaviruksha Ayurvedic Hospital,hospital,11.1293552,76.9351656,node/1470953869
Sai Shraddha Hospitality,hospital,11.0254581,76.9726262,node/1472192499
Vega ENT Hospitals,hospital,11.0144183,76.9437894,node/1472211318
Sitalakshmi Hospital,hospital,11.0142906,76.9449521,node/1472211741
Manonmani Hospital,hospital,11.0147975,76.9475002,node/1472212062
Balaji Nursing Home,clinic,11.0148238,76.9487649,node/1472212557
Preetam's Cardio Care,hospital,11.0152003,76.9498136,node/1472215145
Kumaran Clinic,clinic,11.0152582,76.9519379,node/1472215560
Rasi Hospital,hospital,11.0097731,76.9503293,node/1472230522
Amma Hospital,hospital,13.0626045,80.2305209,node/1472969165
Immanuel Eye Hospital,hospital,11.3022381,76.9400735,node/1473262765
City Hospital,hospital,11.0193391,76.9635166,node/1473802712
Bethel Hospital,hospital,11.0190021,76.962084,node/1473802741
Arasu Medicals,hospital,11.010593,76.950234,node/1473830522
The Eye Foundaton,hospital,11.0134549,76.9496753,node/1473830523
Right Hospitals,hospital,13.0787952,80.2405731,node/1474055555
Moses Eye Hospital,hospital,10.9943793,76.9664663,node/1474413414
Thayarammal poly clinic,hospital,10.9935069,76.9756194,node/1474451371
Vasan Eye Care Hospital,hospital,11.0124743,76.9862396,node/1474518445
Coimbatore Kidney Centre,hospital,11.009415,76.9893791,node/1474518448
Clinic - Dr.Rajashree,hospital,10.9978977,76.9893923,node/1474872830
K. J. Hospital,hospital,10.9414068,76.9369908,node/1474923291
Health Center & EDC,hospital,11.0327607,77.0354641,way/1481158131
The Christian Mission Hospital,hospital,9.9159259,78.1260028,way/1484716273
Krishna Gastro and Women Care Hospital,hospital,9.9165638,78.1486629,way/1484716300
Sethu Sarada Hospital,hospital,9.920949,78.1477754,way/1484716305
Bragathi Hospital,hospital,11.0215972,76.9770891,way/1487718752
Government Medical College - Dindigul,hospital,10.3329349,77.9827453,way/1499843852
Government Hospital,hospital,11.0830086,77.3640831,way/1513914984
Kathir Eye Hospital,hospital,11.3658972,77.8878358,way/1522268832
Heart care Hospital - Dr. Balaji,hospital,11.0142508,77.0044787,way/1528969449
Sarvam Institute of ENT & Research,hospital,10.998825,76.9996666,way/1528973359
Dr. Agarwal's Eye Hospital - Ambattur,hospital,13.1218701,80.1472701,way/1533501161
Mother's Speciality Hospital,hospital,13.1210134,80.14985,way/1533546775
Mother's Hospital - General & Laparoscopic center,hospital,13.1209479,80.1495211,way/1533546776
Swathi Fertility Centre,clinic,13.1238452,80.1497316,way/1533550991
Rakki Hospital,hospital,13.1216415,80.1512869,way/1533595574
BHEL Hospital,hospital,10.7793723,78.797625,way/1535747115
Apollo Clinic,clinic,12.9235722,80.1259827,way/1536405671
MMC Government Hospital,hospital,13.1635612,80.2438376,way/1540976874
Kauvery Hospitals,hospital,12.9480968,80.1895707,way/1546917949
KVS Hospital,hospital,12.2295368,79.0647555,way/1553492434
"Urban Primary Health Center, Varadharajapuram",clinic,13.1126422,80.1534067,way/1555049082
Rajans Hospital (P) Ltd.,hospital,9.3621517,78.8344145,node/1560450301
Vasan Eye Care Hospital,hospital,13.0015307,80.2552541,node/1560720462
Ashwini Eye Care,hospital,13.1187083,80.1572422,node/1621246558
Government Hospital,hospital,11.3608508,77.747453,node/1668205465
A D J Hospital,hospital,8.3354591,77.8640852,node/1685476652
Jerry Hospital,hospital,8.336738,77.864386,node/1689961963
Auroville Health Center,hospital,11.9870653,79.8342576,node/1690133289
"Assured Best Care Hospital (P) Ltd., ( Abc Hospital)",hospital,10.8308335,78.6848076,node/1719289076
"Government Hospital, Kilakarai",hospital,9.2346623,78.7860322,node/1769185797
St. Lukes Hospital,hospital,8.5584834,77.9701379,node/1769456753
"Sri Kumaran Hospital, Tiruppur",hospital,11.1307528,77.3412468,node/1775980979
Prime Care Nursing Home,hospital,12.9799192,80.2044922,node/1789987574
Government Hospital,hospital,12.3048002,78.2060881,node/1803671351
ESI Hospital,hospital,11.1196849,77.3492741,node/1813679504
St.Louis Hospital,hospital,12.5252135,78.2149263,node/1822734259
Government Hospital,hospital,12.5246441,78.2199165,node/1822761425
ACS Medical College And Hospital,hospital,13.0575206,80.127824,node/1833926660
Shri Sathya Sai Medical College & Research Institute,hospital,12.7415557,80.1328466,node/1840033463
Ashwin Hospital,hospital,11.0241826,76.9731186,node/1913565236
Apollo Free Emergency Clinic,hospital,13.0677233,80.2050055,node/1948616260
Agarwal Hospital,hospital,13.0385656,80.2165845,node/1955943159
Senthil Nursing Home,hospital,13.0849671,80.2004752,node/1957903721
I K Hospital,hospital,13.0868667,80.1991661,node/1957904106
Senthil Nursing Home,hospital,11.4395054,77.6957293,node/1974081508
Govt hospital,hospital,11.4432595,77.6941951,node/1974110126
B.P. Jain Hospital (Sri Sankara Health Centre),hospital,12.9730642,80.1339663,node/1979247767
Ortho clinic,hospital,12.9800456,80.2286587,node/1993266486
Goverment Hospital Kedar,hospital,12.0096083,79.4098555,node/2039957464
Malar Hospital,hospital,11.7727133,79.554121,node/2052205261
JK Hospital,hospital,13.0358564,80.1644897,node/2072479943
Maruthi Medical Centre(Mmch Hospital),hospital,11.3384018,77.7130616,node/2085737135
"Kovai Medical Centre And Hospital, Perundurai",hospital,11.3381361,77.7139593,node/2085737398
Senthil Multispeciality Hospital,hospital,11.338983,77.7138529,node/2085737476
Goverment Hospital,hospital,11.156647,78.0213586,node/2104589916
R.P Hospital,hospital,11.2417652,77.5037061,node/2105394908
SP Hospital,hospital,12.9933638,80.2009134,node/2120763195
Fourtts India Laboratories,hospital,12.9321684,80.2337388,node/2124734395
Chettinadu Hospital & Research Institute,hospital,12.7960843,80.2155228,node/2125931950
Rotary Central Margaret Sidney Hospital,hospital,12.9837958,80.1932105,node/2126461371
Sri Chakra Hospital,hospital,12.9786524,80.1850278,node/2145405955
Frontline Hospital and Research Institute,hospital,10.8340169,78.6947328,node/2152463908
RA Usha's clinic,clinic,12.918328,80.187629,node/2162769565
SV clinic,clinic,12.917927,80.187478,node/2162770047
SV Lab,clinic,12.917897,80.187416,node/2162771723
V-Care Clinic,clinic,12.917246,80.1873,node/2162771900
KK clinic,clinic,12.886344,80.188974,node/2163785044
Sinduja Hospital,hospital,10.6039899,78.4168494,node/2192009389
Rajan Hospital,hospital,12.8928496,80.1835976,node/2210056220
Maruti Hospital,hospital,10.8100113,78.6804341,node/2212492352
Dr. Janardhanan Multispeciality Dental Clinic,hospital,12.9842586,80.1886083,node/2253361647
Rajan hospital,hospital,8.3362544,77.8658684,node/2262767875
Govt hospital (siddha only),hospital,8.3386085,77.8672828,node/2262767900
Dr Venugopals' Sundaram Clini,hospital,13.076782,80.268345,node/2296731456
Dr Kabir's Clinic,hospital,13.0768734,80.2678381,node/2296731781
Dr Sridhars'Clinic,hospital,13.0764345,80.2672427,node/2296732187
The Eye Foundation,hospital,11.3031429,76.9359938,node/2320548617
Suradeep Hospital,hospital,12.6178199,80.1950156,node/2334799039
Kuzhanthai Sanjeevi Hospital,hospital,8.1749614,77.4271723,node/2363078212
Dr. Gopalapillai Jawahar Hospital,hospital,8.1765816,77.4273533,node/2364135060
Dr. Suresh Skin Clinic,clinic,8.1765018,77.4270541,node/2364135061
Kottar Government Hospital,hospital,8.1782741,77.4362511,node/2364874919
Life Care Hospital,hospital,8.1735067,77.4275679,node/2364874921
SP Scan Centre,hospital,8.1823899,77.415691,node/2365395931
Muthunayagam Hospital,hospital,8.1801549,77.4201531,node/2370307059
Dr. Jayaharan Memorial Hospital,hospital,8.1828595,77.4293245,node/2371807803
Health Center,clinic,11.9710373,79.8417209,node/2376643531
Blind Society Eye Hospital,hospital,11.4110035,76.7107837,node/2376659470
Preethi Hospital,hospital,9.947238,78.157954,node/2390492643
Meenakshi Mission Hospital,hospital,9.9484837,78.1625426,node/2390495901
Dr. Agarwal's Eye Hospital,hospital,8.7221036,77.7219204,node/2394940227
AnnaMalai Hospital,hospital,9.3106751,77.5486151,node/2436236562
NMS Hospital,hospital,9.3118398,77.5487224,node/2436236566
Sri Vaiyapuri Hospital,hospital,9.3117103,77.5519108,node/2436248978
"Government Hospital, Villupuram",hospital,11.9415377,79.4861469,node/2441739262
Hari Hospital,hospital,11.9396748,79.4863993,node/2441744044
"Goverment medical college & hospital, Villupuram",hospital,11.9933796,79.5174212,node/2444656038
"Government Hospital, Aruppukottai",hospital,9.5026116,78.0971038,node/2445730843
Virudhunagar Government Hospital ICU Unit,hospital,9.5895875,77.9618521,node/2445757043
Senthikumara Nadar Government Hospital,hospital,9.5903105,77.9613532,node/2445761284
Thiruvengdam Hospital,hospital,9.5893535,77.9601061,node/2445763361
Kamarajar Hospital,hospital,9.5880809,77.952964,node/2445784621
Government hospital,hospital,9.8404485,78.4855684,node/2447122971
Aravindan Hospital,hospital,11.1334592,77.0340488,node/2465106156
Vepery Hospital,hospital,13.0921812,80.2594411,node/2485567524
Suriya Hospital,hospital,12.2524953,79.415757,node/2510264839
Aravinda Institute of Paramedical Sciences,hospital,11.9398236,79.4873857,node/2515197162
Koti Orthopaedic And Trauma Care Speciality Hospital,hospital,11.9395743,79.4873669,node/2515199509
Vasan Eye care,hospital,12.9658002,80.191882,node/2517035814
Al-Aman Hospital,hospital,10.7114837,79.5163253,node/2535106964
Koothanallur Government Hospital,hospital,10.7139161,79.5158723,node/2536084769
GM Clinic,hospital,10.7133628,79.5170871,node/2546803452
"GK X-Rays, ECG, & Computer Lab",hospital,10.7133637,79.515919,node/2548628306
Government Veterinary Hospital,hospital,10.7114932,79.5108311,node/2548738044
Jaws Dental Foundation,hospital,13.0929667,80.2236256,node/2559180846
Chennai Skin Foundation,hospital,13.0205681,80.2594702,node/2587530810
AVR Pillai Hospital,hospital,8.1736296,77.4024005,node/2594120260
Earl Hospital,hospital,8.174033,77.4028974,node/2594120285
Joe Hospital,hospital,8.1889919,77.4008206,node/2594120307
Joseph Daisy Hospital,hospital,8.1793516,77.4330949,node/2602930279
Ravi Scans,clinic,8.1792183,77.4306682,node/2602930280
Venkata rathnam Hospital,hospital,13.2772938,80.2598649,node/2607437437
Government Hospital,hospital,12.2518509,79.4194149,node/2660625911
P.R.G Hospital,hospital,12.2527557,79.4137576,node/2660640354
Vishnu,clinic,12.2525644,79.4152903,node/2663407740
Sukrthi Nursing Home,hospital,12.9710287,80.2082964,node/2669702938
24 Hours Hospital,clinic,13.024235,80.2231706,node/2676678607
Gunam Super Speciality Hospital,hospital,12.7295695,77.8246469,node/2696699678
Little Flower Hospital,hospital,8.1726916,77.4258034,node/2701127499
A.N.N Hospital,hospital,13.0405941,80.1784622,node/2794348661
Appolo Speciality Hospital Vanagram,hospital,13.0705042,80.150612,node/2966142809
paranji Govt Hospital,hospital,13.0995425,79.5324922,node/2976876418
Karpaga Vinayaga Institute Of Medical Sciences,hospital,12.5921821,79.9129801,node/3082849503
Government Hospital,hospital,11.4904249,79.7571365,node/3103247014
Kauvery Hospital,hospital,13.0381705,80.2573008,node/3118864398
Kartheek Nursing Home,clinic,8.7041101,77.7386166,node/3154694818
Dr Mohan's Diabetes Hospital,hospital,12.9255743,80.1281333,node/3157617785
Anandham Nursing Home,clinic,11.4917687,79.7569953,node/3158504456
Arya Vaidya Pharmacy,hospital,10.995609,76.9917076,node/3204361323
Muna(MGMC & RI) Hospital,clinic,11.4985142,79.758476,node/3339264978
Velachery SABA Hospital,hospital,12.9862735,80.2298924,node/3372786283
Dr. Reddi's Poly Clinic,clinic,13.022387,80.2230108,node/3397750866
Sugam Poly Clinic,clinic,13.0248543,80.2208806,node/3453302329
24 Hours Health care centre,clinic,13.0248243,80.2203784,node/3453328189
Ulagamathi Hospital,hospital,11.6144939,79.5496561,node/3458596971
BHEL Hospital,hospital,12.9715563,79.2923427,node/3480870619
Thirunavukarasu Hospital,hospital,11.0604732,78.1382707,node/3484885543
Sri Malar Hospital,hospital,11.063636,78.139887,node/3490944209
Maharaja Speciality Hospital,hospital,11.210755,78.166997,node/3490959722
"R.K. Hospital, Namakkal",hospital,11.2143252,78.1678846,node/3490959723
Chellam Hospitals,hospital,11.2153614,78.1684456,node/3490980498
Deepthi Hospital,hospital,11.2152757,78.1680221,node/3490980499
Sabari Childrens Hospital,hospital,11.2151465,78.1680375,node/3490980501
Manoharan Hospital,hospital,11.218016,78.171629,node/3490992393
Nirmala Hospital,hospital,11.2179361,78.1665001,node/3490992394
Saravana Hospital,hospital,11.216652,78.171298,node/3490992395
"Vairam Hospital,Namakkal",hospital,11.217603,78.153269,node/3490992396
Aravinth Hospital,hospital,11.2233336,78.1672805,node/3491011539
Aruthra Hospital,hospital,11.2264666,78.1631524,node/3491011540
Ilamurugan Hospital,hospital,11.2248399,78.166586,node/3491011541
Annai Eye Hospital,hospital,11.2241645,78.1641366,node/3491021005
Bharathi Hospital,hospital,11.2342127,78.1659819,node/3491021006
"Maruthi Hospital, Namakkal",hospital,11.2456461,78.1655518,node/3491021007
Nila Hospital,hospital,11.2453699,78.1658075,node/3491021008
Balaji Hospital,hospital,11.2439036,78.1666504,node/3491021009
Our Lady Of Health Hospital,hospital,10.7712003,79.1365736,node/3544012135
Chellam Hospital,hospital,12.9012946,80.1583761,node/3664004950
Dr Rama Krishian,clinic,10.7415239,79.5050132,node/3676516034
"Sri Meenakshi Nursing Home, Chennai",clinic,13.041711,80.2285827,node/3680482049
Kaya Skin clinic,hospital,12.9767775,80.2223505,node/3687711447
Kotagiri Medical Fellowship Hospital,hospital,11.4348162,76.859762,node/3696223358
Madras Medical Mission Hospital - Institute of Cardio Vascular Diseases,hospital,13.0859961,80.1870589,node/3702797921
Gudalur Adivasi Hospital,hospital,11.5020267,76.4990803,node/3718969284
Raja Maternity Hospital,hospital,10.827056,78.6846068,node/3730202069
Sree Balaji Hospital,hospital,10.8123761,78.7162558,node/3730202072
Alvin Hospital,hospital,10.7993396,78.7496107,node/3734782467
Apollo Speciality Hospitals,hospital,10.80708,78.7111538,node/3734782469
Gitanjali Hospital,hospital,10.8024873,78.7415659,node/3734782484
Pothigai Siddha medicine,clinic,10.8046801,78.7354102,node/3734782504
Ramana Children's Hospital,clinic,12.9519172,80.136095,node/3736313474
Aalva Hospital,hospital,10.6378336,76.950131,node/3751329970
Primary Health Center,hospital,10.601104,76.9285955,node/3751835432
J.S. hospital,hospital,10.0780964,78.7847736,node/3769035747
"Vasan Eye Care Hospital, Kuniamuthoor",hospital,10.957713,76.9543156,node/3781623526
Maragatham Hospital,hospital,11.9411824,79.4957252,node/3979120937
Indumission Hospital,hospital,11.9396558,79.4899477,node/3979120938
Ananada Hospital,hospital,11.9382623,79.4854322,node/3979120939
Pavithra Hospital,hospital,13.1260907,80.2488406,node/3982078512
Aswini Hospital,hospital,11.9402893,79.4893636,node/3983676958
Iswarya Fertility Test Tube Baby and Research Centre,clinic,11.0173902,76.9769123,node/4078505530
Eyyanur Hospital,hospital,11.621898,79.0571295,node/4089580795
Clarity Imaging Centre,clinic,11.0149765,76.9642774,node/4185045390
Microbiological Laboratory,clinic,11.0234149,76.9103076,node/4203547389
JKCN Complex (Sankara Nethralaya),hospital,13.0642564,80.2497746,node/4221573903
Devi Hospital,hospital,9.9524657,78.136102,node/4239162594
Ortho One,hospital,11.0018351,77.0328061,node/4259650392
Government Urban Primary Health Center,hospital,11.0827084,76.9427442,node/4275430420
Karpagam Faculty Of Medical Sciences And Research,hospital,10.8840061,77.0066035,node/4285718048
SN Hospital,hospital,8.2442143,77.298003,node/4292831731
Sholayar Garden Hospital,hospital,10.2935723,76.9455228,node/4293166889
Aravind Eye Hospital,hospital,11.641927,78.1392347,node/4302899802
Vijaya hospital,hospital,11.6674308,78.1505122,node/4302953997
S K S Hospital India Pvt Ltd,hospital,11.6701839,78.1433663,node/4305411590
"St.Marys Hospital, Salem",hospital,11.6634501,78.1444402,node/4305436890
Kamala Hospital,hospital,11.6565946,78.1643458,node/4305461792
"Vasan Eye Care Hospital, Salem",hospital,11.6702294,78.1407532,node/4305484390
"Kiruba Hospital, Salem",hospital,11.6670638,78.1563369,node/4305484395
S Palaniandi Mudaliar Memorial Hospital,hospital,11.661301,78.1920085,node/4305485194
Gopi Memorial Hospital,hospital,11.673855,78.1516078,node/4306892896
Aravind Eye Hospital (City Centre),hospital,11.0153158,76.9539881,node/4315800697
Srinivasan Rajalakshmi Memorial Hospital,hospital,12.9733792,80.187599,node/4329387869
Acupuncture Home,clinic,10.9923903,76.9934918,node/4338438493
"Lotus Eye Care Hospital, Coimbatore",hospital,11.0140006,76.9543624,node/4379089793
ECHS,hospital,11.0051924,76.9879176,node/4402079982
ECHS Polyclinic,hospital,11.0053321,76.9876533,node/4402079983
TMSSS hospital,hospital,10.6000872,78.4008614,node/4409883779
M.M. Hospital,hospital,11.2103089,78.1776545,node/4416236993
Baalaje Hospital,hospital,11.0247244,76.9055811,node/4421640990
"Sri Lakshmi Hospital, Coimbatore",hospital,11.0782349,76.9409348,node/4426171975
Dr.Raj kumar,hospital,10.8752821,78.8163052,node/4435485434
central Government railway Hospital,hospital,10.7857499,78.7251483,node/4458827844
Vijaya Hospitals,hospital,11.0148532,76.9489909,node/4472726820
Chennai Medical Centre Hospital,hospital,13.0380047,80.1889685,node/4486583996
SRM Institutes For Medical Science,hospital,13.0515961,80.2114304,node/4488082604
Guru Hospital,hospital,9.9434826,78.1647715,node/4501886621
"Shri Hari Hospital, Coimbatore",hospital,11.0265248,76.9475939,node/4510663590
Rps Hospital,hospital,11.6260528,78.1474921,node/4516488490
மருத்துவமனை நிலம்,hospital,11.625344,78.146058,node/4516495091
Joseph Eye Hospital (Institute Of Ophthalmology),hospital,10.8020383,78.6915667,node/4543308039
Krishna Hospital,hospital,10.7987855,78.7517146,node/4543308343
Vivekanandha,hospital,13.1108976,80.0952836,node/4554279725
Bethesda Hospital,hospital,11.0354039,76.9304803,node/4571552072
"Kiruba Hospital, Koilmedu,Coimbatore",hospital,11.0335068,76.929457,node/4571573811
Siva clinic,clinic,13.0313209,80.2247278,node/4580687657
kasthuriba hospital,hospital,10.2793566,77.9225713,node/4601440848
G R Hospital,hospital,11.0093491,77.0024216,node/4603303688
Acchutha Eye Care,hospital,11.33176,77.7202562,node/4665125498
TNAU Hospital,hospital,11.0080012,76.9362691,node/4703147672
government child health center,hospital,12.9241666,80.1274453,node/4740298624
Christdas hospital,hospital,12.9229715,80.1298204,node/4740298625
Dr Jeyasekharan Hospital And Nursing Home,clinic,8.1846653,77.4099133,node/4741157021
Arakkonam Government General Hospital,hospital,13.0849714,79.6647558,node/4748988038
"Velu Hospital, Arakkonam",hospital,13.08485,79.6679233,node/4749162021
"Kumaran Hospital, Arakkonam",hospital,13.0868288,79.6640745,node/4749162022
HEALTH,hospital,13.0135999,80.2395364,node/4764302980
"Vasan Eye Care Hospital, Kanniyakumari",hospital,8.1906311,77.4356304,node/4764533046
Srinivasa Hospitals,hospital,8.201188,77.4552358,node/4764535106
Ashwin clinic,hospital,10.8016445,78.7428121,node/4764535221
Santhosh Hospital,hospital,8.7622984,77.7096196,node/4764535890
Vinayaka mission Kirubananadah variyar medical college hospital,hospital,11.584984,78.0618417,node/4774253423
Franklin Hospital,hospital,8.1914508,77.3975965,node/4865811621
Subbu Hospital,hospital,11.2434041,76.9602041,node/4878918577
"Golden Hospital, Madurai",hospital,9.9275395,78.1551085,node/4881691515
Sivakasi Goverment Hospital,hospital,9.4606037,77.7863241,node/4949292755
Lakshmi Hospital,hospital,9.4510259,77.7933036,node/4949292783
Meenakshi Hospital,hospital,10.7454732,79.1117927,node/4951080272
Government Hospital,hospital,10.9428055,78.4146362,node/4951080821
Madhan Hospital,hospital,9.5842695,77.956573,node/4973686834
Tiruchy Medical Center & Hospitals,hospital,10.8181109,78.6817074,node/5003295021
Mahatma eye hospital,hospital,10.8181383,78.6850014,node/5038250838
Balaji Clinic (eye),hospital,8.1771309,77.4317191,node/5079391158
Vani Nursing Home,clinic,12.9224213,80.1503389,node/5087492830
Dr padma clinic,clinic,12.923675,80.1277373,node/5087492831
Sugam homeopathic hospital,hospital,12.9230989,80.130824,node/5087493136
Dr. KK eye care center,hospital,12.9220657,80.1381329,node/5087493227
Be Well Hospital,hospital,12.9220102,80.1417788,node/5087493324
CMC poly clinic,clinic,12.9227777,80.1484099,node/5087493921
Chellam Super Speciality Center,hospital,12.9237851,80.1589529,node/5090924224
New Life Hospital,hospital,12.9225168,80.1522357,node/5090926024
meenakchi chandra sekar,hospital,11.9456841,79.4955662,node/5167757500
Neocare Maternity and Kids Hospital,hospital,11.7670702,79.7443918,node/5224224264
Accident and Emergency,hospital,10.9537896,78.755235,node/5224415520
Sri Ramachandra Hospital,hospital,13.0852758,80.0674867,node/5225824334
New Life Hospital,hospital,11.7517735,79.7608276,node/5225888321
A.R.R.Hospital,hospital,11.7577422,79.7610782,node/5227602894
K R Surgical Clinic,clinic,11.7587857,79.7636905,node/5227710900
"Abiraami Hospital, 24-ALC Campus",hospital,11.7559599,79.7616156,node/5227740069
Abiraami Hospital,hospital,11.7560109,79.7612183,node/5227743832
Grace Hospital,hospital,13.1232827,80.0591826,node/5227833113
Abirami Nursing Home,hospital,13.1217696,80.0634217,node/5227836679
Srinivas Ultrasound Scan Centre,clinic,11.7532752,79.7607232,node/5227849136
Barath neuro clinic,clinic,11.7564445,79.7613746,node/5227880006
The Zusaanli Acupuncture and Ayurveda Hospital,hospital,11.7597158,79.7651459,node/5227902126
Surya Hospital,hospital,11.7615618,79.7642665,node/5227927823
Sujatha Hospital,hospital,11.7619769,79.7640451,node/5227929030
Saravana Hospital,hospital,11.7722756,79.7593194,node/5228331850
Gov Sub Urban Health Center,hospital,13.1155685,80.0632561,node/5229996823
Bhuvaneshwari Clinic,clinic,10.8991569,79.1952742,node/5232472538
Jamaath clinic,clinic,10.8994596,79.1961817,node/5232472539
St.Gabriel Hospital,hospital,10.8922414,79.1824974,node/5232540157
TSR Hospital,clinic,11.9428711,79.4954134,node/5234261933
narayana hospital,hospital,11.9380951,79.4927935,node/5234571710
Deepan Nursing Home,clinic,10.8157982,78.6801039,node/5234688155
harijian hospital,hospital,10.8076704,78.6810266,node/5234732313
kauvery Hospital,hospital,10.8023451,78.6801881,node/5234743117
rajaram hospital,hospital,11.9379715,79.4979097,node/5234891449
hariprasath hospital,hospital,11.9383956,79.4927432,node/5234972810
suganthi skin specialist,hospital,11.938242,79.4926144,node/5234972811
thamothiran,hospital,11.9400134,79.4867511,node/5235085831
hindhumachine,hospital,11.9394571,79.4875638,node/5235085835
arul selvan,hospital,11.9393889,79.4875692,node/5235085836
arumugan eye care,hospital,11.9395594,79.4875477,node/5235085837
ashvini hospital,hospital,11.9401289,79.4873814,node/5235085841
sumathi hospital,hospital,11.9400239,79.4874404,node/5235085842
Kumarasamy Hospital,hospital,11.334273,77.7259118,node/5238962725
"Thangam Hospital, Erode",hospital,11.3340961,77.7262437,node/5238962822
Government Health Center,hospital,12.885562,80.151595,node/5258976324
Annai Therasa Hospital,hospital,12.8917407,80.1412614,node/5259008321
Government Veterinary Hospital,hospital,12.8855161,80.1522823,node/5259088422
Government primary health center,hospital,11.2385887,76.9640887,node/5296581883
Narbavi hospital,hospital,12.840341,79.6950763,node/5301532722
Kottakal arya vaidhya sala aurvedic hospital,hospital,12.8385363,79.6984629,node/5301542621
Janani clinic,clinic,12.8388005,79.7103938,node/5302181521
Government urban primary health center,hospital,12.8338884,79.6851992,node/5302848021
Radha sankar clinic,clinic,12.8350862,79.6918277,node/5302858623
Medi care hispital,hospital,12.8283076,79.7038043,node/5302898127
Kottakkal Arya Vaidhyasala,hospital,12.9203722,80.1443905,node/5302938624
Neuro Clinic,clinic,13.0862108,80.2048268,node/5306596304
Dr. Ram's Diabetes & Endocrine Clinic,clinic,13.0860731,80.1983714,node/5318562365
Heart Care Clinic,clinic,13.0856328,80.1983243,node/5318565084
Marhura hospital,hospital,12.8369284,80.2275731,node/5321368440
The Cresent Hospital,hospital,13.0527235,80.2727336,node/5336542921
Atlas Hospital,hospital,10.8333326,78.6906258,node/5338396371
Be Well Hospital,hospital,8.1763159,77.4275999,node/5338402909
Telugupalayam Hospital,hospital,10.9842757,76.9297655,node/5338403022
Swami Eye Clinic & Surgi Center,clinic,13.1058085,80.2077881,node/5338508432
Neuro One Hospital,hospital,10.8346516,78.6908794,node/5339409228
Biocosmo Healthcare,hospital,13.0590329,80.2375326,node/5367950021
Anbu Dental Implant & Maxillofacial Clinic,clinic,13.0855051,80.192537,node/5372752957
Keerthi clinic,clinic,13.0200088,80.1422946,node/5489143545
VSR Hospital,hospital,13.0799682,80.1805593,node/5492573024
New Life Family Hospitals,hospital,13.0800478,80.1804976,node/5492577281
அரசு மருத்துவமனை நகலாபுரம்,hospital,9.2274846,78.1377944,node/5500129721
Vijaya Group of Hospital,hospital,13.0497391,80.2083222,node/5500158687
ஹிபா சிறப்பு மருத்துவமனை,hospital,13.0615207,80.275747,node/5547728024
ARK Hospital,hospital,12.9856999,80.2293536,node/5570522545
Viji Clinic,clinic,13.0298741,80.2217057,node/5631872265
Annamalai Hospital,hospital,13.031147,80.2228983,node/5631872266
Ezhil Hospital,hospital,13.0319539,80.2207913,node/5631872277
Leo Ortho care Hospital,hospital,10.9969428,76.9993022,node/5643927426
Vishnu Multispeciality Hospital,hospital,11.3270798,79.7147066,node/5658255865
Annai maruthuvamanai,hospital,11.2932871,79.7165596,node/5658256006
Government Health Sub Center,clinic,12.3523951,79.5635662,node/5692205263
Eye Trust Hospital,hospital,11.0242987,76.9582327,node/5774631561
Dr. Meerasahib Clinic,clinic,10.3400293,79.3832868,node/5776518251
"Qure Ortho Clinic, Physiotherapy, X Ray & Pharmacy",hospital,12.9794,80.2043658,node/5792664046
Point B,hospital,13.0258358,80.039844,node/5892971290
Vadamalaiyan hospital,hospital,9.9116748,78.1197898,node/5893896785
Shri Ramana Poly Clinic,clinic,11.7477122,78.0479293,node/6001917598
Kamaraj Government Hospital,hospital,11.395118,79.6995434,node/6032167267
GK Clinic,clinic,13.1055632,80.2098688,node/6036687186
Diabetes and Heart Care Clinic,clinic,13.0291736,80.2474284,node/6057943093
Holy Cross Hospital,hospital,8.1883774,77.4173304,node/6095604686
government sub health center,hospital,11.2376384,76.9224629,node/6122615798
"Dr.Agarwal's Eye Hospital Ltd, Tambaram",hospital,12.929761,80.1200478,node/6138546488
Government Hospital,hospital,11.0901168,77.9609978,node/6142600896
Shriram Hospital,hospital,10.785666,78.669549,node/6164332591
BK ENT care,clinic,13.057865,80.2362823,node/6167503411
Suman Clinic,clinic,13.055823,80.2348714,node/6167503412
Aishwarya Clinic,clinic,10.8016903,78.6956919,node/6168847387
"Government Hospital, Velur",hospital,11.1087158,78.0089834,node/6169665438
Nivas Skin Clinic,hospital,13.0289663,80.2085951,node/6185882385
Devadoss KHMS Hospital,hospital,10.2436905,77.4947392,node/6255364342
Aryan Clinic,clinic,13.0464568,80.2457288,node/6324654184
ESI Hospital,hospital,11.0092807,77.0240486,node/6356067518
Vasan Eye Care-Dharmapuri,hospital,12.1326054,78.1630215,node/6359499512
Supa Hospital,hospital,12.1325709,78.1625215,node/6359513313
K.S. Hospital,hospital,12.1324134,78.1620136,node/6359513314
Government Hospital Palacode,hospital,12.2964824,78.0761735,node/6367890819
TCR Multi Speciality Hospital,hospital,12.5088183,78.2237657,node/6367892606
Vsm Hospital Atho And Maternity Centre,hospital,11.3374641,77.7117842,node/6367914185
bhagirathi hospital,hospital,11.0794799,76.9409445,node/6392075888
"Government Hospital, Udumalpet",hospital,10.5836488,77.247474,node/6428136886
"Saravana Hospital, Udumalai",hospital,10.5829234,77.2490212,node/6447219785
"Government Hospital, Dharapuram",hospital,10.7326791,77.5304679,node/6461529786
ARC Hospital,hospital,11.0056814,77.562434,node/6488469842
Child Jesus Hospital,hospital,10.8051465,78.6865772,node/6494325189
AP medical center,hospital,11.6774074,78.1425988,node/6743577988
cumbum government general hospital,hospital,9.730261,77.2802565,node/6763788379
KMC Hospital,hospital,10.0692501,78.7797453,node/6846797485
Kavitha Nurshing Home,clinic,10.0764604,78.7806378,node/6872632165
"Government Hospital Blood Bank, Rasipuram",hospital,11.4612082,78.1849249,node/6886284730
Apollo Cancer Centres,hospital,13.0337515,80.2451004,node/6886285320
KG Hospital Blood Bank,hospital,11.0004991,76.9716378,node/6886497248
PSG Hospital Blood Bank,hospital,11.0184957,77.0069428,node/6886497264
A A Hospital,hospital,12.6988491,77.8108331,node/6892888126
"UPHC Ramalinga Nagar, UKT Malai",hospital,10.815,78.6576,node/6896513367
Raju Hospitals,hospital,13.0329888,80.230346,node/6914280086
"Raju Nursing Home, Chennai",clinic,13.1193228,80.2254523,node/6914280087
Raksha Hospital,hospital,9.9213756,78.1430107,node/6914280088
Rakshith Hospitals,hospital,13.042307,80.177473,node/6914280093
"Raj Nursing Home, Tiruvallur",clinic,13.0844879,80.1876882,node/6914280100
"Holy Cross Hospital, Erode",hospital,11.492577,77.1374278,node/6914280112
K. B. Hospital,hospital,12.1327051,78.1612833,node/6914764640
Dr. A. L. Annamalais Ent Care Centre,hospital,12.9439622,80.1388438,node/6914764645
Bensam Hospital,hospital,8.1896693,77.4121463,node/6914764646
Ar-Rahaman Hospital,hospital,12.6829859,78.6201891,node/6914764647
Sri Kalyan Hospital,hospital,13.0063976,80.2507134,node/6914764653
Raja Rajan Nursing Home,clinic,10.787751,79.1317829,node/6914764654
Gks Child Clinic,clinic,11.2759154,77.5832766,node/6914764655
Manjarai Hospital,hospital,9.8811644,78.0573799,node/6914764660
Sri Gokulam Hospital Pvt Ltd,hospital,11.6725694,78.1337169,node/6914764665
"Jamal Nursing Home, Dharapuram",clinic,10.7376176,77.5299248,node/6914764670
Jj Hospitals,hospital,10.3657911,77.9813661,node/6914764675
A G Chrompet Health And Maternity Centre,hospital,12.9504411,80.1438314,node/6914767985
Sundaravadanan Nursing Home,clinic,13.0793555,80.2560469,node/6914767986
Bethel Hospital Pvt. Ltd. - Coimbatore,hospital,11.0187223,76.9612328,node/6914767991
"Park Hospital, Coimbatore",hospital,11.0419411,77.0379131,node/6914767996
Sen Hospital,hospital,13.1105649,80.2418775,node/6914768001
Dr.Navamani Clinic,clinic,10.7883715,79.1380633,node/6914768006
"Thangam Hospital, Kanniyakumari",hospital,8.1774741,77.432342,node/6914768007
"Angel Nursing Home, Washermenpet",clinic,13.1116559,80.2847452,node/6914768012
S J Nursing Home,clinic,8.1962931,77.4282812,node/6914768017
K. R. Hospital,hospital,11.3982544,79.6875152,node/6914768026
"Srinivasa Hospital, Sirumugai",hospital,11.3218786,77.0092678,node/6914768031
Amudha Nursing Home,clinic,9.9479289,78.8182984,node/6914768036
Bharani Paventhan Multi Speciality Hospital,hospital,11.3358357,77.7081187,node/6914768041
Billroth Hospitals,hospital,13.0757435,80.2272588,node/6914768046
Sri Chakra Hospital,hospital,11.4544464,77.4228363,node/6914768047
S M R Hospital,hospital,10.1117213,78.5880482,node/6914768052
Arokya Hospital,hospital,10.2859829,79.2044896,node/6914768057
Mano Hospital,hospital,12.9223261,80.0961417,node/6914768062
Cauvery Trust Hospital,hospital,13.1026603,80.2112943,node/6914768063
Sasi Clinic,clinic,9.1469915,77.7051871,node/6914768064
Kedar Hospital,hospital,13.0229098,80.1670808,node/6914768069
Amaravathi Hospital,hospital,10.9602192,78.0684534,node/6914768070
Sea Horse Hospitals Ltd.,hospital,10.8018429,78.6801137,node/6914768075
Srinivas Eye Hospital,hospital,13.0829726,80.1796965,node/6914768085
Soundarapandian Bone and Joint Hospital Research Institute Pvt. Ltd.,hospital,13.0838202,80.2156412,node/6914768086
M.V.K. Nursing Home,clinic,10.7877986,79.1339341,node/6914768087
Dr. U. Mohan Rau Memorial Hospital - Chennai,hospital,13.079494,80.2572808,node/6914768088
Latha Eye Hospital,hospital,11.2185689,78.1719035,node/6914768096
"Suresh Hospital, Pudukkottai",hospital,10.3904087,78.8030306,node/6914768101
Siddarth Clinic,clinic,10.9638551,79.3837852,node/6914768111
City Hospital,hospital,11.3451151,77.7300887,node/6914768116
Vijayakumar Hospital,hospital,8.2875989,77.2692463,node/6914880495
"Vijaya Nursing Home, Virudhunagar",clinic,9.4477045,77.8000434,node/6914880500
Vijaya Institute Of Trauma and Orthopadics,clinic,13.0477799,80.2065495,node/6914880505
"Vijaya Hospital, Virudhunagar",hospital,9.5049078,78.1032523,node/6914880506
Vijaya Hospital,hospital,11.5051709,77.2480971,node/6914880511
"Vijaya Hospital, Salem",hospital,11.6678019,78.1506725,node/6914880516
"Vijaya Hospital, Ootacamund",hospital,11.4097786,76.7094318,node/6914880521
"Vijaya Hospital, Madurai",hospital,9.9340044,78.0917959,node/6914880526
Chellam Hospital,hospital,11.6698836,78.1559497,node/6914880533
Chennai Cancer Care,hospital,13.0762935,80.234026,node/6914880538
Chennai Eye Care Hospital,hospital,12.9789449,80.2246302,node/6914880539
Chennai Heart Centre,hospital,13.0917939,80.2410534,node/6914880540
Chennai Hospital,hospital,9.440617,77.5575954,node/6914880541
Chennai Kaliappa Hospital,hospital,13.0268492,80.2558082,node/6914880546
"Mouthi Hospital Vadavalli, Coimbatore",hospital,11.0291808,76.9019419,node/6914880547
Mots Hospital,hospital,13.0833606,80.2341561,node/6914880552
"Mother and Child Care Clinic, Chennai",clinic,13.0223545,80.2042052,node/6914880558
Moses Mathias Hospital,hospital,8.1806149,77.4189216,node/6914880559
Mohan's Medicity Hospital,hospital,9.9358857,78.1424099,node/6914880564
Mohanraj ChildrenS Hospital,hospital,11.6574626,78.1659812,node/6914880569
"Mohan Nursing Home, Tiruvallur",clinic,13.1025336,80.2090412,node/6914880574
"Mohan Nursing Home, Madurai",clinic,9.9178708,78.1170832,node/6914880579
Vasanthi Orthopaedic Hospital,hospital,13.0723588,80.2157642,node/6914880584
Mohan Clinic and Nursing Home,clinic,9.7366769,77.2840353,node/6914893985
Mmm Hospitals,hospital,10.8371351,78.6869453,node/6914893995
Mithra Hospital,hospital,9.9259886,78.1409588,node/6914894000
Mina Nursing Home,clinic,13.0074586,80.206874,node/6914894005
Meeran Nursing Home,clinic,8.9541751,77.3024587,node/6914894007
"Meera Nursing Home, Krishnagiri",clinic,12.7326185,77.8292795,node/6914894012
Meenakshi Sugam Hospital,hospital,9.8945704,78.1195521,node/6914894017
Meenakshi Nursing Home,clinic,10.3598929,77.9773443,node/6914894022
"Vikaram ENT Hospital, Coimbatore",hospital,11.0120021,76.9494063,node/6914895660
R.M.D. Nursing Home,clinic,13.0440054,80.2355951,node/6914896192
"R.K.Hospital, Tiruvannamalai",hospital,12.2501122,79.0714024,node/6914896193
"R.K. Hospital, Salem",hospital,11.6746905,78.1339717,node/6914896198
R.K Nursing Home,clinic,11.3973473,79.698865,node/6914896207
R.K. Gynaec And Maternity Hospital,hospital,13.0788127,80.2481786,node/6914896212
"R.K. Nursing Home, Kanchipuram",clinic,12.945698,80.1416239,node/6914896213
R.G. Stone Urological Research Institute,hospital,13.0240792,80.2278288,node/6914896214
R. K. Eye Centre,hospital,13.0485912,80.2311788,node/6914896215
R. A. Hospital,hospital,10.998556,76.9918562,node/6914896216
"R J Hospital, Tiruchirappalli",hospital,10.8153217,78.6667261,node/6914896221
"R V Hospital, Coimbatore",hospital,11.0546916,77.0639178,node/6914896226
R A Medical Center and Hospital,hospital,11.2976038,76.940787,node/6914896231
Quality Care Hospital,hospital,9.9175022,78.1041764,node/6914896236
Pushpagiri Mission Hospital,hospital,11.5055217,76.4873113,node/6914896241
"Pushpam Hospital, Dharmapuri",hospital,11.6575598,78.1661019,node/6914896254
Pushpalatha Maternity And Surgical Nursing Home,clinic,8.697629,77.7557065,node/6914896259
"Pushpa Hospital, The Nilgiris",hospital,11.3501498,76.7998597,node/6914896264
Psymed Hospiyal,hospital,13.0714757,80.2317998,node/6914896269
Prn Critical Care Centre And Hospitals,hospital,11.666386,78.1493931,node/6914896270
Priya Orthopaedic Center,hospital,10.5802376,77.2534642,node/6914896275
"Priya Nursing Home, Perambur",clinic,13.1122071,80.2496512,node/6914896280
"Priya Nursing Home, Chennai",clinic,13.1192888,80.2889456,node/6914896281
Priya Nursing Home- Tiruchirapalli,clinic,10.8185543,78.6844857,node/6914899186
Vijila Nursing Home,clinic,10.5373343,79.6357204,node/6914906188
Sri Padmanaba Hospital,hospital,8.1802963,77.250782,node/6914910270
Sri Parvathi Diabetic Hospital,clinic,10.0752572,78.7636109,node/6914910275
Sri Ragavendhra Neuro Care Pvt. Ltd.,hospital,11.6642728,78.1321317,node/6914910280
Vanaja Hospital,hospital,13.1990395,80.1760313,node/6914911759
"Vasanthram Hospital (P) Ltd.,",hospital,13.0433091,80.2187696,node/6914911764
Vasavi Hospital,hospital,10.9927872,76.9550228,node/6914911765
Manju Hospital,hospital,8.3062999,77.2226214,node/6914911770
Arasan Eye Hospital,hospital,11.3464182,77.7163893,node/6914911777
Arathana Hospital,hospital,10.6682257,77.0070174,node/6914911782
"Leonard Hospital, Madurai",hospital,9.9487954,78.1428216,node/6914917459
K V Hospital (Iswarya Fertility Center),hospital,10.4488063,77.52472,node/6914917464
Nagarajan Nursing Home,clinic,11.6613924,78.1511258,node/6914917469
Deepa Hospital,hospital,11.1121508,77.3368929,node/6914917478
"Vikram Hospital, Erode",hospital,11.3356411,77.7280569,node/6914922970
Meenakshi Medl College Hospital,hospital,12.8725096,79.7230338,node/6914927087
Meenakshi Hospital,hospital,9.4528638,77.7900615,node/6914927092
Sri D.K.K. Hospital,hospital,12.8339674,79.704051,node/6914927101
PP Hospital,hospital,11.0780799,77.8841112,node/6914927102
"Saayi Prema, Tiruppur",hospital,11.1286682,77.3404616,node/6914927111
Sabari Eye Hospital,hospital,11.1079081,78.0059016,node/6914927116
"Siva Hospital, Perambalur",hospital,11.2345515,78.8711956,node/6914927121
Kp hospital,hospital,8.9544983,77.3023286,node/6914927126
Kovilpatti Venkateswara Hospitals (Run By Dhamayanthi Hospitals (P) Ltd),hospital,9.1657833,77.8512467,node/6914927137
Valli Vilas Hospital,hospital,11.7501695,79.7601494,node/6914927146
Valli Hospital,hospital,11.3338081,77.7185297,node/6914927147
Vallalar Hospitals (Pvt) Ltd,hospital,11.0218408,76.9152537,node/6914927152
Vadivu Subramanian Nursing Home,clinic,11.337507,77.7152038,node/6914927157
Vadapalani Multispeciality Hospital,hospital,13.0516559,80.2133146,node/6914927162
"Vadamalayan Hospitals, Chokkikulam",hospital,9.9428234,78.1299752,node/6914927163
Dr Agarwal's Eye Hospital,hospital,11.9390584,79.4862851,node/6914927164
Sri Raghavendra Eye Hospital,hospital,11.3473833,77.6929508,node/6914937585
"Sri Ram Hospital, Tirunelveli",hospital,8.8695859,77.4940838,node/6914937590
"Sri Ram Nursing Home, Namakkal",clinic,11.2259986,78.1631944,node/6914937601
Sri Ram Orthopaedic Hospital,hospital,8.1659249,77.4474294,node/6914937607
Sri Ram Hospital -Sugasthala,hospital,9.5070532,78.0953144,node/6914937612
Sri Ramachandra Hospital,hospital,13.0378713,80.1402023,node/6914937617
Sri Ramakrishna Hospital,hospital,12.1271589,78.1582873,node/6914937635
Sri Ramana Eye Center,clinic,13.0425395,80.2430315,node/6914937645
Sri Ramana Hospital,hospital,10.9972817,76.9598213,node/6914937646
Sri Ramanamaharishi Eye Hospital,hospital,12.2283113,79.0639901,node/6914937651
Sri Rani Poly Clinic,clinic,10.9949528,76.9755752,node/6914937656
Sri Sai Sankara Dental Clinic And Orthodontic Cent,clinic,13.1173689,80.2315973,node/6914937661
Sri Sakthi Hospitals And Medical Research Centre,hospital,11.1449216,78.595604,node/6914937666
Sri Sanjeevi Hospital,hospital,11.7383707,78.9664382,node/6914937671
Sri Saravana Hospital,hospital,11.4506202,77.6829676,node/6914937676
Sri Sayee Poly Clinic,clinic,13.0422887,80.2665116,node/6914937681
"Sri Sakthi Hospital, Ganapathi, Coimbatore",hospital,11.0474918,76.9930659,node/6914937682
Sri Shanmuga Hospital,hospital,11.3659792,77.7527426,node/6914937687
Sri Sri Paramahansa Yogananda Hospital,hospital,10.1175212,78.6048643,node/6914937692
Sri Sugam Hospital,hospital,11.7429821,78.0461039,node/6914937697
Sri Narayani Hospital and Research Centre,hospital,12.8709241,79.089919,node/6914957590
"Sri Nidhi Hospital, Namakkal",hospital,11.2255711,78.1687291,node/6914957591
Sri Omsakthi Clinic,clinic,9.9414153,78.1411332,node/6914957596
Prakriti Ayurvedic Center,clinic,13.0224512,80.2639461,node/6914981225
"Sri Meru Nursing Home, Coimbatore",clinic,11.0116059,76.9606769,node/6915000695
"Sri Murali Hospital, Tuticorin",hospital,9.1741944,77.8666735,node/6915000700
"Sri Lakshmi Nursing Home, Tiruchirappalli",clinic,10.8187123,78.6812067,node/6915018737
Sri Loga Clinic,clinic,11.072535,77.0017429,node/6915018746
Sri Maruthi Medical Center and Hospital,hospital,11.0891666,76.9384105,node/6915018753
"M N Eye Hospital Private Limited, Tondiarpet",hospital,13.1232306,80.2876528,node/6915117046
Team Speciality Hospital,hospital,10.3788247,78.8134383,node/6915124754
Doctor Rexs Hospitals,hospital,13.0838812,80.2502386,node/6915134068
"Rasi Clinic, Tiruchirappalli",clinic,10.8263023,78.6803658,node/6915161362
S.G. Hospital,hospital,10.9610605,78.0715124,node/6915179967
"Balaji Hospital, Anna Nagar",hospital,9.918032,78.1466813,node/6915182454
Jagadha Hospital,hospital,10.8266431,78.6816224,node/6915194017
Sree Vasantham Hospital,hospital,11.6420424,78.1463903,node/6915195849
Helios Hospital Pvt Ltd,hospital,12.9855882,80.2189144,node/6915201226
"Vasan Eye Care Hospital, Theni",hospital,10.0190208,77.47997,node/6915201231
B G Hospital,hospital,8.5099294,78.1177631,node/6915201493
K N Children Hospital,hospital,11.0964068,77.3495315,node/6915202963
"Prabhu Nursing Home, Tiruchirappalli",clinic,10.7941186,78.6789912,node/6915207893
Lysander Hospital,hospital,9.5869307,77.9519463,node/6915211088
Sriram Dental Clinic and Orthodontic Centre,clinic,12.9850289,80.1891057,node/6915211726
Padma Hospital,hospital,8.1708572,77.4400782,node/6915215712
Annai Nursing Home,clinic,9.4525477,77.7908796,node/6915217997
Vinodh Hospital,hospital,8.3023864,77.2225758,node/6915218700
Deepam Muthu Hospital,hospital,13.0995855,80.2605303,node/6915218991
LK Hospitals,hospital,12.9701347,80.1480083,node/6915219120
M.K. Nursing Home,clinic,13.1217763,80.2858047,node/6915222815
Amirtham Hospital,hospital,11.981994,78.248038,node/6915223373
George Mission Hospital,hospital,8.169484,77.4365102,node/6915226941
Devibala Maternity,hospital,12.971439,80.1378152,node/6915231638
Vekateshwara Hospitals,hospital,8.7103302,77.7517073,node/6915252063
St.Marys Hospital,hospital,8.2730496,77.1433876,node/6915292937
Padmini Nursing Home,clinic,13.0727703,80.2343653,node/6915323752
Mallika Nursing Home,clinic,10.9627735,76.9574609,node/6915358911
A.S.A Hospital,hospital,12.9370042,79.1629033,node/6915394481
S K M Siddha and Ayurvedha Hospital,hospital,11.2595707,77.7866565,node/6915397863
S K Nursing Home Pvt Ltd,hospital,12.9289316,80.1170864,node/6915413133
Aishwaryam Nature Cure Hospital and Yoga Centre,hospital,11.6826829,78.1758846,node/6915421475
"K G Hospital, Karur",hospital,10.9555161,78.0771773,node/6915453268
"Shiva Hospital, Tirunelveli",hospital,8.5134522,77.5574161,node/6915460082
Malligai Hospital,hospital,13.1238765,80.2899749,node/6915463333
Veeku Hospital,hospital,11.0150799,76.9517022,node/6915464620
D.R.R. Eye Hospital,hospital,13.0459064,80.1136042,node/6915520031
Deepam Hospital,hospital,12.9294095,80.1174378,node/6915563707
TPN Hospital,hospital,11.3273279,77.6928516,node/6915787935
Stephen Nursing Home,clinic,10.8211282,78.6764592,node/6915796857
Raja Annamalai Puram Dispensary No.6,clinic,13.0213249,80.2596237,node/6915804195
Gvn Hospital,hospital,10.824368,78.6952212,node/6915805222
Joseph Eye Clinic,clinic,13.0813437,80.2588713,node/6915813496
Visaalam Hospitals,hospital,11.3651528,77.747808,node/6915825172
Kanthimathi Nursing Home,clinic,8.7251366,77.6877507,node/6915828970
Huma Specialists Hospital and Research Centre Pvt Ltd,hospital,13.0282655,80.235353,node/6915836812
Dr Radha Rajendran Nursing Home Pvt Ltd,clinic,13.0057455,80.2044077,node/6915842017
Regina Nursing Home,clinic,13.0863886,80.2339844,node/6915850074
A.V. M. Hospital,hospital,8.8017177,78.1375699,node/6915858053
Pius Hospital,hospital,8.2736826,77.1447462,node/6916013275
"National Hospital, Erode",hospital,11.3344445,77.7181099,node/6916018234
The Surgical Clinic and Nursing Home,clinic,13.028161,80.2681853,node/6916036301
Divya Hospital,hospital,12.9644392,80.187601,node/6916036803
Dr Suresh Eye Clinic,clinic,8.3091915,77.2121689,node/6916060196
Adi Bhagavatpada Cardiac and Dialysis Hospital,hospital,12.8396162,79.7035508,node/6916079972
"Vasan Eye Care Hospital, Tirunelveli",hospital,8.7331477,77.7220957,node/6916094871
Anandh Hospital,hospital,9.3705264,78.8337466,node/6916123677
"Vasan Eye Care Hospital, Srirangam",hospital,10.8566222,78.6919583,node/6916124429
"Vasan Eye Care Hospital, Karur",hospital,10.9608117,78.0665959,node/6916125397
Sree Mohan Hospital,hospital,10.0088516,77.4800089,node/6916128325
Balaji Nursing Home - Chennai,clinic,12.9959072,80.2586031,node/6916164281
"Vasan Eye Care Hospital, Thanjavur",hospital,10.7800915,79.1395774,node/6916168928
"Vasan Eye Care Hospital, Thirunagar,Madurai",hospital,9.8809556,78.0624036,node/6916170044
Noor`S Hospital,hospital,13.1418442,80.2485046,node/6916178396
"Vasan Eye Care,Annamalai Nagar",hospital,10.8281504,78.6848478,node/6916179823
"Vasan Eye Care Hospital, Pudukkottai",hospital,10.3872777,78.823003,node/6916192079
"Vasan Eye Care Hospital, Pollachi",hospital,10.6643938,77.0057119,node/6916194406
"Vasan Eye Care Hospital, Perambur",hospital,13.1177888,80.2287099,node/6916205172
"Vasan Eye Care Hospital, Ramanathapuram",hospital,9.3674301,78.8297032,node/6916208793
Pranav Clinic,hospital,11.0631074,76.9985509,node/6917388569
Getwel Dental Clinic,clinic,13.0247168,80.1493795,node/6925987220
Garnett Memorial Eye Hospital,hospital,11.3020423,76.9400816,node/6925987225
Ramana Clinic And Nursing Home,clinic,12.9815305,80.2207484,node/6926045316
Devadoss Multispeciality Hospital,hospital,9.9579038,78.1541292,node/6926045317
Sri Sai Krs Hospital,hospital,13.0379757,80.2162984,node/6926045326
Grace Medical Centre,hospital,13.1197159,79.9132325,node/6926049936
Grace Hospital and Nursing Home,hospital,8.3321736,77.1732165,node/6926049946
Grace And Compassion Hospital,hospital,12.2360625,79.0811013,node/6926049951
Gowtham Hospital,hospital,10.962127,76.9556397,node/6926049956
"Gowri Nursing Home, Kanchipuram",hospital,12.9779713,80.1883923,node/6926049961
Gowri Nursing Home,clinic,9.905298,78.1060284,node/6926049962
Gopalapuram Dispensary,clinic,13.0490968,80.2576214,node/6926049968
Gomathi Hospital,hospital,9.5073469,78.0926912,node/6926049983
Christudas Orthopaedic Speciality Hospital,hospital,12.9214137,80.127482,node/6926055599
Satish Eye Hospital,hospital,13.0813959,80.2469972,node/6926055600
Kamala Mother and Child Hospital,hospital,10.3781545,77.9667963,node/6926055601
"St Lukes Hospital, Coimbatore",hospital,11.0335424,77.0376261,node/6926055606
"Bharathi Hospital, Rajapalayam",hospital,9.4415754,77.557797,node/6926055910
Uma Eye Clinic Pvt.Ltd,clinic,13.0854776,80.2034474,node/6926055919
"A.K. Hospital, Chennai",hospital,13.0741442,80.220515,node/6926055920
Gajanan Hospitals Pvt Ltd,hospital,12.9264396,80.1117714,node/6926055921
Ammayi Eye Hospital,hospital,13.0331935,80.2159045,node/6926055922
K.M. Speciality Hospital,hospital,13.0379671,80.2013517,node/6926055923
G.D Hospital,hospital,11.0961997,79.6446992,node/6926055924
G.K Hospital,hospital,12.9596389,79.2987596,node/6926055930
Subha Hospital,hospital,13.1113868,80.2923493,node/6926060954
"Golden Hospital, Ariyalur",hospital,11.1408202,79.0755303,node/6926068988
Gnanadurai Hospital,hospital,9.4513319,77.7946226,node/6926068997
Global Medical Center & Hospital,hospital,11.6867049,78.1186697,node/6926069002
K.B.N. Nursing Home,clinic,11.344835,77.7310771,node/6926070199
Apollo Cosmetic Clinic,clinic,13.0177421,80.2712363,node/6926072169
I Care Eye Care Eye Institute,hospital,12.943659,80.1437791,node/6926082101
Abhi Eye Hospital,clinic,11.6641165,78.1457788,node/6926089519
"St. Luke Hospital, Kanniyakumari",hospital,8.2439412,77.174223,node/6926107776
Radhatri Nethralaya,hospital,13.0339283,80.2394965,node/6926107781
E.S. Hospital,hospital,11.9365519,79.4849506,node/6926112606
Sayee Hospitals,hospital,12.8881721,80.0259362,node/6926113511
P.G.Hospital,hospital,11.3573296,77.1656985,node/6926118196
Giri Hospital,hospital,9.45035,77.7961647,node/6926118201
"S M Hospital, Chennai",hospital,13.0400969,80.2044211,node/6926118208
Santhi Hospital & Santhi Jananam Fertility Centre Hosur,hospital,12.7488623,77.8058879,node/6926159614
Cu Shah Sankara Netralaya,hospital,13.0012687,80.2001283,node/6926173267
"Dr Agarwal's Eye Hospital, Vannarpet",hospital,8.726199,77.7220716,node/6926175049
Subiksha Nursing Home,clinic,13.1118191,80.2419198,node/6926176409
Nithilaa Nursing Home,clinic,9.9013802,78.0943602,node/6926183078
Kumaravel Hospital,hospital,8.1740293,77.4348626,node/6926188824
Aashiana Hospital,hospital,13.0924039,80.2090184,node/6926280322
Vivekananda Eye Hospital,hospital,12.2252823,79.0812448,node/6926361733
Cethar Healthcare Services Private Limited.,hospital,10.8239853,78.684353,node/6926363335
Indira Seshadri Nursing Home,clinic,10.8043669,78.6737515,node/6926368244
SMV Nursing Home,clinic,13.0473231,80.2127641,node/6926368877
Sri Guru Hospital Pvt Ltd,hospital,11.0264336,76.9423118,node/6926369631
Ananthagiri Hospital,hospital,10.8261601,78.6850718,node/6926383839
"Ayesha Hospital, Kilpauk",hospital,13.0847009,80.2498054,node/6926411928
Narayana Hrudayalaya Superspecialty Clinic,clinic,12.7264081,77.8242952,node/6926417861
Fathima Nursing Home,clinic,13.1272912,80.2461,node/6926421019
Frontline Eye Hospital,hospital,13.0323531,80.2517212,node/6926437405
Friends Eye Hospital,hospital,10.8128412,78.6744489,node/6926437407
Fousiya Hospital,hospital,13.0477722,80.2744473,node/6926437416
Dr Issac Bone Speciality Hospital,hospital,8.3087934,77.2174005,node/6926437417
Dr. G. Viswanathan Speciality Hospitals,hospital,10.824096,78.6999379,node/6926437423
Hande Hospital,hospital,13.0764653,80.2274586,node/6926437428
Hameed Hospital,hospital,12.2238314,79.0676714,node/6926437433
Halsted Surgical Clinic,clinic,13.0780413,80.2415872,node/6926437438
Habiba Speciality Hospital,hospital,9.9190228,78.154154,node/6926437439
H. S. Hospital,hospital,11.0418035,76.9477855,node/6926437444
Gv Ortho Centre,hospital,9.4532978,77.5571707,node/6926437449
Dr Gurusekaran Hospital Pvt Ltd,hospital,13.0374924,80.2381137,node/6926437454
Guna Sundari Bose Hospital,hospital,9.914115,78.1333159,node/6926437455
Guindy Dispensary,clinic,13.010217,80.2217737,node/6926437460
Gugan Hospital,hospital,10.9601178,78.0691481,node/6926437461
Graham Nursing Home,clinic,9.4513491,77.792092,node/6926437466
Grace Nursing Home,clinic,10.4255261,79.3197361,node/6926437471
Grace Multipeciality Hospital,hospital,12.9569773,80.1867561,node/6926437476
"Mahalakshmi Nursing Home, Cuddalore",clinic,11.5392988,79.4912553,node/6926467258
Karur Nursing Home,clinic,10.9615319,78.0769278,node/6926476829
Kauvery Hospital,hospital,8.7336063,77.7231109,node/6926494037
G.V.N. Insitute Of Medical Sciences Dr. Pankajm Si,hospital,10.8529238,78.7021722,node/6926494038
G.V Hospital,hospital,11.1038785,79.6508682,node/6926494050
G. R. Hospital & Fertility Centre,hospital,12.9952982,80.2068955,node/6926494055
G.K.M. Surgical Hospital,hospital,10.7885019,78.6666074,node/6926494056
G V Jayam Hospital,hospital,11.6688355,78.1812698,node/6926494062
G K M Hospital Pvt Ltd,hospital,13.0899919,80.2585199,node/6926494067
Abdul Khadir Hospital,hospital,8.1614014,77.4439332,node/6926687284
Star Hospitals,hospital,9.4517764,77.793484,node/6926783605
Starlight Hospitals Pvt Ltd,hospital,12.9864526,80.2601581,node/6926808792
Kaliappa Renal Center,hospital,13.0274616,80.2566481,node/6926953017
K P Childrens Hospital And Neuro Centre,hospital,12.9911179,80.1986745,node/6926953024
Hariharan Hospital,hospital,11.4523578,77.4299287,node/6926955632
Harley Rram Nursing Home,clinic,9.9255474,78.1147201,node/6926973390
"Harshitha Hospital, Virudhunagar",hospital,9.8724258,78.1086101,node/6926984476
"Kalyani Gajendran Hospital, Thirupathur",hospital,12.4930484,78.5680725,node/6927001630
Kalyani Kidney Care Centre,hospital,11.3383604,77.7080879,node/6927036842
"Mangalam Hospital, Tiruvallur",hospital,13.050709,80.0960022,node/6927054448
Arul Siddha Clinic,hospital,11.3241935,77.7415856,node/6927100541
Ayur Kshetra ( A Unit Of Institute Of Ayurvedic Research Pvt Ltd),hospital,13.0760812,80.2107431,node/6927267098
Kanagamani Hospital,hospital,9.3645309,78.8327032,node/6927275212
"Malar Hospital, Muthur",hospital,11.0438049,77.7361156,node/6927279575
Krishna Eye And Ent Hospitals,hospital,13.0343985,80.2339764,node/6927292449
Vishnu Eye Clinic and Laser Foundation,hospital,13.0842894,80.2230605,node/6927308315
Saroja Poly Clinic,clinic,9.9002236,78.1213801,node/6927322289
Fathimah Eye Clinic,clinic,13.0290932,80.2775791,node/6927326555
Dr Agnes' Joseph Hospital,hospital,8.7249749,77.7309939,node/6927326944
Kamalam Nursing Home,clinic,12.1318108,78.1589049,node/6927333619
Amudha Poly Clinic & Hospital,hospital,11.5053476,77.2466406,node/6927339310
Ramamurthy Hospital,hospital,8.1778783,77.4311853,node/6927340827
Amba Hospital,hospital,9.9498205,78.1273808,node/6927358307
Kanaga Hospital,hospital,13.0099884,80.1223294,node/6927359623
Amar Speciality Hospital,hospital,9.5048721,78.1029144,node/6927363055
"Santhigiri Ayurveda and Siddha Hospital, Chennai",hospital,13.0476871,80.2646568,node/6927380447
Alamelu Balaji Hospital (P) Ltd. - Tirupur,hospital,11.1139918,77.3222896,node/6927545530
Alagananda Hospital,hospital,11.7199308,79.7694708,node/6927559650
Al Ameen Nursing Home,clinic,10.8074646,78.6873496,node/6927581292
Akshayaa Hospitals,hospital,9.9372291,78.1255804,node/6927604831
Vijaya Heart Foundation - Vijaya Hospital,hospital,13.054729,80.2110462,node/6927647007
Santhosham Hospital,hospital,10.5826962,77.2531664,node/6927670945
Santhya Hospitals,hospital,9.9325924,78.1095073,node/6927702286
Vijaya Hospital,hospital,10.3711985,77.970941,node/6927737222
Santosh Hospital Pvt Ltd,hospital,12.995229,80.2691898,node/6927769046
Dr. Agarwal's Eye Hospital Ltd. - Erode,hospital,11.3421842,77.7173066,node/6928030145
Dr. Agarwal's Eye Hospital,hospital,13.1162231,80.0967247,node/6928030150
"Dr. Agarwals Eye Hospital , Dharmapuri",hospital,12.1252773,78.1582779,node/6928039756
"Dr.Agarwal's Eye Hospital Ltd., Anna Nagar",hospital,13.0847414,80.2219681,node/6928042666
Athipathi Hospital and Research Centre,hospital,12.9762711,80.2222002,node/6928094720
Aswin Hospitals,hospital,10.3612503,77.9830089,node/6928096944
Sanjay Surgical Hospital,hospital,10.4542017,77.5138074,node/6928122946
"Dr. Agarwals Eye Hospital Ltd., Krishnagiri",hospital,12.5202697,78.2189856,node/6928130929
"Giri Thangam Hospital,Colachal",hospital,8.1799777,77.2625837,node/6928140338
Girish Clinic and Nursing Home,clinic,10.8192801,78.6847901,node/6928160203
Dr. Anto Ent Head and Neck Hospital,hospital,8.188014,77.427046,node/6928166792
Girishwari Hospital Pvt Ltd,hospital,13.0349787,80.2519137,node/6928167787
Gitanjali Medical Center - Tiruchirapalli,hospital,10.8139583,78.6750819,node/6928235796
Gl Hospital,hospital,11.6742597,78.1379092,node/6928277851
Vedanayagam Hospital (P) Limited,hospital,11.0144375,76.9504979,node/6928304820
"SKS Hospital, Perambalur",hospital,11.235246,78.876029,node/6928312065
Sri Kumaran Multi Speciality Hospital,hospital,13.1152895,80.2923614,node/6928327073
Sri Kumaran Hospital,hospital,12.9278474,80.1118621,node/6928330765
Dr. J. Mathias Hospital,hospital,8.1807489,77.4186011,node/6928330849
Ezhilarasu Children and Specialities Hospital,hospital,8.1803507,77.4370171,node/6928330854
Dr. Arvind Vision Care,hospital,13.0840124,80.1691809,node/6928330859
Dr.K.M. Nallaswamy Hospital,hospital,11.3367022,77.7184211,node/6928384696
Dr. K Ravi Eye Care,hospital,13.0407013,80.2618016,node/6928384708
"SKS Hospital, Chennai",hospital,13.0896987,80.1877418,node/6928444701
"Vidya Hospital, Salem",hospital,11.6612361,78.1534365,node/6928469157
Dr. K.K. Surgical and Paediatric Centre Pvt Ltd,hospital,12.9220372,80.1382443,node/6928481484
"SKG Hospital, Madurai",hospital,9.8277052,77.9897976,node/6928514011
Siva Meds Multispeciality Hospital,hospital,10.6633006,77.0100774,node/6928561478
"Vidhya Nursing Home, Kanchipuram",clinic,12.6998033,79.9742769,node/6928568060
VGM Hospital,hospital,10.9986666,77.0143291,node/6928594608
"Vidhya Hospital, Theni",hospital,10.0006289,77.467711,node/6928605817
"Venkateswara Hospital, Madurai",hospital,9.9256637,78.1327808,node/6928682353
Venkateshwara Hospital,hospital,10.0070845,77.3463812,node/6928720847
Madras Ent Research Foundation,hospital,13.0268688,80.2541439,node/6928727073
"Krishna Hospital, Nagapattinam",hospital,11.0971261,79.6534498,node/6928727074
St. Joseph's Speciality Hospital,hospital,11.761611,78.0522344,node/6928727079
Dr. Muthu's Ortho Centre-Coimbatore,hospital,11.0026291,77.0406497,node/6928752789
Dr. Murugesan Hospital,hospital,11.736166,78.9650072,node/6928752794
Dr. Mohans Mv Diabetes Specialities Centre - Chennai,hospital,13.0541946,80.257671,node/6928752799
Dr. Meera Nursing Home,clinic,13.086608,80.2468979,node/6928752800
Dr. Ramadoss Hospital,hospital,12.2292995,79.6496719,node/6928756291
Dr. R.K. Nursing Home,clinic,10.7807555,79.1317065,node/6928756296
Dr. Nambiyappan Hospitals,hospital,8.7282285,77.7232289,node/6928756297
Annalekshmy Nursing Home,clinic,8.3879784,77.6096937,node/6928760479
Chettinad Super Speciality Hospital,hospital,12.9109406,80.228211,node/6928779096
Saraswathi Nursing Home,clinic,11.6746327,78.1520981,node/6928788533
Dr.Bhats Eye Hospital,hospital,13.1185204,80.1523131,node/6928800365
Jayasankara Hindu Mission Hospital,hospital,11.9389551,79.4898878,node/6928805899
Surya Multispeciality Hospitals Ind Pvt Ltd,hospital,12.7329337,77.8259093,node/6928806172
Sri Jothi Hospitals,hospital,11.3217208,77.7275956,node/6928806237
Sri Harsha Ent Centre,clinic,9.925953,78.1405404,node/6928812925
Sree Abishek Hospitals,hospital,11.0430968,76.9241157,node/6928817376
Arul Mission Hospital,hospital,8.3982553,77.6156697,node/6928834005
"Surya Hospital, Namakkal",hospital,11.2178506,78.1660375,node/6928839614
Nithya Hospital,hospital,12.1244251,78.1587231,node/6928851171
Sree Andal Hospital,hospital,11.0560065,77.0164575,node/6928852611
Nithish Ge And Multi Speciality Hospital,hospital,11.6636554,78.1457305,node/6928858576
Nivaren Maternity Clinic,clinic,13.0828407,80.1800171,node/6928859584
"Nishant Hospital, Erode",hospital,11.3365931,77.7179866,node/6928872829
Lifeline Rigid Hospital,hospital,13.0780204,80.2336988,node/6928878284
"A.J. Hospital, Tirunelveli",hospital,8.7195843,77.7321111,node/6928879663
Dr. Srinivasan Hospital,hospital,11.1008372,79.6522669,node/6928899354
Dr. Soodamani Hospital,hospital,11.6757031,78.14473,node/6928899359
Dr. Seshiah Diabetes Research Institute and Dr. Balaji Diabetes Care Centre,hospital,13.0748591,80.2299839,node/6928899364
Dr. Ramaswamy Hospital,hospital,11.4249065,77.5535658,node/6928899365
Dr.Kamakshi Memorial Hospital,hospital,13.0022187,80.2520867,node/6928920472
Dr.Duraiswami Eye Hospital,hospital,13.034051,80.2279374,node/6928920473
Dr. Chidhambaram Memorial Hospital,hospital,9.906092,78.1074862,node/6928920474
Dr.A. Ansari Hospital,hospital,10.7660855,79.8407257,node/6928936143
Dr.Agarwals Eye Hospital,hospital,12.9832681,80.2176077,node/6928936148
"Dr.Agarwal's Eye Hospital Ltd, Nanganallur",hospital,12.9827844,80.1891661,node/6928936149
"Dr.Agarwal Eye Hospital, Neyveli",hospital,11.5380531,79.4828224,node/6928936155
Dr. Udhaya Rajas Dental Centre,hospital,13.0465492,80.2422899,node/6928936160
Theepa Nursing Home,clinic,12.2344465,79.072651,node/6929038973
"Priya Hospital, Dindigul",hospital,10.4485636,77.5314268,node/6929045563
Kohila Hospital,hospital,10.0297813,77.4810764,node/6929094511
National Institute Of Siddha Department Of Ayush,hospital,12.9393262,80.1279768,node/6929229178
Voluntary Health Services Medical Centre,clinic,13.0027257,80.2469087,node/6929234791
Subramaniam Nursing Home (Kidney Centre),clinic,8.736445,77.7118262,node/6929243677
"AG Eye Hospital, Puthur",hospital,10.8118335,78.6801553,node/6929244828
Dhanvantari Eye Care,hospital,13.0973284,80.1942193,node/6929250392
Sri Bala Nursing Home,hospital,13.1183119,80.2318051,node/6929255218
Universal Hospital,hospital,11.3411046,77.7185217,node/6929256873
"Anand Hospital, Chennai",hospital,13.1638346,80.2581659,node/6929257550
Lakshmi Hospital,hospital,13.0314888,80.2218689,node/6929259906
Sabeena Hospital,hospital,8.706572,77.7257247,node/6929263253
Aarthi Priyas Tooth Care Clinic,clinic,12.9743958,80.2200463,node/6929264393
Janet Hospital,hospital,10.8142797,78.6801285,node/6929264998
நந்தினி மருத்துவமனை,hospital,12.9327959,80.2315475,node/6929266356
The Arya Vaidya Chikitsalayam and Research Institue,hospital,10.9958401,76.9915813,node/6929292296
B.M. Silver Jubilee Multi Speciality Hospital,hospital,12.9646856,80.1522294,node/6929359056
Bharathirajaa Hospital and Research centre,hospital,13.0480981,80.245015,node/6929359057
Be Well Hospitals,hospital,10.3763697,78.8247525,node/6929359058
Beent Hospital,hospital,12.6882286,79.9789613,node/6929359063
Bejan Singh Eye Hospital,hospital,8.189007,77.4150471,node/6929359068
Bethany Health Care Centre,hospital,13.0699812,80.2444142,node/6929359073
Bethesda Hospital and Child Care Centre,hospital,12.9217796,80.1450997,node/6929359074
Bgm Hospital,hospital,9.9662327,78.1359941,node/6929359079
Bhagwan Mahaveer Eye Hospital,hospital,13.1105084,80.2917197,node/6929359084
Bhanu Clinic,clinic,9.3697205,78.8270357,node/6929372889
Bharani Nursing Home,clinic,13.1102609,80.2376792,node/6929372894
Bharath Hospital,hospital,12.9823277,80.1937835,node/6929372896
"Bharathi Hospital, Salem",hospital,11.6492647,78.1204131,node/6929372897
Bharathi Mission Hospital,hospital,10.3553612,77.9790004,node/6929372902
Joseph Eye Hospital,hospital,11.2353342,78.8724804,node/6929386151
Snr Eye Hospital,hospital,10.5858983,77.2529264,node/6929386713
"Ls Hospital, Thirupathyur",hospital,12.4921698,78.567654,node/6929388075
Andrews Hospital,hospital,9.9396359,78.1278871,node/6929398067
Trinity Acute Care Hospital - Chennai,hospital,13.0382607,80.2582785,node/6929398895
"Vinayagam Laser Hospital, Madurai",hospital,9.9211827,78.1160666,node/6929421326
Csi Jayaraj Annapackiam Mission Hospital,hospital,8.7188725,77.7363248,node/6929592135
Be Well Hospital,hospital,8.7877394,78.1408328,node/6929592140
Balasundaram - Shyamala Hospital,hospital,8.1867941,77.4352831,node/6929592145
Balamurugan Hospital,hospital,11.7383812,78.9767271,node/6929592150
Balamani Hospital,hospital,10.3872105,78.8210048,node/6929592155
Balakrishna Eye Hospital,hospital,13.0274436,80.2269866,node/6929592168
"Balaji Hospital, Thuraiyur",hospital,11.1461716,78.5937211,node/6929592169
Balaji Hospital (Multi Speciality Hospital Chengalpattu),hospital,12.6885223,79.9820948,node/6929592178
Balagandhara Varma Nursing Home and Research Center,clinic,12.9378832,80.2082151,node/6929592183
Bagdi Nursing Home,clinic,13.0533846,80.2374941,node/6929592184
Dr Rabindran's Health Care Center,hospital,13.1190773,80.1504859,node/6929599461
Babu's Maternity Hospital,hospital,12.9294917,80.1194769,node/6929625889
Babu Hospital,hospital,8.3422875,77.2150375,node/6929625890
B.S.S. Hospital,hospital,13.026013,80.2655232,node/6929625895
B.S. Hospital,hospital,12.9343227,80.1384374,node/6929625900
B.R.S. Hospital Pvt. Ltd.,hospital,13.0519442,80.2454831,node/6929625901
"B.R.Hospital, Tiruttani",hospital,13.1775621,79.6115074,node/6929625902
Ppk Hospital,hospital,8.306568,77.2225048,node/6929665926
"Krithika Hospital , Tiruppur",hospital,11.0958666,77.337589,node/6929685629
Harvey Healthcare Limited,hospital,13.037303,80.2558136,node/6929731466
"Chitra Hospital, Virudhunagar",hospital,9.4444885,77.5519471,node/6929731467
Chitra's Ent Laser Hospital,hospital,13.0518247,80.2476483,node/6929737121
"Christian Hospital, Theni",hospital,10.1199465,77.5498281,node/6929737122
"City Hospital, Miller Puram",hospital,8.7960917,78.1250815,node/6929737132
City Hospital,hospital,10.372647,77.9877242,node/6929737137
Ck Hospital,hospital,11.3326562,77.7282011,node/6929737142
Cm Hospital,hospital,11.2136963,78.1680022,node/6929737147
Csi Multi Speciality Hospital,hospital,12.8353173,79.7070212,node/6929737161
Kps Hospitals Pvt Ltd,hospital,11.3003873,76.9402459,node/6929921348
Das Nursing Home,clinic,12.9893694,80.1422824,node/6929922974
Sri Vasavi Hospital,hospital,12.2289221,79.0661976,node/6929923096
Kovai Ent Hospital and Research Centre,hospital,11.041741,76.9835246,node/6929951553
Kottakkal Arya Vaidya Sala,hospital,13.0395483,80.2313016,node/6929969774
Koushikha Hospital,hospital,10.9589868,76.9788824,node/6929976817
C.U. Shah Clinic And Diagnostic Center,clinic,13.0863304,80.2583543,node/6930010121
JSP Hospital,hospital,12.6976172,79.972524,node/6930019969
Parkkavan Hospital,hospital,10.8761608,78.7073864,node/6930027723
Vasantham Hospital,hospital,8.1865393,77.4292481,node/6930048373
Sumathi Nursing Home,clinic,11.9398523,79.489772,node/6930048867
Kongu Nursing Home,clinic,11.3783065,77.8961134,node/6930057099
Thayammal Hospitals,hospital,11.6237472,78.1177631,node/6930080460
"Rohit Hospital, Tiruvallur",hospital,13.1512288,80.2998984,node/6930080547
"Kiruba Hospital, Mettupalayam",hospital,11.2998948,76.9330971,node/6930111461
Jcb Hospitals,hospital,10.3663722,77.9774366,node/6930128237
Je Nesam Hospital,hospital,13.0405732,80.2146873,node/6930163091
Chennai Meenakshi Multispeciality Hospital Ltd,hospital,13.0376198,80.2619625,node/6930163175
Chennai Skin Foundation and Yesudian Research Institute,hospital,13.0210394,80.2592924,node/6930188138
Chidambaram Hospital,hospital,8.3321961,77.8637297,node/6930351828
Cheran Hospital,hospital,11.3680302,77.7481976,node/6930352206
Chettinad Hospital,hospital,12.7971558,80.2175961,node/6930405963
Jeeva Hospital,hospital,12.523671,78.2175399,node/6930461727
Chinnammal Ent Hospital,hospital,13.0459338,80.1131429,node/6930464973
Jeganath Hospital,hospital,10.3663887,77.9756235,node/6930467495
Dr.Mu.Va.Hospital,hospital,13.0743327,80.228278,node/6930467954
Chinniampalayam Venkateshwara Hospital,hospital,11.0545152,77.0652106,node/6930487814
Cholayil Sanjeevanam Ayurveda,hospital,13.0844527,80.1798642,node/6930489015
Adithya Netharalaya,hospital,10.0846585,78.7797806,node/6931010035
"Vandana Hospital, Tiruvallur",hospital,13.1456863,80.2927141,node/6931010523
Annai Clinic,clinic,10.3596791,77.9666622,node/6931058788
Rohini Hospital,hospital,10.7686164,79.1312465,node/6931099855
Dr.Morris Mathias Hospital,hospital,8.180425,77.4192689,node/6931211983
Swathi Hospital,hospital,11.1074356,79.6488243,node/6931400845
Dr.Kumar'S Ortho Clinic,clinic,12.9512606,80.1384495,node/6931435323
Mysaan Hospital,hospital,13.0641326,80.2705644,node/6931566251
V H M Hospitals Pvt Ltd,hospital,13.0462892,80.1979979,node/6931658649
Tilak Hospitals,hospital,10.8264703,78.6795866,node/6931699129
Ritherdon Nursing Home,clinic,13.0815684,80.2587748,node/6931772821
Robin and Robin Health Care,hospital,13.0807741,80.1989025,node/6931772941
Anto Nursing Home,clinic,9.8874744,78.0517184,node/6931785948
Kumaran Poly Clinic,clinic,11.2233138,78.1639212,node/6931839053
Rishi Nethralaya,hospital,11.6644593,78.1583409,node/6931858186
Pratheep Nursing Home,clinic,8.270248,77.2484833,node/6931978434
Richmond Hospital,hospital,10.9946605,76.9793813,node/6932012014
N.V.K Hospital,hospital,10.5357363,79.635931,node/6932019884
Rengasri Child Care Clinic,clinic,10.8594112,78.6924398,node/6932045274
"Ponni Hospital, Coimbatore",hospital,10.9955604,77.2887151,node/6932045300
K.R.Nursing Home,clinic,10.4201645,79.3201719,node/6932047141
K. M. T. Hospital,hospital,8.5571707,78.1214981,node/6932058497
Razack Hospital,hospital,8.5663079,78.1125006,node/6932068433
West Madras Medical Centre,hospital,13.0850496,80.215956,node/6932068862
Siva Polyclinic and S L Hospital,clinic,9.9381168,78.1260337,node/6932075314
Rathina Clinic,clinic,13.1098612,80.2909854,node/6932077905
"Senthil Nursing Home, Karur",clinic,10.9620158,78.0643985,node/6932085874
Rengasamy Nursing Home,hospital,8.8085138,78.1466947,node/6932089133
Rayen Eye Hospital,hospital,8.8023134,78.1505256,node/6932090955
"Nirmala Hospital, Kanniyakumari",hospital,8.2432633,77.2432845,node/6932102761
"Kauvery Hospital, Chennai",hospital,13.0390564,80.2568208,node/6932103990
Rathna Memorial Hospital,hospital,8.2875497,77.2709548,node/6932112169
Ranm Malathy Vijayakumar Hospital,hospital,11.3413334,77.708922,node/6932126479
Rathi Med Speciality Hospital,hospital,13.0916495,80.2179844,node/6932138889
P.S.Medical Trust Hospital,hospital,8.1878932,77.3072706,node/6932139721
Ranjeetham Nursing Home,clinic,8.7000411,77.7554175,node/6932141757
Rani Hospital,hospital,11.5810663,77.5879236,node/6932141762
S.R. Hospital and E.N.T. Research Foundation,hospital,11.7559788,79.7613363,node/6932142092
Rajeev Hospital,hospital,9.9235804,78.1428887,node/6932142097
Rathenam Nursing Home,clinic,13.1113476,80.284929,node/6932142269
"Rasi Clinic, Ramanathapuram",clinic,9.3642054,78.8388441,node/6932150519
Velnath Maternity Home,hospital,12.7353452,77.8261929,node/6932152153
"Ranga Hospital, Velandipalayam",hospital,11.0290235,76.932096,node/6932159823
Visaka Poly Clinic,clinic,9.9161732,78.1131363,node/6932160287
Rao Hospital,hospital,11.018513,76.9445555,node/6932162502
"Velan Eye Hospital, Karur",hospital,10.958975,78.0739935,node/6932163751
Vellore Eye and Dental Hospital,hospital,12.9310563,79.1554011,node/6932166589
Arunagiri Ent Nursing Home,clinic,11.6762823,78.1369593,node/6932173906
Rana Maternity Hospital,hospital,10.8269425,78.6845246,node/6932176618
Ramya Hospital,hospital,9.4507485,77.5576615,node/6932193419
"Joseph Hospital, Coimbatore",hospital,11.017244,76.9990446,node/6932200240
Ramvel Hospital,hospital,11.01362,77.0222618,node/6932203509
Santhi Hospital,hospital,12.9507835,80.255186,node/6932203729
Ramanie Hospitals,hospital,9.898954,78.1197037,node/6932212794
Ramana Maharishi Rangammal Hospital,hospital,12.2260242,79.0262166,node/6932225397
"Ramakrishna Nursing Home, Tiruchirappalli",clinic,10.8216893,78.6748479,node/6932230326
Ramadas Nursing Home,clinic,11.6449413,78.1545496,node/6932294048
Ram Poly Clinic,clinic,10.6627299,77.0090626,node/6932307787
Ars Hospitals - Tirupur,hospital,11.0880071,77.3469948,node/6932321427
Arul Hospital,hospital,10.8099708,78.6794391,node/6932341207
Arul Medical Center,hospital,9.3616456,78.8456006,node/6932356490
Aruljothi Nursing Home,clinic,11.5286637,78.0563533,node/6932358394
"Dr Agarwals Eye Hospital Ltd, Hosur",hospital,12.7405888,77.8205797,node/6932414107
Dr Agarwals Eye Hospital Ltd,hospital,13.1294292,79.9098006,node/6932453594
"Suriya Hospital, Tiruvallur",hospital,13.1311793,79.9093902,node/6932623618
"Suriya Hospital, Coimbatore",hospital,11.30192,76.9400722,node/6932664462
"Supa Hospital, Coimbatore",hospital,11.3053984,76.9361427,node/6932706208
Suraksha Ent Care Centre,clinic,13.0331886,80.258056,node/6932706544
Sunder Eye Hospital,hospital,13.08497,80.2159721,node/6932740110
P G K Nursing Home,clinic,11.5785675,77.5891802,node/6932743528
P K Hospital,hospital,11.4175923,77.5640962,node/6932768950
L.V.S. Eye Hospital,hospital,11.3385839,77.7156597,node/6932820863
Sagayamatha Hospital,hospital,11.338505,76.7940474,node/6932837713
"Shanthi Nursing Home, Tirunelveli",clinic,9.0275607,77.4334632,node/6932846813
Sri Hari Sakthivel Hospital,hospital,11.3526901,77.7323055,node/6932898124
Laksha Hospital,hospital,13.0435469,80.2636349,node/6932938089
"Lake View Hospital, Tiruvallur",hospital,13.1368213,80.2087516,node/6932938090
Lakshmana Hospital,hospital,9.8983423,78.0904515,node/6932938793
Naseer Nursing Home,clinic,11.3364485,77.7271691,node/6932966216
Narayanaa Hospital,hospital,13.0893773,80.2547595,node/6932966221
Nalam Medical Center and Hospital,hospital,12.9346861,79.1536966,node/6932966222
Lakshmi Clinic,clinic,12.9574752,80.1859635,node/6932966227
NN Hospital,hospital,12.9300969,80.1188466,node/6932999583
Nova Hospital,hospital,10.7800994,79.1325876,node/6933006123
Janamma Hospital,hospital,13.0269457,80.2623196,node/6933010451
Janaki E.N.T. Nursing Home,clinic,13.0970567,80.2821958,node/6933010456
Jamia Darussalam Hospital,hospital,12.8411735,78.7103744,node/6933010457
James Orthopaedic Clinic,clinic,8.1811073,77.4160986,node/6933010462
"James Hospital, Colachel",hospital,8.1804702,77.2620539,node/6933010467
J.S. Hospital,hospital,12.7995425,80.0237341,node/6933010476
"J.K. Hospital, Madurai",hospital,9.9526208,78.1483778,node/6933010481
"Noble Hospital, Chennai",hospital,13.0821536,80.253244,node/6933016136
Ns Hospital,hospital,9.9046982,78.0974132,node/6933036788
"J.K. Hospital, Chennai",hospital,13.1354513,80.2934799,node/6933038486
J. K. Hospital,hospital,8.1962016,77.4281149,node/6933038491
J. J. Hospital,hospital,12.6868496,79.9800503,node/6933038496
"J S Hospital, Dharmapuri",hospital,11.6739064,78.1521557,node/6933038501
J M Polyclinic,clinic,10.6621816,77.012638,node/6933038506
Ishwarya Nursing Home,clinic,13.1129411,80.2822602,node/6933038519
Irudayam Hospital,hospital,8.1672883,77.4334833,node/6933038524
Irene Hospital,hospital,8.1796259,77.4200414,node/6933038531
Infant Jesus and Jesus Vineyard Hospitals,hospital,9.9113077,78.1234387,node/6933038546
"Indira Nursing Home, Vellore",clinic,12.924509,79.1401702,node/6933038551
"Indira Hospital, Namakkal",hospital,11.1119586,78.0050232,node/6933038556
"Indira Hospital, Madurai",hospital,9.9671995,78.1370629,node/6933038561
Indira Eye Hospital,hospital,13.0222055,80.2622388,node/6933038566
Indian Hospitals,hospital,13.0766658,80.2057502,node/6933038567
Inba Hospital,hospital,8.1838777,77.4110815,node/6933038568
Immaculate Conception Convent Hospital,hospital,10.9943683,76.9642074,node/6933038573
Sree Ramm Nursing Home,clinic,11.0898944,76.9423681,node/6933048462
"Vasan Eye Care Hospital, Madurai",hospital,9.9286096,78.0955034,node/6933105717
Pioneer Hospital,hospital,9.3649239,78.8237809,node/6933105722
Sheeba Multi Speciality Clinic,clinic,13.1168517,80.2279428,node/6933105884
Paari Nursing Home,clinic,11.0321465,76.9761197,node/6933115102
Shenbagam Hospitals Pvt. Ltd,hospital,9.9647031,78.157669,node/6933118659
Dhivya Nursing Home,clinic,11.0129842,77.5640559,node/6933126162
Dharan Hospital,hospital,11.6252302,78.1451753,node/6933126167
Diabetes Research Centre and M.V.Hospital For Diabetes,hospital,13.1119458,80.2952072,node/6933130958
Pkd Nursing Home,clinic,10.6577822,77.011376,node/6933137203
Pks Hospital,hospital,11.6566706,78.1692682,node/6933137208
"Vasan Eye Care Hospital, Neelankarai",hospital,12.9504267,80.2551001,node/6933279103
"Vasan Eye Care Hospital, Pachaiyappan",hospital,12.8308723,79.7032356,node/6933291839
"Vasan Eye Care Hospital, Paramakudi",hospital,9.5401769,78.5915056,node/6933295926
"Vasan Eye Care Hospital, Perambalur",hospital,11.2377085,78.8652733,node/6933318009
"Vasan Eye Care Hospital, Namakkal",hospital,11.216301,78.1717694,node/6933320512
"Subam Hospital, Tiruvallur",hospital,13.12374,79.9112396,node/6933332545
Sarathy Nursing Home,clinic,12.9926586,80.20008,node/6933334832
Vaani Hospital,hospital,9.5071604,78.0980019,node/6933338424
Apollo First Medical Foundation,hospital,13.0776912,80.2459216,node/6933370913
Anitha Nursing Home,clinic,12.9247038,79.8787352,node/6933371794
CARE AKPS Hospital,hospital,9.5862332,77.9605186,node/6933420066
K G Nursing Home,clinic,11.3456845,77.7188784,node/6933510830
Jyothsana Nursing Home,clinic,12.9461162,80.1399234,node/6933510835
Justin Hospital,hospital,8.3618669,77.2943813,node/6933510840
Julian Nursing Home,clinic,13.1063124,80.2506946,node/6933510845
"Jothi Nursing Home, Tuticorin",clinic,8.8064742,78.1497337,node/6933510846
Josephs Nursing Home,hospital,13.0739408,80.2357346,node/6933510851
Joseph Sahayam Hospital,hospital,8.1794691,77.4331697,node/6933510852
Jip Diabetic and Heart Care Centre,hospital,12.9548325,80.141636,node/6933510862
Jeyan Hospital,hospital,9.9171707,78.1345712,node/6933510867
Jeyam Nursing Home,clinic,10.8301302,78.6773323,node/6933510872
Jayam Polyclinc,hospital,12.9958562,80.2603345,node/6933510877
Jayam Nursing Home,clinic,13.122272,80.2894968,node/6933510882
Jayadev Polyclinic Hospital,hospital,13.0778545,80.2415295,node/6933514287
Jayaa Hospital,hospital,11.3848223,77.9021886,node/6933514292
"Jaya Hospital, Arcot",hospital,12.9046961,79.3203543,node/6933514297
"Jaya Hospital, Chennai",hospital,12.9701785,79.9520655,node/6933514302
Jaya Eye Clinic,clinic,13.0265892,80.2699743,node/6933514307
Jawahar Trauma Care Centre,hospital,9.4531311,77.5571077,node/6933514308
"Jawahar Hospital, Kanchipuram",hospital,12.9335502,80.123004,node/6933514313
Janani Nursing Home Pvt Ltd,clinic,12.9194987,80.1388706,node/6933514323
Kummaran Eye Speciality Centre,hospital,13.0600349,80.2302911,node/6933522070
Kvt Health Centre,hospital,13.1282303,80.2421558,node/6933523232
"Kurinji Hospital, Salem",hospital,11.6771806,78.1351224,node/6933523233
Shanthi Hospital,hospital,8.3088849,77.2124518,node/6933558918
L.R. Hospital,hospital,11.8703354,78.0844554,node/6933607245
Maya Nursing Home Pvt Ltd,clinic,13.0313072,80.2097064,node/6933621323
Kumaran Hospital,hospital,9.4787122,77.8100306,node/6933646488
Erode Trust Hospital,hospital,11.3399422,77.7134188,node/6933724664
Erode Kidney's Centre,hospital,11.3383801,77.7164201,node/6933724675
Satya Sai Ent Head and Neck Hospital,hospital,11.664806,78.1466813,node/6933727443
Ezhil Surgical and Maternity Hospital,hospital,11.1367898,79.073917,node/6933734655
Ezhil Hospital,hospital,13.1302259,80.2916855,node/6933737012
Erode Ortho Centre,hospital,11.3294487,77.7230172,node/6933744056
Dr Agarwals Eye Hospital,hospital,10.8238984,78.6866945,node/6933745722
Eswari Nursing Home,clinic,13.1165682,80.2263898,node/6933746497
A.R. Hospital (P) Ltd,hospital,9.9363004,78.1454006,node/6933757125
Premier Health Center,hospital,13.0842489,80.220851,node/6933757130
Erode Cancer Centre,hospital,11.313682,77.6686621,node/6933760545
Kasi Speciality Hospital,hospital,10.1606944,77.756153,node/6933793680
Vasantha Subramanian Hospitals Pvt Ltd,hospital,13.0731975,80.2527237,node/6933794368
"Vasan Eye Care Hospital, Tirupur",hospital,11.127834,77.3415747,node/6933797532
"Vasan Eye Care Hospital, Tiruvallur",hospital,13.0498729,80.0922444,node/6933797537
Emmanuvel Hospital,hospital,11.5063418,77.2470483,node/6933800596
"Vasan Eye Care Hospital, Tondiarpet",hospital,13.1109009,80.2812195,node/6933802716
"Vasan Eye Care Hospital, Vellore",hospital,12.9088334,79.1316354,node/6933824568
Madras Poly Clinic and R.R. Scan,hospital,13.0461063,80.2220044,node/6933828333
"Vasan Eye Care Hospital, Valasaravakkam",hospital,13.0411063,80.1747546,node/6933831617
Edison Hospital,hospital,8.4930872,78.1170335,node/6933831622
Duraisamy Nursing Home,clinic,10.3825908,78.8225725,node/6933832324
Elangovan Hospital,hospital,10.4271181,79.3177593,node/6933833001
Logidasan's Hospital,hospital,13.11005,79.9113858,node/6933833903
Lister Nursing Home,clinic,13.0644964,80.2730508,node/6933833912
Lister Hospital,hospital,8.305988,77.2230265,node/6933833917
"Lifeline Cliniq , Adyar",clinic,13.0007709,80.2575208,node/6933833922
Life Medhospital,hospital,13.0535505,80.2576911,node/6933833923
Lg Nursing Home,clinic,10.9536162,78.4414595,node/6933833924
"Leonard Hospital, Dindigul",hospital,10.1654928,77.7606592,node/6933833933
"Laxmi Hospital, Villupuram",hospital,11.938648,79.4854635,node/6933833934
"Lavanya Hospital, Udumalai",hospital,10.5819579,77.2491994,node/6933833939
S.K.V. Hospital,hospital,9.9263044,78.1001759,node/6933833944
"S.M. Hospital, Sivaganga",hospital,9.9498812,78.8201947,node/6933833949
Vinayaka Misson Hospital,hospital,11.658013,78.1665941,node/6933840828
Subbulakshmi Nursing Home,clinic,8.9566338,77.3145461,node/6933842776
Mani Nursing Home,clinic,11.3525705,77.1662763,node/6933848059
"K.M. Hospitals, Chennai",hospital,13.0884107,80.2421169,node/6933869777
Deepa Kannan Hospital,hospital,10.9632435,78.0752125,node/6933869947
Prasanna Nursing Home,clinic,13.0863063,79.6650383,node/6933870642
Duraisamy Hospital,hospital,11.3391625,77.7187054,node/6933870817
Sugham Health Centre,clinic,8.7250776,77.7085827,node/6933873370
Zubeda Hospitals Ltd.,hospital,13.0741955,80.2357775,node/6933875088
Dr.Y.Mahadeva Iyers Sri Sarada Ayurvedic Hospital,hospital,8.2873215,77.4421522,node/6933876216
Dr.Thangamma Nursing And Paramedical College Hospital,hospital,12.508895,78.5705602,node/6933876224
Sarvana Hospital Pvt. Ltd.,hospital,11.6624826,78.1715561,node/6933876607
Madurai Institute Of Orthopaedics And Traumatology,hospital,9.938023,78.1455106,node/6933878264
Sree Narayana Nursing Home,clinic,13.1089757,80.2481371,node/6933881025
"Royal Hospital, Thanjavur",hospital,10.7881541,79.1351411,node/6933882554
Dr.Vas Hospital For Eye and Children,hospital,10.823735,78.6836649,node/6933883291
"Dsk Hospital, Tiruppur",hospital,11.102044,77.3692605,node/6933884303
Selva Hospital,hospital,9.5413702,78.5910978,node/6933892099
"Roopa Nursing Home, Coimbatore",clinic,11.1147893,77.3475668,node/6933893537
RR Multispeciality Hospital,hospital,13.0584745,80.2740124,node/6933910999
Dr.Susheela Nursing Home,clinic,10.3835617,78.8231385,node/6933943043
Dr.Sivakani Hospital Pvt Ltd,hospital,10.5809554,77.2461377,node/6933959219
Arun Priya Nursing Home,clinic,11.096822,79.6535061,node/6933967178
Sudharsana Hospital,hospital,10.8216888,78.6675935,node/6933974231
Neuroscience Hospital,hospital,9.9841405,78.1435874,node/6933983091
"R.V. Hospital, Kanniyakumari",hospital,8.3227163,77.189696,node/6933985865
V.P.N. Eye Hospital,hospital,10.7652232,79.8407981,node/6933989616
Ganga Hospital,hospital,9.9069388,78.1015572,node/6933990368
"S.M.Clinic, Podhanur, Coimbatore",clinic,10.9553739,76.9898473,node/6933992416
"S. K. Hospital, Karur",hospital,10.9621165,78.0840692,node/6933992421
S Sm Hospital,hospital,8.9531139,77.3146145,node/6933992426
Dhanvanthiri Nursing Home,clinic,10.8468827,78.6983126,node/6933992432
"Padma Hospital, Tuticorin",hospital,9.1724945,77.8597601,node/6933992437
"Padma Hospital, Pudukkottai",hospital,10.3844799,78.8218175,node/6933992442
P.K. Hospital,hospital,10.7860529,79.1399771,node/6933992447
P.M.K. Hospital,hospital,12.131546,78.1619069,node/6933992452
Aravind Hospital,hospital,11.46478,78.1925941,node/6933992459
Seshan's Clinic,clinic,8.9767655,77.2531329,node/6933992464
"Senthil Nursing Home, Thanjavur",clinic,10.9636306,79.3837188,node/6933992469
Sethu Ent Research Center,clinic,10.8219291,78.684648,node/6933992474
Sabari Speciality Hospital,hospital,11.3343025,77.7187054,node/6933992479
Agasthiyar Muni Child Care Centre,hospital,8.2169444,77.4664637,node/6933997944
Dr.Manju Kulkarni Hospital,hospital,13.0743836,80.2367672,node/6933998001
Shabeer Hospital,hospital,11.33529,77.7285236,node/6933998985
Shamroth Surgical Hospital,hospital,8.234571,77.2435454,node/6933998990
Shanawaz Nursing Home,clinic,10.8177889,78.6837696,node/6933998995
Shankar Nursing Home,clinic,11.6716527,78.1534566,node/6933999000
Shanmugam Clinic,clinic,10.0058985,77.3489253,node/6933999007
Shanmugam Surgical and Fertility Hospital,hospital,10.2834256,77.916175,node/6933999012
Anand Elumalai Hospital,hospital,9.9107093,78.1216376,node/6933999017
Gautham Nursing hojme,clinic,8.1907007,77.4196451,node/6934002119
"Suriya Hospital, Tiruvannamalai",hospital,12.6669538,79.2900534,node/6934005721
"Aarthi Hospital, Nagapattinam",hospital,11.1044378,79.6482068,node/6934013218
Keerthana Hospital,hospital,10.7831809,79.1408978,node/6934015411
Sri Hanu Nursing Home,clinic,13.0395058,80.1712127,node/6934017797
Sri Ganesa Eye Clinic,clinic,13.0455758,80.1854472,node/6934018732
"Vijay Nursing Home,Madurai",clinic,9.8764912,78.0607474,node/6934018807
"Vijay Poly Clinic, Thanjavur",clinic,10.9596662,79.3813156,node/6934018812
Vijay Poly Clinic,clinic,11.7386884,78.9634904,node/6934018817
"Vijaya Hospital, Erode",hospital,11.3343511,77.7183037,node/6934018822
Vaman Clinic Eye and Ent Care,clinic,13.0388943,80.2137016,node/6934018827
Van Allen Hospital,hospital,10.2301411,77.4935031,node/6934018828
"Vasan Eye Care Hospital, Coimbatore",hospital,11.0091245,76.9454058,node/6934018833
"Vasan Eye Care Hospital, Dindigul",hospital,10.3588005,77.976585,node/6934018844
"Vasan Eye Care Hospital, Erode",hospital,11.3364301,77.7181274,node/6934018849
"Vasan Eye Care Hospital, Gugai",hospital,11.6471454,78.1559283,node/6934018854
"Vasan Eye Care Hospital, Kuttur",hospital,10.7990396,78.7492651,node/6934018863
S.V. Bone And Joint Hospital,hospital,13.0473239,80.2241461,node/6934018868
S.S Nursing Home,clinic,12.969346,80.2573344,node/6934018874
Sri Udaya Hospital,hospital,11.6560244,78.4040862,node/6934018891
Sri G.M. Hospital,hospital,12.9652266,80.1927643,node/6934031649
Sri Eshodha Hospital,hospital,13.0981213,80.2362643,node/6934036697
Sri Durga Poly Clinic,clinic,10.9980729,77.0001926,node/6934039564
"Dr Agarwals Eye Hospital Ltd, Indira Gandhi Road",hospital,12.8379804,79.7024471,node/6934052357
Tirupur Medical Foundation (P) Limited,hospital,11.1090003,77.3449825,node/6934053372
Sri Bharani Hospital,hospital,11.939107,79.4870938,node/6934056512
"Lakshmi Nursing Home, Tiruchirappalli",clinic,11.1207833,78.4520723,node/6934061206
Srichakara Multispeciality Hospital,hospital,12.97853,80.1851381,node/6934061609
Dhanvantri Critical Care Center,hospital,11.3504266,77.7311274,node/6934062831
Siddharth Maternity Centre,hospital,11.7874261,77.8011632,node/6934064843
Sri Balaji Surya Hospital,hospital,10.735518,77.5185388,node/6934076843
"Shivani Hospital, Ramanathapuram",hospital,9.3696226,78.8362142,node/6934078424
"Peoples Nursing Home, Chennai",clinic,13.0696298,80.2159499,node/6934089837
Asha Surgical Centre,hospital,8.242516,77.3152046,node/6934096558
Abhijay Hospital,hospital,13.1160177,80.2328438,node/6934098007
Annai Velankani Nursing Home,hospital,8.7271323,77.7302402,node/6934120450
"Ponni Hospital, Cuddalore",hospital,11.53917,79.4892611,node/6934121902
Siranjeeve Hospitals,hospital,11.453132,77.4344382,node/6934125605
Parthiban Nursing Home,clinic,11.0597504,76.9441089,node/6934126430
Sisu Hospital Inida Ltd,hospital,11.6505276,78.1205003,node/6934129082
Arvind Sai Eye Hospital,hospital,12.9731392,80.1371252,node/6934139598
"Sinus And Nose Hospital - Mylapore, Chennai",hospital,13.0350623,80.2778479,node/6934146446
Siloam Thomas Eye Hospital,clinic,11.0276019,76.9415045,node/6934150425
Sindu Hospital,hospital,12.9206582,80.1434009,node/6934155951
"Shyamala Nursing Home, Tiruchirappalli",clinic,10.8028471,78.6845919,node/6934162619
Sibi Hospital,hospital,12.9697917,80.1904562,node/6934163318
"Shyamala Nursing Home, Chennai",clinic,13.1101185,80.2819745,node/6934172291
Sri Venkateshwara`s C.M. Hospital,hospital,12.9857914,80.185987,node/6934186203
Shyamala Hospital,hospital,11.5038304,77.2384974,node/6934188961
Muthu Hospital,hospital,9.925373,78.1154416,node/6934210818
Wellcare Hospital And Research Institute,hospital,10.8215313,78.6829026,node/6934214347
S A Catherine Booth Hospital,hospital,8.1999913,77.4305114,node/6934214352
"Kasthuri Hospital, Tirunelveli",hospital,8.1908826,77.7076916,node/6934230069
Veda Maruthuvamanai Hospital,hospital,11.6956155,77.9678122,node/6934231469
Nalam Hospital And Speciality Care Centre,hospital,10.0247431,77.4781944,node/6934239041
"Karthik Hospital, Madurai",hospital,9.9232779,78.1442955,node/6934240367
Srinivas Priya Hospital (P) Ltd,hospital,13.1100467,80.2466847,node/6934246102
"Krithika Hospital , Tiruppur",hospital,11.0424742,76.9476856,node/6934246107
V.V. Hospital,hospital,11.1049764,79.7320472,node/6934258771
A.G.P Hospital,hospital,11.6608027,78.1554709,node/6934264318
Annammal Hospital,hospital,8.3163348,77.2014776,node/6934267026
Annai Saradha Hospital,hospital,8.8069785,78.1340508,node/6934267031
Annai Perinbam Hospital (P) Ltd,hospital,10.3680667,77.979166,node/6934267044
"Annai Nursing Home, Tenkasi",clinic,8.9548653,77.311707,node/6934267049
Annai Hospital,hospital,10.9190943,78.7399095,node/6934267054
"Annai Hospital, Venkadesapuram",hospital,11.2352631,78.8762502,node/6934267059
Annai Hospital,hospital,8.2342425,77.2427393,node/6934267064
Annai Ent and Head and Neck Care Center,hospital,11.3387785,77.7149034,node/6934267069
Annai Amaravathi Hospital,hospital,8.3843205,77.6099405,node/6934267074
Anjugam Hospital,hospital,12.9314687,79.3293417,node/6934267079
Anjalai Hospital,hospital,11.5579779,79.5550496,node/6934267084
Anjakha Hospital,hospital,12.9637407,80.1880047,node/6934270989
Anitha Nursing Home,clinic,9.919394,78.1477743,node/6934270990
Angel Heart Centre,hospital,8.7312177,77.7478744,node/6934270995
Anbu Hospital - Thanjavur,hospital,10.9609881,79.3839616,node/6934271000
Aananthi Hospital,hospital,8.1848468,77.4345656,node/6934271005
Ananda Ashramam Private Hospital,hospital,12.698758,77.8118142,node/6934271010
Madhubala Hospital,hospital,8.707401,77.7484581,node/6934271019
Madhu Surgical Clinic,clinic,11.3386602,77.7143441,node/6934271024
MVS Hospital,hospital,11.5966502,78.5904984,node/6934271037
M.S.M. Skin and Hair Care Clinic,hospital,12.9521441,80.1438126,node/6934271042
M.S Hospitals Senthil Nursing Home,hospital,10.8304595,78.6964899,node/6934271043
MRS Hospital & Fertility centre,hospital,10.6647489,77.0050326,node/6934271048
M.R. Hospital,hospital,10.7643728,79.1291155,node/6934271053
"M.R. Hospital, Namakkal",hospital,11.4613462,78.1861702,node/6934271064
"M.R. Hospital, Chennai",hospital,13.0725279,80.2195783,node/6934271069
M.R Nursing Home,clinic,11.3386746,77.7294262,node/6934271070
M. N. Orthopaedic Hospital,hospital,13.0810328,80.2336653,node/6934271075
M.M. Ortho Speciality Hospital,hospital,10.959894,79.3947279,node/6934271076
M.L. Hospital,hospital,8.167269,77.4200568,node/6934271081
M.L Dental Clinic,clinic,13.0452205,80.1861023,node/6934271086
M.G. Hospitals,hospital,10.7618991,79.1371172,node/6934271091
MG Hospital,hospital,9.3649411,78.8292164,node/6934271096
M V Hospital For Diabetes Pvt Ltd,hospital,13.1121574,80.2956927,node/6934271106
M N Eye Hospital,hospital,12.996767,80.2603599,node/6934271111
M G Diabetes Speciality and Research Centre,hospital,11.6766146,78.1422986,node/6934271116
"Lotus Eye Care Hospital, Salem",hospital,11.6689406,78.1425789,node/6934271121
"Lotus Eye Care Hospital Ltd, Coimbatore",hospital,11.0406116,77.0401856,node/6934271130
London Ortho Speciality Hospital,hospital,11.6600055,78.1505008,node/6934271135
Sri Athi Sathya Hospital,hospital,11.3392651,77.7126583,node/6934286139
Veena Hospital,hospital,11.3367614,77.6366566,node/6934287186
Shri Sarradha Eye Hospital,hospital,10.3792864,78.8116794,node/6934291677
Shri Vigneshwaran Hospital,hospital,11.2833345,78.235441,node/6934291852
"A.V. Hospital, Chennai",hospital,13.1170802,80.2864189,node/6934301423
"Aravind Eye Hospitals, New Agraharam",hospital,10.3670328,77.9786084,node/6934301428
Rajkumar Hospital,hospital,9.4584279,77.5546166,node/6934307599
Shri Saradha Hospital,hospital,10.1729867,78.9964494,node/6934313084
Shri Lakshmi Clinic,clinic,9.5074619,78.0972898,node/6934325281
N. R. T. Hospital,hospital,10.0062393,77.4865535,node/6934325846
N.K Clinic,clinic,12.998194,80.2079885,node/6934325847
N.R. Hospital,hospital,13.1122162,80.2309737,node/6934325848
N.R. Medical Home Private Limited,hospital,13.0965878,80.2597135,node/6934325849
Naarayani Hospital,hospital,11.4157401,77.5773087,node/6934325854
Nagai Hospital,hospital,10.7569314,79.8259024,node/6934325859
Nagamani Hospitals Private Limited,hospital,13.117412,80.289427,node/6934325866
Nalam Hospital,hospital,10.7834523,78.703182,node/6934325871
Nalamm Hospital Pvt Ltd,hospital,13.1184216,80.2610184,node/6934325876
Nambi Nursing Home and Research Centre,clinic,13.0576423,80.2723642,node/6934325881
Nandalala Medical Foundation,hospital,13.0328516,80.2615173,node/6934325882
Sri Kumaran Health Centre,hospital,13.1308907,80.2138799,node/6934326572
Sri Sakthi Vinayaga Multispecialtiy Hospital,hospital,10.6844686,78.1144197,node/6934329052
C S I Bellpins Indrani Chelladurai Mission Hospital,hospital,8.727172,77.7479777,node/6934334076
"Apollo Reach Hospitals, Karaikudi",hospital,10.0715077,78.7065819,node/6934334081
Nandambakkam Dispensary,clinic,13.0154215,80.1932403,node/6934340587
Nandha Hospital,hospital,11.0168636,76.9756664,node/6934340596
Nandhini Hospital,hospital,12.9784706,80.2247932,node/6934340601
Nandhini Nursing Home,clinic,9.9062565,78.107786,node/6934340602
Nankem Hospital,hospital,11.3448219,76.7984556,node/6934340607
Nataraj Medical Care Center Private Limited,hospital,10.994101,76.9569379,node/6934340612
Nathan Super Speciality Hospital,hospital,11.6743874,78.1417222,node/6934340617
Navasuja Sankara Nethralaya,hospital,13.0265108,80.2607878,node/6934340623
Neomed Hospital,hospital,11.6716218,78.1550612,node/6934340633
Neomed Hospital - Chennai,hospital,13.083452,80.2030747,node/6934340638
Neuro Center,hospital,10.8191009,78.6809117,node/6934340643
Neuro Speciality Hospital,hospital,11.3341986,77.7187268,node/6934340648
New Aarthy Hospital,hospital,10.8004795,78.687817,node/6934340653
"New Balaji Hospital, Chennai",hospital,13.0316469,80.2311185,node/6934340658
New Hope Indian Specilaity Hospital,hospital,13.0777579,80.2414826,node/6934340659
New Hope Medical Centre Pvt. Ltd,hospital,13.0776821,80.2415201,node/6934340664
Nichani Health Centre,hospital,13.111251,80.2940284,node/6934340665
Niharika Hospital,hospital,11.6565971,78.3937356,node/6934340670
"Nirmala Nursing Home, Karur",clinic,10.9637333,78.0764973,node/6934340679
Nungambakkam Dispensary CandB Block,clinic,13.0666173,80.2481747,node/6934340684
O.R.V. Clinic,clinic,9.898485,78.1190512,node/6934340685
Ohm Sai Hospital,hospital,9.9226596,78.1372292,node/6934340690
Olympia Hospital,hospital,10.8161342,78.6776501,node/6934340695
"Om Sakthi Hospital, Krishnagiri",hospital,12.5189448,78.2181743,node/6934340700
"Om Sakthi Hospital, Madurai",hospital,9.9500318,78.1470689,node/6934340705
Om Shakthi Hospital,hospital,13.1184222,80.1507749,node/6934340710
Ortho One Orthopaedic Speciality Center(A Unit Of Spine Arthroscopic and Joint Replacement Center Pvt Ltd),hospital,10.9962048,77.0082217,node/6934340734
Orthopedic and Specialities Hospital,hospital,13.0390564,80.2086724,node/6934340749
Padma Clinic And Nursing Home,clinic,13.0768865,80.2351539,node/6934340750
Padma Praba Hospital,hospital,9.1738859,77.8670678,node/6934340756
Padmalaya Medical Centre Pvt Ltd,hospital,9.9068714,78.105789,node/6934340761
Padmapriya Hospital Pvt. Ltd.,hospital,12.9996223,80.2537027,node/6934340766
Padmavathy Hospital,hospital,11.0427427,76.9477212,node/6934340771
Padmini Urology Clinic,clinic,10.0709949,78.7626426,node/6934340776
Palani Balaji Fertility Centre,hospital,13.0122123,80.2235084,node/6934340781
Pallava Hospital,hospital,13.0420391,80.2126005,node/6934340782
P&G Nursing Home,clinic,13.0479576,80.2124181,node/6934340783
Pankajam Memorial Hospital,hospital,12.9801472,80.1835965,node/6934340789
Apollo Childrens Hospital,hospital,13.060131,80.2523656,node/6934347087
Anush Hospital,hospital,11.500453,77.2449535,node/6934347088
Anuradha Maternity Centre,hospital,13.0356881,80.2337551,node/6934347093
Anu Nursing Home,clinic,9.9199528,78.148874,node/6934347094
Anu Multispeciality Hospital,hospital,10.7749587,79.1377428,node/6934347099
Shri Preethe Hospital,hospital,11.3385944,77.7157979,node/6934365867
Shri Bharthi Nursing Home,clinic,11.6420069,78.1424099,node/6934383548
Ksdc Hospital,hospital,10.7469127,79.1143171,node/6934392805
Shri Balaji Hospital - Chennai,hospital,13.0919709,80.2511633,node/6934407803
Muthu Ganapathy Hospital,hospital,12.7595919,80.0053301,node/6934407826
Ac Hospitals,hospital,11.6578435,78.1667691,node/6934419910
Lakshmi Hospital,hospital,11.2361747,78.8720834,node/6934422514
Aaron Hospital,hospital,8.2412837,77.238995,node/6934422523
T M R Hospital,hospital,10.9429825,78.4158242,node/6934422528
Shree Saravana Nursing Home,clinic,11.002695,76.9513442,node/6934424352
Shree Sathya Subha Hospital,hospital,10.3657832,77.9748677,node/6934426886
Vishnu Ent Hospital - Coimbatore,hospital,11.0265389,76.9470734,node/6934430447
Shree Akila Hospital,hospital,10.8494268,78.6936589,node/6934448981
Shree Akatheeswarar Anbu Hospital,hospital,11.3573789,77.1660657,node/6934465696
Shivas Eye Care,clinic,13.0939374,80.2008538,node/6934477070
Shiva Shakthi Hospital,hospital,11.401261,76.7029676,node/6934485286
Vino Hospital,hospital,8.7869561,78.135121,node/6934496949
"Latha Nursing Home, Kanniyakumari",clinic,8.1837636,77.4332365,node/6934496954
Taj Hospital and Dheep Clinic,hospital,9.9350693,78.1425132,node/6934498994
Shifan Hospital,hospital,9.3678125,78.8362384,node/6934539169
"Shifa Hospital, Dindigul",hospital,10.3899136,77.9614439,node/6934562615
"Setty Hospital, Udumalapet",hospital,10.5836256,77.2482178,node/6934576732
Shepherd Nursing Home,clinic,13.1255776,80.2260934,node/6934610015
Shastha Dialysis Center,hospital,9.9259926,78.1588237,node/6934613566
Sharmila Hospital,hospital,8.1991723,77.3017922,node/6934614631
"Shanti Nursing Home, Salem",clinic,11.6407328,78.1532635,node/6934640336
"Sankar Hospital, Tuticorin",hospital,8.620426,78.0706675,node/6934661974
"Shanthi Hospitals, Namakkal",hospital,11.2190661,78.1685735,node/6934670210
Mcv Memorial Ent Trust Hospital,hospital,10.6627918,76.9995756,node/6934670898
Shantala Hospital,hospital,12.2306987,79.0783084,node/6934673436
Sudiksha Prabhu Hospital,hospital,9.1726944,77.8648214,node/6934678974
Shanmuga Hospital and Salem Cancer Institute,hospital,11.6770178,78.1531844,node/6934685067
Perambur Dispensary,clinic,13.0976393,80.2594614,node/6934689509
"Senthil Nursing Home, Coimbatore",clinic,10.9046622,76.9596114,node/6934690377
Sree Vijay Hospital,hospital,10.0345447,79.2305835,node/6934703385
Rajammal Hospital,hospital,11.658449,78.1807762,node/6934706904
Taj Hospital,hospital,9.5163364,77.6312392,node/6934730892
Manickkam Hospital,hospital,11.4568944,78.1926061,node/6934730901
Royal Priya Hospital,hospital,9.460262,77.7827606,node/6934730906
Srm Medical College Hospital And Research Centre,hospital,12.8210402,80.0479585,node/6934737010
Senthil Hospital,hospital,9.9483714,78.8221554,node/6934737789
The Balakrishnan Hospital,hospital,11.0190567,76.9625585,node/6934738477
Arputhaa Medical Care Hospital,hospital,11.2341108,78.877708,node/6934749519
The Pollachi Cardiac Center,hospital,10.6742907,77.0081305,node/6934749612
KDR Hospital,hospital,10.7703331,79.1334164,node/6934754198
K. H. Nursing Home,clinic,12.9512004,80.1475489,node/6934768345
KGR Surgical Nursing Home,clinic,11.5050605,77.2453693,node/6934773648
Syed Ammal Hospital,hospital,9.3695212,78.8327245,node/6934855284
Thangam Nursing Home,clinic,12.7359712,77.8181389,node/6934864238
"Thangam, Hospital",hospital,12.1191829,78.1566752,node/6934865115
Sree Paduka Speciality Hospital,hospital,10.8239899,78.6836898,node/6934868737
Ashok Krishna Hospital,hospital,11.4483344,77.6856579,node/6934877841
"Lakshmi Hospital, Salem",hospital,11.6368986,78.1508783,node/6934880425
Tamil Nadu Urological Research Centre,hospital,13.0710341,80.222632,node/6934897845
Sss Hospital,hospital,13.1577727,80.3018933,node/6934903332
Vhs Diabeted Research Centre,clinic,13.0029165,80.2463347,node/6934912413
Syndhiya Ortho Clinic,clinic,10.6663252,77.0158674,node/6934921331
Swathi Poly Clinic,clinic,11.0089711,76.9989473,node/6934957192
Pranav Hospitals Pvt Ltd,hospital,11.6693372,78.142532,node/6934958833
Suwaathi Hospital,hospital,10.5852009,77.2538853,node/6934960148
Ponraj Eye Clinic,clinic,12.9892035,80.2554783,node/6935067323
Thirimoorthys Heart Care Hospital,hospital,12.9673347,80.1867983,node/6935159758
Subam Hospitals,hospital,8.1967816,77.431017,node/6935159759
Pee Vee Hospital,hospital,11.4960866,77.2437224,node/6935170181
Subbiah Nadar Krishnammal Selvam Hospital,hospital,11.3066497,76.9326887,node/6935172366
Sowmiya Hospital,hospital,11.2400426,76.9619912,node/6935172371
Ponnammal Duraisamy Eye Clinic,clinic,11.010795,76.961735,node/6935186143
"Sangeetha Hospital, Coimbatore",hospital,10.963603,76.9563907,node/6935188981
Maruthi Gastro Care Hospital,hospital,11.7610987,79.7541587,node/6935217377
Trp Clinic Zone,hospital,10.8260119,78.6836193,node/6935217382
"Thulasi Krishna Nursing Home, Kodambakkam",hospital,13.0517176,80.2300054,node/6935224404
"Sugam Hospital, Tiruvallur",hospital,13.1652175,80.3032967,node/6935224405
Rajaam Hospital,hospital,11.7212623,78.0951467,node/6935224410
"Lakshmi Hospital, Virudhunagar",hospital,9.4409252,77.5557082,node/6935248987
Star Bone Joint Center,clinic,13.0633102,80.2743041,node/6935248992
"S M Hospital, The Nilgiris",hospital,11.4103056,76.710925,node/6935248997
Tms Eye Hospital,hospital,11.6772791,78.1536202,node/6935249004
"Sri Balaji Nursing Home, Tiruvannamalai",clinic,12.2298671,79.0771691,node/6935249009
Arcot Hospital,hospital,11.7557149,79.761463,node/6935272545
Dr. Agarwal's Eye Hospital,hospital,13.074266,80.2382156,node/6935272552
C.K.R. Hospital,hospital,11.6671517,78.155776,node/6935272553
Flemcy Gracy Hospital,hospital,8.20889,77.2698545,node/6935272566
Karthick Polyclinic,clinic,10.9957861,76.9876988,node/6935272584
Selvarangam Hospital,hospital,13.0850183,80.2244673,node/6935274089
"Sankara Nethralaya, Chennai",hospital,13.0670837,80.2505444,node/6936134771
Sankaralingam Clinic,clinic,9.5136673,77.6308476,node/6936134772
Asirvatham Speciality Hospital,hospital,9.9229404,78.1381848,node/6936135399
Deenesh Hospital,hospital,10.3585327,77.9774742,node/6936146740
R.R. Hospital,hospital,8.8085483,78.1464869,node/6936147513
Akn Nursing Home,clinic,13.0836428,80.2462569,node/6936147552
Sampat Nursing Home,clinic,13.0365779,80.2728282,node/6936147848
Rrase Nursing Home,clinic,12.953421,80.1411398,node/6936149808
Sarojini Surgical Clinic,clinic,9.4555586,77.5583656,node/6936179398
Kingsley's Kids Clinic,clinic,10.8146083,78.6744623,node/6936180714
"Arokya Hospital, Pallapatty",hospital,11.6643647,78.1301992,node/6936189307
Royal Hospital - Chennai,hospital,13.0449677,80.1846506,node/6936244762
Salem Gopi Hospitals,hospital,11.6745894,78.1515482,node/6936245992
Viganesh Hospital,hospital,13.0309126,80.1715896,node/6936264375
Sri Arungani Hospital,hospital,11.5736078,77.5826436,node/6936267232
Sri Lakshmi Multi Speciality Hospital Pvt Ltd,hospital,12.9640779,80.2461429,node/6936271569
Dr Agarwal Eye Hospital Ltd,hospital,13.1135903,80.2270764,node/6936275517
Fenn Hospital,hospital,9.9344121,78.1297224,node/6936287951
Trust Hospital,hospital,8.1848879,77.406908,node/6936287960
Dr Loganathan Orthopaedic Hospital,hospital,11.4554834,77.6903362,node/6936294073
Karthik Hospital,hospital,13.1665521,80.3043053,node/6936294078
Sankaralingam Hospital,hospital,8.1753621,77.4313885,node/6936296999
Royal Pearl Hosptial,hospital,10.8253605,78.6836918,node/6936299001
"Priya Hospital, Coimbatore",hospital,10.9446403,76.9352093,node/6936305098
Appusami Hospital,hospital,11.6714255,78.156175,node/6936305687
Sudha Sunder Hospital,hospital,8.2129411,77.4318579,node/6936310640
"Sugam Hospital, Karur",hospital,11.1066408,78.0050459,node/6936310649
"Sugam Multi Speciality Hospital, Thanjavur",hospital,10.9598229,79.3923394,node/6936310654
Suham Hospital and Diabetic Centre,hospital,11.4572053,77.6912235,node/6936310664
Suma Hospital,hospital,9.8264181,77.9870577,node/6936310670
Sumathi Hospital And Institute Of Super Specialities,hospital,9.9208987,78.1446254,node/6936310675
Sumith Hospital,hospital,11.0261493,77.0176752,node/6936310680
Vigneswar Hospital,hospital,9.5070532,78.0938499,node/6936314515
Spandana Surgical Centre,hospital,13.0834455,80.1749497,node/6936315219
Tosh Hospitals Private Limited,hospital,13.0827016,80.2424652,node/6936316468
Manohar General Hospital,hospital,12.8358582,79.7118127,node/6936318715
A.S.D. Nursing Home,clinic,10.6665361,77.0084792,node/6936319447
Dr Vas Dental Clinic,clinic,13.0341895,80.2325615,node/6936324681
Saravanan Eye Hospital,hospital,11.087711,79.6474095,node/6936324923
Sri Vaishnavi Nursing Home,clinic,13.1164154,80.146014,node/6936328118
Thembavani Hospital,hospital,9.9320191,78.1005648,node/6936332749
Tirunelveli Medical College and Hospital,hospital,8.7119289,77.7507403,node/6936332882
Tirunagar Hospital,hospital,9.8814616,78.0567133,node/6936332883
Umar Hospital,hospital,8.1866574,77.431709,node/6936334917
Mahathma Eye Hospital,hospital,10.8179628,78.6843556,node/6936335755
Thirumurugan Hospital,hospital,10.8288801,78.702549,node/6936339119
Sundar Health Centre,clinic,12.9284225,80.1184121,node/6936339685
Sundaram Arulraj Hospitals,hospital,8.8081533,78.1399959,node/6936339690
Sundaram Cancer Centre,hospital,13.07604,80.2366224,node/6936339695
"Sundaram Hospital, Kanchipuram",hospital,12.6879787,79.9786127,node/6936339696
R.R Hospital,hospital,9.9211001,78.1492368,node/6936339706
R.R. Eye Instutute and Laser Foundation,hospital,13.0483992,80.2040416,node/6936339711
Raja Hospital,hospital,8.7280124,77.7222513,node/6936339712
"Rajah Hospital, Coimbatore",hospital,11.0270299,77.0187333,node/6936339717
Radha Krishnan Hospital,hospital,8.3590699,77.2915381,node/6936339722
"Raj Nursing Home, Vellore",clinic,12.8957453,79.1362837,node/6936339727
"Raja Hospital, Dharmapuri",hospital,11.9792908,78.2509482,node/6936339732
Rajalakshmi Nursing Home,clinic,13.084629,80.2247456,node/6936339747
Rajan Clinic,clinic,9.9115759,78.1184893,node/6936339748
"The Eye Foundation, The Nilgiris",hospital,11.4033382,76.7144568,node/6936339754
Avm Medical Ent Research Foundation Pvt Ltd,hospital,13.0441485,80.2637114,node/6936339822
"Dr Agarwal Vasns Eye Hospital, Salem",hospital,11.6700596,78.1381854,node/6936346133
Sree Ganapathy Nursing Home,clinic,11.0983368,77.3552607,node/6936347491
"Kannan Hospital, Pudukkottai",hospital,10.3792573,78.8162693,node/6936347898
"Prashanthi Hospital, Tiruvannamalai",hospital,12.5144881,79.1294789,node/6936352046
"Aditya Hospital, Chennai",hospital,13.0806801,80.2486159,node/6936356289
Dr Lalitha Nursing Home,clinic,10.8204725,78.6830544,node/6936356697
St.Mary Of Leuca Hospital,hospital,9.9565255,78.1478682,node/6936359686
Dr Sudhakar Ent Care Centre,hospital,11.6713519,78.1399383,node/6936359687
Tirukumaran Hospitals,hospital,11.3782118,77.8914933,node/6936359888
Thiraviam Orthopaedic Hospital,hospital,8.1977878,77.4449055,node/6936359893
Thilagavathy Hospital,hospital,10.7589696,78.7045486,node/6936359898
Thenmani Hospital,hospital,8.8058168,78.1530891,node/6936359903
Theiva Nursing Home,clinic,8.8013877,78.1435753,node/6936359908
"Sudha Nursing Home, Virudhunagar",clinic,9.4485512,77.7989759,node/6936359913
Laser and Laparascopic Hospital,hospital,13.0430125,80.2371521,node/6936359923
Lalitha Hospital,hospital,11.0174139,76.9617565,node/6936359924
Lalitha Nurshing Home,clinic,13.0477067,80.185183,node/6936359934
Lalitha Clinic,clinic,10.3740295,78.8206829,node/6936359935
Lakshmi Maternity Hospital,hospital,12.9938673,80.2528444,node/6936359940
Lakshmi Maternity And Childrens Hospitals,hospital,9.8424572,77.3780903,node/6936359941
"Lakshmi Hospital, Vellore",hospital,12.9684926,79.1369931,node/6936359946
"Lakshmi Hospital, Krishnagiri",hospital,12.7328212,77.8254358,node/6936359951
L.P. Hospital,hospital,9.9042398,78.0952634,node/6936359956
"Hindusthan Hospital, Coimbatore",hospital,11.019682,76.9947731,node/6936359961
"Kumaran Hospital, Vellore",hospital,12.9459476,79.1373874,node/6936359962
"Kumaran Hospital, Coimbatore",hospital,11.0150812,76.95132,node/6936359967
Kumaran Hospital Pvt.Ltd.,hospital,13.0790289,80.2490893,node/6936359972
"Kumar Hospital, Kanniyakumari",hospital,8.2528525,77.3115702,node/6936359978
K.S. Hospital,hospital,10.9649788,79.3777348,node/6936359987
Kts Nursing Home,clinic,13.1225671,80.224244,node/6936359992
D R J Hospital P. Ltd.,hospital,13.1217887,80.1996361,node/6936369001
Surya Polyclinic,clinic,10.6626982,77.0122866,node/6936372493
"Saravana Hospitals, Dindigul",hospital,10.3658056,77.977556,node/6936379161
Royal Hospital For Children,hospital,8.6959017,77.739408,node/6936380669
K.M. Hospitals,hospital,10.6625561,77.003421,node/6936384095
"Dr Agarwals Eye Hospital Ltd, Chennai",hospital,13.0381353,80.1619336,node/6936386662
Apollo Specialty Hospitals Private Limited,hospital,13.0177957,80.2711008,node/6936391765
Devaki Speciality Hospital,hospital,10.0742927,78.7730891,node/6936392341
Darshan Eye Clinic,clinic,13.0883153,80.2162363,node/6936395127
Amalya Eye Hospital,hospital,13.0877615,80.2423476,node/6936411410
Dr. A. Ramachandran's Diabetes Hospital,hospital,13.0685338,80.2579902,node/6936415699
Sri Krishna Eye Hospital,hospital,10.3799051,78.819032,node/6936415725
Dr Velan Memorial Hospital,hospital,8.2620832,77.6851697,node/6936416551
Rss Hospital,hospital,10.7528997,79.1211198,node/6936416762
Bhavani Hospital,hospital,11.6745697,78.1362683,node/6936421216
Rajendhira Hospital,hospital,10.8537595,78.6988778,node/6936421504
Devi Hospital,hospital,8.7250836,77.7179718,node/6936426589
"Sanjeevani Hospital And Maternity Home, Annur",hospital,11.21711,77.0872946,node/6936428062
"Srushti Hospital, Ramapuram",hospital,13.0353484,80.1822808,node/6936434314
Kerala Ayurvedic Hospital,hospital,10.8184647,78.6858845,node/6936440594
"Sankara Eye Hospital, Coimbatore",hospital,11.0133673,76.9553728,node/6936443894
Kerrison Memorial Hospital,hospital,11.6604257,78.1579573,node/6936447984
SR ENT Clinic,clinic,11.3975843,79.69616,node/6936468804
Veecare Eye Hospital,hospital,13.0843952,80.2182426,node/6936469837
Arun Nursing Home,clinic,8.7246276,77.6876548,node/6936476052
A. G. Nursing Home,clinic,13.1242872,80.0266014,node/6936482969
Sanjeevini Nursing Home,clinic,13.1169712,80.2883984,node/6936488132
"Vijay Hospital, Krishnagiri",hospital,12.7350679,77.825517,node/6936492063
Karpagam Hospital,hospital,9.9347522,78.1260974,node/6936494384
Selvan Clinic,clinic,8.8729787,78.0303948,node/6936521907
Kiruba Hospital and Kiruba Diabetess Centre,hospital,9.9139076,78.1382619,node/6936561457
"Saravana Hospitals, Madurai",hospital,9.9414272,78.1255046,node/6936566484
Srinivasa Clinic,clinic,9.5127063,77.6318246,node/6936567761
"C.S.R. Nursing Home, Coimbatore",clinic,11.0209812,76.9661131,node/6936582309
Sankararaman Nursing home,clinic,10.4545446,77.5132093,node/6936592694
Madurai Eye Center,hospital,11.0137122,76.951316,node/6936609173
A.J. Hospital,hospital,8.1162996,77.5314336,node/6936631018
A K C Nursing Home,clinic,10.7806949,79.1315268,node/6936632837
Vigneshwar Hospital,hospital,9.8228463,77.987287,node/6936663144
Velachery K S Hospital,hospital,12.9763914,80.2114016,node/6936663153
Vega Ent Hospital,hospital,11.0142295,76.9437897,node/6936663154
Veeramani Hospital,hospital,8.8012141,78.1388909,node/6936663159
Vasantha Nursing Home,clinic,13.1168268,80.2876957,node/6936663164
"Vasan Eye Care Hospital, Sivaganga",hospital,9.8481139,78.4882955,node/6936663174
"Vasan Eye Care Hospital, Anna Nagar",hospital,9.9207837,78.1488901,node/6936663181
K.J. Hospital,hospital,13.0790015,80.25267,node/6936669886
Geeth Ragunath Hospital,hospital,11.5954889,78.5955383,node/6936677065
Selvan Hospital,hospital,8.6951036,77.7156933,node/6936677070
Spt Hospitals,hospital,11.0143493,76.9614293,node/6936677079
Sathya Physiotherapy Centre,hospital,13.0440365,80.2336198,node/6936681265
Sathya Hospital and Balaji Laparoscopy Centre,hospital,9.362018,78.8461062,node/6936681266
Sri Balaji Ent And Maternity Clinic,clinic,13.0257935,80.2227634,node/6936681271
Sri Baalamurugan Nursing Home,clinic,9.9491891,78.8178961,node/6936681272
Sri Anjana Nursing Home,clinic,10.9558611,78.0816284,node/6936681277
Sri Adhi Parasakthi Hospital,hospital,9.8476687,78.4902804,node/6936681282
K. K. Hospital,hospital,8.4995653,78.1173232,node/6936684296
Kensington Hospital,hospital,13.0788382,80.2469368,node/6936684311
Ponmalligai Hospital Pvt Ltd,hospital,12.9925116,80.2061465,node/6936684328
RMMC Multi Speciality Hospital,hospital,10.8739587,78.8148531,node/6936684329
"Kannan Nursing Home, Chidambaram",clinic,11.3997216,79.6954156,node/6936684336
"Sacred Heart Hospital, Tuticorin",hospital,8.8146048,78.1467699,node/6936684347
Ashwin Hospital,hospital,11.3330395,77.7197233,node/6936684352
"The Schieffelin Institute Of Health Research & Training Centre, Karigiri",hospital,12.9938366,79.1969506,node/6936684357
Deepika Eye Care Hospital,hospital,12.9512057,79.9389294,node/6936684362
Sri Bala Hospital,hospital,11.6566667,78.4010889,node/6936684369
Aarthy Eye Hospital,hospital,10.9607775,78.0741034,node/6936684382
Pdr Othopaedic Hospital,hospital,13.0389519,80.2290894,node/6936684391
Sre-Vidya Hospital,hospital,12.518789,78.2186571,node/6936695087
Sree Devi Hospital,hospital,10.8575916,78.6924908,node/6936695092
Sree Shanthi Hospital,hospital,11.2778297,77.5885653,node/6936695097
Sree Sakthi Hospital,hospital,12.7605506,80.0025071,node/6936695102
Dr K Padmavathy Hospital,hospital,11.0081878,76.9578948,node/6936695107
"Durga Nursing Home, Tiruvallur",clinic,13.1252733,80.141872,node/6936695116
Eeswari Nursing Home,clinic,10.8228419,78.687471,node/6936695121
E V Kalyani Medical Centre,hospital,13.0427786,80.2706811,node/6936695126
"Vijaya Hospital, Kanniyakumari",hospital,8.2552229,77.3089349,node/6936695132
Vijay's Nursing Home,clinic,13.0266147,80.2283525,node/6936695137
Vikram Hospital and New Vikram Hospital,hospital,9.921439,78.1411265,node/6936695138
Vinayak Clinic,clinic,13.1584009,80.301336,node/6936695143
Vinayaka Mission’s Kirupananda Variyar Medical College,hospital,11.5977669,78.0850992,node/6936695148
Vinodhagan Hospital,hospital,10.7742499,79.1363052,node/6936695167
Yogi Vedha Kumari Hospital,hospital,13.0269877,80.2631588,node/6936695172
Xcellent Care Superspeciality Hospital,hospital,12.9833895,80.2181782,node/6936695177
Women and Children Foundation,hospital,13.0478465,80.2329075,node/6936695178
Williams Children Hospital,hospital,8.3080257,77.2191487,node/6936695179
Willam Hospital,hospital,8.1913525,77.4233311,node/6936695184
VN Neuro Hospital and Vn Neuro Center,hospital,9.9229939,78.1140697,node/6936695189
"Subam Hospital, Madurai",hospital,9.931422,78.1062001,node/6936695200
Subamathi Clinic,clinic,13.0473037,80.1121954,node/6936695205
"Subham Nursing Home, Tirunelveli",clinic,8.7046869,77.457355,node/6936695210
சுபிக்ஷா மருத்துவமனை,hospital,12.9740991,80.1387607,node/6936695215
Subramania Pillai Memorial Hospital,hospital,8.1719664,77.4654814,node/6936695216
Sucha Eye Cure,clinic,13.0390577,80.1931438,node/6936695225
"Sudha Hospital, Chennai",hospital,13.0791504,80.2541493,node/6936695226
Sudha Institute of Medical Sciences Hospital,hospital,11.3371539,77.7109247,node/6936695231
V.S.R Ortho Hospital,hospital,12.8328233,79.7036849,node/6936696190
V.S. Hospital,hospital,10.7776292,79.6366417,node/6936696191
V.K. Hospital,hospital,13.0816938,80.2522811,node/6936696196
"V. G. Hospital, Thudiyalur",hospital,11.0706896,76.9420054,node/6936696197
V N Neuro Care Centre and Hospital,hospital,9.9248843,78.11884,node/6936696202
V K Hospital,hospital,11.3513792,77.7313976,node/6936696207
Uma Kumar Hospital,hospital,12.7362537,77.8243053,node/6936696212
Udhayam Hospital,hospital,11.5064193,77.2467814,node/6936696217
"Udaya Nursing Home, Theni",clinic,10.0235876,77.4793303,node/6936696224
U.K. Hospitals Pvt. Ltd.,hospital,13.0838857,80.2252632,node/6936696229
U.K. Hospital,hospital,10.5845774,77.2544271,node/6936696234
"Trust Hospital, Chennai",hospital,13.0892193,80.2415402,node/6936696239
Titan Eye,hospital,13.082343,80.2076291,node/6936696240
Sri Krishna Clinic,clinic,10.8284244,78.6843677,node/6936707990
Sree Karunya Hospital,hospital,11.112514,78.0120948,node/6936707995
Sai Ortho Care Hospital,hospital,13.0332775,80.2371645,node/6936708005
Dr Nsk Hospital,hospital,11.3381737,77.7153821,node/6936708006
Sri Vishnu Priyaa Hospitals Pvt Ltd,hospital,11.036949,76.927958,node/6936708011
Madurai City Hospital,hospital,9.9268962,78.1434533,node/6936708016
Ayyappa Hospital,hospital,11.6524111,78.1456836,node/6936708021
Sri Kumarun Hospital,hospital,10.7678786,79.1112238,node/6936708026
Geetha Clinic,clinic,9.4236319,77.5809887,node/6936708031
Aparna Hospital,hospital,10.9561995,76.9541618,node/6936708037
Anthony Sheeran Hospital,hospital,12.2351031,79.0790903,node/6936708042
Andavar Clinic and Nursing Home,clinic,10.6679726,77.0081641,node/6936708047
Sri Kamatchi Nursing Home,clinic,13.0373801,80.1130088,node/6936708052
Sri Kanna Speciality Hospitals,hospital,9.1843212,77.4029866,node/6936708057
Rajeshwari Nursing Home,clinic,10.9953069,77.2841138,node/6936708064
"Sms Hospital, Tirunelveli",hospital,8.72501,77.7384652,node/6936708069
"Smyle Hospital, Mettupalayam",hospital,11.2878481,76.9420704,node/6936708074
Snathi Hospital,hospital,11.4564245,78.1932485,node/6936708079
Snekaram Multi Specality Hospital,hospital,10.987562,76.9358088,node/6936708084
Sooriya Hospital,hospital,13.0481888,80.2035199,node/6936708989
Soundararajan Nursing Home,clinic,11.6379994,78.1517239,node/6936708990
எஸ் பி மருத்துவமனை,hospital,9.9224443,78.1489693,node/6936708995
Bhuvana Nursing Home,hospital,10.3604482,78.8367641,node/6936709000
Amruth Siddha and Ayurvedic Clinic,clinic,13.097668,80.2415751,node/6936709005
Sriram Child and Maternity Hospital,hospital,11.4739074,77.5783099,node/6936709010
Sigma Hospital,hospital,8.298323,77.2426911,node/6936709015
Sindhia Ortho Clinic,clinic,10.6634521,77.0105284,node/6936709020
Sri Sakthi Hospital,hospital,8.6998588,77.7247886,node/6936709025
Siva Hospital,hospital,8.1191701,77.3916073,node/6936709030
"Siva Hospital, Salem",hospital,11.6586631,78.1818277,node/6936709039
"Dr Sivakumar Multi Speciality Hospital, Vellore",hospital,12.9343057,79.152562,node/6936709044
Siva Sakthi Nursing Home,clinic,13.0607823,80.2217676,node/6936709049
Prabhu Poly Clinic,clinic,10.6627285,77.0096353,node/6936709051
P.P.S Pvt Hospital,hospital,9.4151802,78.3670445,node/6936709056
Pp Hospital,hospital,11.6474921,78.1561723,node/6936709061
Popular Eye Clinic,clinic,12.9162622,79.1353758,node/6936709066
Poorani Hospital,hospital,10.0732548,78.7724534,node/6936709071
Chandra Hospital,hospital,9.9104173,78.1200148,node/6936709076
Centre For Blood Disorders,hospital,13.0496502,80.2410582,node/6936709086
Csm Nursing Home,clinic,13.037934,80.2170509,node/6936709093
C.S.I. Mission General Hospital,hospital,10.8233069,78.6746728,node/6936709095
Booma Nursing Home,clinic,9.935562,78.1342573,node/6936709096
Bone and Joint Hospital,hospital,10.8271085,78.6790998,node/6936709101
Kulasekaran Hospital,hospital,10.0072826,77.4839088,node/6936709106
Kshetropasna Medical Trust Ayurveda Hospital,hospital,12.9830693,79.9379463,node/6936709111
Krithika Hospital,hospital,9.9179408,78.1322095,node/6936709116
Krishnammal Memorial Hospital,hospital,10.0233921,77.4798828,node/6936709121
"Krishna Hospital, Tirunelveli",hospital,8.7269984,77.7348013,node/6936709126
"Krishna Hospital, Tiruchirappalli",hospital,10.7729404,78.6844549,node/6936709131
Arun Hospital,hospital,10.0080724,77.3490836,node/6936711042
Roselin Gandhi Hospital,hospital,13.1166714,80.2803303,node/6936738654
Manushree Nursing Home,clinic,12.9063092,80.0946544,node/6936740122
Sam Hospital,hospital,8.1878826,77.422725,node/6936744366
"Srinivasa Hi-Tech Multi Speciality Hospital, Madurai",hospital,9.9288566,78.1277597,node/6936752624
Sandhya Hospital,hospital,12.9382969,79.1684776,node/6936770777
"Maruthi Hospital, Coimbatore",hospital,11.0031531,76.9513019,node/6936794080
"Kannan Hospital, Cuddalore",hospital,11.7618511,79.7616957,node/6936817053
Kannan Nursing Home,clinic,10.9572712,79.3733843,node/6936817612
Samuvel Hospital,hospital,8.2013645,77.308257,node/6936845824
Sree Sai Krishna Poly Clinic Hospital,clinic,13.0838165,80.236031,node/6936854953
Paterson Cancer Center / Vijaya Health Centre Premises,hospital,13.0475826,80.2069719,node/6936874933
Srimathi Murugeshan Hospital,hospital,11.3389205,77.7187791,node/6936884696
Aarthi Scans,clinic,13.0346684,80.2576784,node/6936891601
Preeth Nursing Home,clinic,10.963732,78.0700614,node/6936906560
Fertility Research Centre,hospital,13.0558855,80.2481343,node/6936953154
"Mayura Hospital, Perumanallur",hospital,11.2071766,77.3560774,node/6936970119
Kani Hospital,hospital,8.723404,77.6628712,node/6936971157
Spot Hospital,hospital,13.047269,80.2187347,node/6936976871
Sri Harini Hospital,hospital,11.335935,77.7112643,node/6936985498
SRV Hospital,hospital,10.3803167,78.8188805,node/6936986717
Srv Hospital,hospital,10.3803443,78.8189676,node/6936986722
Abhiram Hospital Childrens Hospital and Vaccination,hospital,9.9270072,78.1436424,node/6936988337
B B Hospital,hospital,13.1184203,80.204346,node/6936994823
Sri Visa Clinic,clinic,13.0312145,80.2321847,node/6937025938
A R Hospital,hospital,9.3648762,78.819728,node/6937028765
Aishwarya Hospital,hospital,11.6716291,78.1267807,node/6937037750
Dr Ramanujam Nursing Home And Poly Clinic,clinic,8.7042733,77.4560527,node/6937041432
Dr Raos Services Hospital,hospital,10.0309302,78.3345392,node/6937041437
St. Joseph Hospital,hospital,10.3696827,77.9819307,node/6937049757
Abiraami Hospital,hospital,11.7559244,79.7617192,node/6937055897
Appasamy Krishna Hospital and Medical Research Centre,hospital,12.9758647,80.2205016,node/6937055902
"Ayesha Hospital, Thillaingar",hospital,10.8195073,78.6838654,node/6937058944
"Medindia Hospitals, Chennai",hospital,13.0606718,80.2432201,node/6937067452
Pauls Hospital,hospital,8.3148379,77.2023392,node/6937079826
"AG Hospital, Tiruppur",hospital,11.1090267,77.3528045,node/6937104970
"Aakash Hospital, Tiruvallur",hospital,13.1694824,80.304324,node/6937109075
K.M. Multi Speciality Hospital,hospital,13.1450072,80.2398249,node/6937111102
"Sankar Hospital, Tirunelveli",hospital,8.7258478,77.7070834,node/6937268472
Rs Ortho Hospital,hospital,9.4537859,77.5596638,node/6937287703
Devi Hospital,hospital,11.6786391,78.1415731,node/6937307978
Pentagon Hospital,hospital,10.763934,79.84079,node/6937308626
Abishek Ortho Center,hospital,10.9628788,78.0600715,node/6937315257
Rudhra-Chella Clinicare`N`Cure Services,hospital,13.1228878,80.293498,node/6937320470
K.K.R. ENT Hospital and Research Institute(P) Ltd,hospital,13.0781955,80.2452886,node/6937351599
Sri Hari Clinic,clinic,13.0352086,80.2164307,node/6937390213
"Mythri Hospital, Krishnagiri",hospital,12.5264111,77.7897745,node/6937397973
Roy's Heart Foundation,hospital,13.0345893,80.1836944,node/6937398987
Roselet Medical ObgandSurgical Centre,hospital,11.0177943,76.9612482,node/6937401730
D.V. Hospital,hospital,11.8442425,77.7489218,node/6937429060
"Preethi Hospital, Virudhunagar",hospital,9.673832,78.1012943,node/6937429739
Sakthi Hospital (P) Ltd.,hospital,10.4885207,77.7492832,node/6937432879
"Srinivasa Hospital P P N, Chennai",hospital,13.0503377,80.2299377,node/6937434309
Karthic Nursing Home Pvt. Ltd.,clinic,10.9909191,76.9529521,node/6937449595
Gastro Cre Hospital,hospital,13.0394065,80.2507684,node/6937467152
K.M. Polyclinic,clinic,11.0061296,76.9475555,node/6937477838
Dr. A.G. Arumugam Nursing Home,clinic,13.0768382,80.2354315,node/6937478253
Karunai Hospital,hospital,9.9416266,78.1271461,node/6937478310
Aaditya Kamaraja Eye Hospital,hospital,13.0463676,80.1865241,node/6937497904
Dr. Agarwal`S Eye Hospital Ltd,hospital,12.9106975,79.131622,node/6937498370
Saraswathi Eye Hospital and Research Centre,hospital,9.9157056,78.1256247,node/6937498375
Deepam Nursing Home,clinic,9.5851766,77.9554519,node/6937514483
Sruti Hospitals,hospital,11.0060677,76.9525994,node/6937527640
Ponni Hospital & Fertility And Research Centre,hospital,9.9600054,78.1333676,node/6937550306
Surya Physiotherapy Clinic,clinic,12.9513926,80.1463768,node/6937550378
Aarthi Hospital,hospital,9.1745333,77.8662443,node/6937561346
Dr Ravishankars Eye Clinic and Nursing Home,clinic,13.0872141,80.2596062,node/6937570093
Seethapathy Nursing Home,clinic,13.0489087,80.2645898,node/6937594692
"Sri Venkateshwara Hospital ,Tiruchirapalli",hospital,10.8219673,78.6830614,node/6937624898
"Kasthuri Hospital, Chennai",hospital,12.9269402,80.1146503,node/6937630622
Saradha Hospital,hospital,8.1973491,77.4314482,node/6937633987
Sri Krishnan Hospital,hospital,9.4415591,77.5600933,node/6938653709
S.G.S. Nursing Home,clinic,12.9460718,80.146928,node/6950278739
Dr.A.L. Anantanarayana Lyer Memorial Nursing Home,clinic,8.9552932,77.3078788,node/6950287996
Sahishnatha Indtitute Of Maternal And Child Health,hospital,12.9531897,80.2541614,node/6950288001
J.B. Clinic And Hospital,hospital,11.3351769,77.7282031,node/6950339729
"Jaya Hospital, Madurai",hospital,9.8832823,78.0575944,node/6950339734
Immanuel Hosptal,hospital,13.1162117,80.1065513,node/6950427127
Jk Nursing Home,clinic,9.506425,78.0996099,node/6950484451
Chinthiya Dental Clinic,hospital,9.5085767,77.6333174,node/6982023777
burma doctor hospital,hospital,11.2414022,76.9600962,node/7007490376
Sushrusha Hospital,hospital,8.1957062,77.3923651,node/7160456286
dr.thangavel dch hospital,hospital,11.4619955,78.1849181,node/7161554514
surya hospital,hospital,11.4622163,78.1840544,node/7161554517
Jaaidev Hospital,hospital,11.6655205,78.2634736,node/7169887393
Chindoja Hospital,hospital,10.4220476,79.3207038,node/7180844233
Vetri Selvan Hospital,hospital,10.4247438,79.3189967,node/7180853123
Naadi Ortho Clinic,hospital,10.4218962,79.3228683,node/7180922142
Ahana Hospitals,hospital,9.9244589,78.1374639,node/7181557648
G.R.A.M. Hospital,hospital,10.4276252,79.3137842,node/7181568899
Santhosh Childrens Hospital,hospital,9.4423176,77.5600152,node/7181573219
Holy Family Mission Hospital,hospital,11.442748,76.8703468,node/7181579330
Adyar Dispensary,clinic,12.991685,80.2533312,node/7181579342
"Mangalam Hospital, Tiruchirappalli",hospital,10.8239814,78.6839486,node/7181628619
Deepam Hospital,hospital,10.0070957,77.3494919,node/7181635492
G.V.K. Hospital,hospital,11.6445919,78.1555742,node/7181635497
Sankari Hospital,hospital,12.9153529,79.1335011,node/7181669848
Siva E N T Hospital,hospital,13.0619796,80.2741693,node/7181684162
"Aravind Eye Hospital, Periyakulam",hospital,10.0238801,77.4800719,node/7181703453
Sri Rama Krishna Nursing Home,clinic,9.4580879,77.5542752,node/7181708540
"Vinayagam Laser Hospital, Chennai",hospital,13.0476113,80.2650954,node/7181711080
"Dr Agarwals Eye Hospital, Triplicane",hospital,13.0524884,80.2736449,node/7181721033
Ar Ortho Hospital,hospital,10.6622765,77.0125401,node/7181722906
"Dr.Agarwal's Eye Hospital Ltd., Gopala Puram",hospital,13.0432085,80.259169,node/7181722911
Dr. M. Mohamed Meeran Clinic,clinic,13.1216418,80.2436035,node/7181734862
Ramarau Polyclinic,clinic,13.0782438,80.2456386,node/7181744123
Harvey Clinic,clinic,9.4538375,77.5594372,node/7181744138
Bharani Hospital,hospital,13.0380111,80.2013205,node/7181748147
"Sangeetha Hospital, Thanjavur",hospital,10.4267995,79.3160688,node/7181761275
Hanifa Nursing Home,clinic,10.5364977,79.638642,node/7181761280
"Sri Meenakshi Nursing Home, Salem",clinic,11.7449162,78.0474637,node/7181779099
Dr.K.N. Sengotayan Nursing Home,clinic,11.4576522,77.4291757,node/7181779104
Vasantha Hospital,hospital,13.1738112,80.294082,node/7181795816
K.K. Nagar Dispensary and Polyclinic,clinic,13.0368,80.2079107,node/7181812928
"Rhyatham Hospital, Kovilpatti",hospital,9.1742024,77.8657394,node/7181812929
"Sakthi Nursing Home, Dharmapuri",clinic,12.1333476,77.8952537,node/7181812934
N.R.K Hospital,hospital,10.6634633,79.4480496,node/7181812939
Dr Sugumar Nursing Home,clinic,12.9813316,80.1248614,node/7181812944
Arthur Asirvatham Hospital,hospital,9.9240771,78.1392731,node/7181812945
Em. Es. Clinic,clinic,10.1644757,78.9919487,node/7181884829
South Zone Ent Research Centre,hospital,11.9301511,79.4803694,node/7183840091
Selvaa Hospital,hospital,8.6836443,78.0350315,node/7184228792
Amma Hospital,hospital,12.7393554,77.8326981,node/7184228803
Sri Rama Chandra Hospital,hospital,9.9234022,78.1149857,node/7210861807
Sri Ragavendra Hospital,hospital,11.2151734,78.1703431,node/7210861812
Government Hospital,hospital,11.3900664,78.1606968,node/7210861817
Usha Hospital,hospital,8.2510657,77.5235413,node/7210861826
Rajam Clinic,clinic,9.9156072,78.124712,node/7210861831
Muthuvel Rajan Hospital,hospital,9.92495,78.1190044,node/7210861836
South Zone Ent Research Centre,hospital,11.9289946,79.4806509,node/7210874273
SIMS Children Hospital,hospital,11.3376687,77.7106065,node/7210880783
Sri Gokulam Speciality Hospital,hospital,11.6788724,78.1274258,node/7210884237
Sholai Medical Centre,hospital,11.3364905,77.7107674,node/7210884260
Tamil Nadu Urological Research Centre Best Kidney Stone Clinic,hospital,13.0748708,80.2147555,node/7210895386
Sree Sanjeevi Rayan Hospital,hospital,13.1992282,80.1786155,node/7210899888
Sri Ranga Hospitals,hospital,13.0290525,80.2636265,node/7210911300
Shree Sivaa Hospital,hospital,11.0450728,76.9856121,node/7210911318
Aroghya Nursing Home,clinic,11.0246121,76.911949,node/7210920536
Lakshmi Madhavan Hospital,hospital,8.7262514,77.7211816,node/7210920541
Dr. BRJ Ortho Centre,hospital,11.0340354,76.9512209,node/7210924997
Sri Devi Hospital,hospital,12.9672419,79.9456429,node/7210925002
R K Eye Care Center,hospital,11.4589079,78.1913596,node/7210947158
"K.H Hospital , Kanchipuram",clinic,12.8205584,79.6973291,node/7210948160
S S Medical Centre,hospital,11.6706585,78.1398415,node/7210948167
Sri Venkatswara Hospital,hospital,10.7608285,79.8426391,node/7210948172
Chamiers Day Care Center,hospital,13.0297278,80.2446245,node/7210948177
"Krishna Hospital, Namakkal",hospital,11.3754811,77.8931817,node/7211594048
K.V. Hospital - Senthil Kidney Centre,hospital,12.1255592,78.1581934,node/7211594053
S.A.M Hospital,hospital,10.8189824,78.6837253,node/7213391109
London Harley Street Women And Fertility Centre,hospital,12.9609724,80.2421492,node/7213394742
"ESIC Hospital, Virudhunagar",hospital,9.5910952,77.9633891,node/7213394743
"Sakthi Nursing Home, Coimbatore",clinic,11.1728489,76.9536547,node/7213394744
Sri Kumaran E N T Hospital,hospital,11.3657814,77.7477763,node/7213437226
Sri Krishna Hospital,hospital,11.3656648,77.7477783,node/7213437227
"Mathura Scan Centre, Nagercoil",hospital,8.1815945,77.4153596,node/7213437236
Thilagaram Orthopaedic Hospital,hospital,8.1821799,77.4153596,node/7213437237
Gas Hospital,hospital,13.003026,80.2540981,node/7213449202
Adyar Ortho Clinic,clinic,13.0017764,80.2518544,node/7213449203
Siloam Hospital,clinic,13.0012776,80.2498239,node/7213449204
Dr VK Jayalakshmi - Vishnu Fertility Centre,clinic,13.0015495,80.2497784,node/7213449205
Maris Hospital,hospital,8.9769986,77.4185219,node/7213450726
Thangamathi Nursing Home,hospital,8.9770274,77.4183653,node/7213450727
GP Hospital,hospital,12.2292039,79.0745071,node/7213492554
Vignesh Hospital,hospital,12.2242836,79.0742584,node/7213492563
Dr.Bala Subramanian,hospital,13.0465056,80.2423799,node/7213492568
Chandra Test Tube Baby Centre,clinic,11.2241806,78.1645931,node/7213542257
Joe Hospital,clinic,12.5209601,78.2150623,node/7213542264
Ohm Prakash Clinic,clinic,12.5206321,78.2159682,node/7213550685
Nathans Speciality hospital,hospital,12.5203307,78.2174264,node/7213550686
A R K Nursing Home,clinic,12.5207422,78.2166169,node/7213550691
Kanna Hospital,hospital,10.3651479,77.9821757,node/7213550703
"Hospital, Dindigul",hospital,10.3674179,77.9796011,node/7213550710
S.T. Hospital,hospital,10.959951,79.3803073,node/7216704755
Csi Bellpins Indrani Chelladurai Mission Hospital,hospital,8.7232798,77.7488801,node/7249356826
"Government Hospital, Sendamaram",hospital,9.059941,77.437467,node/7249356831
"Government Hospital, Betmanagaram",hospital,8.6502083,77.9549229,node/7249356833
"Government Hospital, Sokkalal",hospital,8.7400328,77.5221934,node/7249356834
Poigai Government Hospital,hospital,9.0359224,77.3892891,node/7249356835
Srivaikundam Government Hospital,hospital,8.6289886,77.9124722,node/7249356836
Chellam Natarajan Nursing Home,clinic,8.7354558,77.712296,node/7249356837
"Government Hospital, Ottapidaram",hospital,8.909187,78.021275,node/7249356838
Eswari Hospital,hospital,9.1743019,77.5419414,node/7249356839
C. J. Hospital,hospital,8.883598,77.388918,node/7249356841
J.K.Hospital,hospital,8.6770516,77.7412301,node/7249356845
Balaji Hospital,hospital,8.9550625,77.3115106,node/7249356849
Government Hospital Veeranam,hospital,8.941453,77.500121,node/7249356853
"Government Hospital, Kayalpattinam",hospital,8.5675729,78.1207651,node/7249356855
Jamiaah Nursing Home,clinic,8.730101,77.681362,node/7249356856
Mahalakshmi Nursing Home,clinic,8.9777887,77.4196276,node/7249356859
Sugam Hospital,hospital,8.5153651,77.5540506,node/7249356860
"Government Hospital, Kadayanallur",hospital,9.0843307,77.3471138,node/7249356861
"Govt. Primary Hospital, Nalli",hospital,9.2375269,77.9070875,node/7249356865
Vadakarai Government Hospital,hospital,9.0357839,77.2717625,node/7249356868
"Government Hospital, Eral",hospital,8.6281021,78.0228847,node/7249356870
Shanthi Nursing Home,clinic,9.1742054,77.5382076,node/7249356872
El-Shaddai Nursing Home,clinic,8.7040917,77.735289,node/7249356874
"Government Hospital, Sayalkudi",hospital,9.1673279,78.4439116,node/7249356876
"Government Hospital, Ambasamudram",hospital,8.7028117,77.4579979,node/7249356877
S.K.R Clinic,clinic,8.6930873,77.5196622,node/7249356880
Muthamil Hospital,hospital,8.7162149,77.7321912,node/7249356883
Sundarapandiapuram Government Hospital,hospital,8.9632748,77.3804556,node/7249356884
St.Mary's Hospital,hospital,9.1864337,77.4024781,node/7249356885
Meena Nursing Home,clinic,8.9487229,77.7740535,node/7249356886
Thanga Vinayagam Clinic,clinic,9.180949,77.3960465,node/7249356887
"Government Hospital, Veerakeralampudur",hospital,8.9389031,77.4493598,node/7249356889
"Government Hospital, Kulayaneri",hospital,8.9999351,77.4322512,node/7249356890
Sudharson Platinum Hospitals,hospital,8.729866,77.71944,node/7249356892
Kamala Nurshing Home,hospital,8.976933,77.420813,node/7249356896
Thanam Hospital,hospital,8.5150572,77.5560818,node/7249356897
Jeyarathna Hospital,hospital,8.7231595,77.6915029,node/7249356898
"Government Hospital, Reddiarpatti",hospital,8.6735412,77.7437318,node/7249356904
Yusuf Zulaikha Hospital,hospital,9.2301694,78.7844509,node/7249356906
"Government Hospital, Puliyangudi",hospital,9.1694504,77.3956889,node/7249356910
"Government Hospital, Valinokkam",hospital,9.1657692,78.6425093,node/7249356913
Lakshmi Nursing Home,clinic,8.7004812,77.4521408,node/7249356914
"Government Hospital, Alangulam",hospital,8.867049,77.49199,node/7249356915
"Government Hospital, Ettaiyapuram",hospital,9.1480267,77.9916476,node/7249356916
Veeravanallur Government Hospital,hospital,8.6908972,77.5252827,node/7249356917
"Government Hospital, Cheranmahadevi",hospital,8.682902,77.563989,node/7249356920
Sriram Hospital,hospital,8.9611962,77.3067831,node/7249356921
Shiva Hospital,hospital,8.9579361,77.3084693,node/7249356924
NMS Hospital,hospital,9.1789609,77.5357748,node/7249356925
Chandra Nursing Home,clinic,8.7094475,77.4088764,node/7249356926
Dr. PM. Hospital,hospital,8.919435,77.39024,node/7249356927
Shifa Hospital,hospital,8.7284606,77.7101795,node/7249356930
"Government Hospital, Uthumalai",hospital,8.9805198,77.5263839,node/7249356931
"Government Hospital, Shenkottai",hospital,8.9717717,77.2474154,node/7249356933
Veema Hospital,hospital,8.5148968,77.557595,node/7249356934
Manakaavalam Pillai Government Hospital,hospital,8.7267341,77.7388735,node/7249356935
"Government Hospital, Tenkasi",hospital,8.9707606,77.3036864,node/7249356936
Sankarankovil Government Hospital,hospital,9.1688041,77.5363683,node/7249356945
Nettur Government Hospital,hospital,8.9140846,77.5274798,node/7249356948
Government Hospital Vadamalapur,hospital,9.1545023,77.4725976,node/7249356949
Peace Health Centre,hospital,8.6995388,77.7264438,node/7249356950
Latha Hospital,hospital,8.9090277,77.3783734,node/7249356951
Sri Gomathi Clinic,clinic,9.1834724,77.5347115,node/7249356958
Pettai Government Hospital,hospital,8.7220798,77.6589633,node/7249356959
Srivaiyapuri Nursing Home,clinic,9.178848,77.5385991,node/7249356960
"Government Hospital, Kovilpatti",hospital,9.175784,77.8743474,node/7249356962
"Government Hospital, Melapalayam",hospital,8.705728,77.709929,node/7249356963
Joseph Hospital,hospital,8.7249129,77.7312637,node/7249356968
"Government Hospital, Vadakupappankulam",hospital,8.7761606,77.4214125,node/7249356971
"Government Hospital, Ervadi",hospital,9.22199,78.701598,node/7249356973
"Government Hospital, Kalugumalai",hospital,9.1507621,77.7018977,node/7249356979
Gomathy Hospital,hospital,8.6886524,77.463876,node/7249356982
Government Hospital Kadaladi,hospital,9.216809,78.495177,node/7249356987
Dr.Ala Memorial Hospital,hospital,8.9551686,77.3078937,node/7249356988
Annamalai Hospital,hospital,9.177388,77.5330322,node/7249356989
"Vickramasingapuram,Government Hospital",hospital,8.7146591,77.3859391,node/7249356990
Sri Senthil Hospital,hospital,9.175173,77.5326973,node/7249356991
Seethalakshmi Nursing Home,clinic,8.7048852,77.4564384,node/7249356992
"Government Hospital, Kayathar",hospital,8.944803,77.776083,node/7249356993
"Goverment Hospital, Ayikudi",hospital,9.0014243,77.3460958,node/7249356994
Sree Mookambika Cancer Centre,hospital,8.361361,77.290561,node/7249361564
PPM Hospital,hospital,8.13245,77.365941,node/7249361565
Asha Hospital,hospital,8.2436676,77.319703,node/7249361567
Renuga Hospital,hospital,8.1700258,77.4373739,node/7249361571
Amala Hospital,hospital,8.266006,77.2916631,node/7249361572
Dennis Hospital,hospital,8.2637498,77.2958409,node/7249361573
Valliyur Government Hospital,hospital,8.397798,77.5947675,node/7249361574
"Government Hospital, Navaladi",hospital,8.2577282,77.8244722,node/7249361575
"Government Hospital, Kulaseram",hospital,8.3723617,77.2993624,node/7249361576
Rani Hospital,hospital,8.5119618,77.5592599,node/7249361578
Binu Medical Centre,hospital,8.1852759,77.2497986,node/7249361580
Subam Hospital,hospital,8.269539,77.439625,node/7249361583
Chandriga Hospital,hospital,8.181537,77.426428,node/7249361584
SJ. Hospital,hospital,8.1966937,77.4282444,node/7249361585
Annai Theresa Hospital,hospital,8.1584201,77.4255439,node/7249361588
Aaditya Hospital,hospital,8.1760644,77.431521,node/7249361591
"Government Hospital, Karungal",hospital,8.2293305,77.2413827,node/7249361592
"Vadakkankulam,Government hospital",hospital,8.2633917,77.6097885,node/7249361596
Eswari Nursing Home,clinic,8.39151,77.609073,node/7249361597
Carolin John Hospital,hospital,8.176412,77.409411,node/7249361600
Rita Hospital,hospital,8.288966,77.108227,node/7249361602
"Government Hospital, Nanguneri",hospital,8.4910559,77.6595461,node/7249361605
Lakshmi Hospital,hospital,8.1841839,77.4312631,node/7249361606
"Government Hospital, Radhapuram",hospital,8.268576,77.6864484,node/7249361607
"Government Hospital, Kuttakuzhi",hospital,8.31212,77.261791,node/7249361610
Jeppiaar Remibai Hospital,hospital,8.166032,77.319129,node/7249361611
Vattavilai Government Hospital,hospital,8.1612986,77.4382857,node/7249361612
Krishnakumar Orthopaedic Hospital,hospital,8.194654,77.394216,node/7249361613
Rajalekshmi Hospital,hospital,8.158196,77.43251,node/7249361614
David Hospital,hospital,8.36402,77.2986301,node/7249361615
Ramya Hospital Velladichivilai,hospital,8.1543723,77.4462103,node/7249361616
Prakash Hospital,hospital,8.222139,77.3542614,node/7249361617
Latha Hospital,hospital,8.1683251,77.4357765,node/7249361621
A.M Hospital,hospital,8.205907,77.314965,node/7249361622
"Government Hospital, Mudalur",hospital,8.421419,77.942626,node/7249361625
Padukkapathu Government Hospital,hospital,8.3654859,77.981655,node/7249361626
Padhmanabapuram Government Hospital,hospital,8.247731,77.313351,node/7249361627
Kandaswamy Hospital,hospital,8.118839,77.52599,node/7249361629
"Government Hospital, Kuzhithurai",hospital,8.310425,77.212382,node/7249361634
"Government Hospital, Koodangulam",hospital,8.201218,77.710848,node/7249361635
Dr.Sivarajan Memorial Maternity Hospital,hospital,8.1578,77.458891,node/7249361636
Bethesda Hospital,hospital,8.1883256,77.427116,node/7249361637
"Government Hospital, Arumanai",hospital,8.362706,77.2377176,node/7249361638
Perinba Hospital,hospital,8.3601052,77.2989638,node/7249361641
Rajam Hospital,hospital,8.1738299,77.390855,node/7249361642
AVM Clinic,clinic,8.173497,77.402513,node/7249361644
"Government Hospital, Eruvadi",hospital,8.4335336,77.6006423,node/7249361646
Valliammai Achi Hospital,hospital,8.4152001,77.2715427,node/7249361648
Prasadh Hospital,hospital,8.1786649,77.2553802,node/7249361649
Mahalekshmi Hospital,hospital,8.1784249,77.4252555,node/7249361652
Csi Hospital. Nagercoil,hospital,8.1862388,77.4232201,node/7249361657
Idroos Hospital,hospital,8.274607,77.4409022,node/7249361658
Mercy Nursing Home,clinic,8.4463811,77.6055131,node/7249361659
Sivanthi Hospital,hospital,8.0908658,77.5494399,node/7249361660
"Csi Hospital, Marthandam",hospital,8.308594,77.2155581,node/7249361661
Blessing Hospital,hospital,8.1675245,77.4322708,node/7249361662
"Csi Hospital, Kulasekeram",hospital,8.3625758,77.2964418,node/7249361665
Sindhu Hospital,hospital,8.1453478,77.4318651,node/7249361666
Nirmala Hospital,hospital,8.2438336,77.2414673,node/7249361667
Rodrigues Hospital,hospital,8.35898,77.290056,node/7249361668
Mother Therese Hospital,hospital,8.1735644,77.4176254,node/7249361669
"Government Hospital, Seynamvilai",hospital,8.208495,77.27842,node/7249361670
Kalangudieruppu Goverment Hospital,hospital,8.4303468,78.0326817,node/7249361672
Ganesamony Hospital,hospital,8.170847,77.4322502,node/7249361673
Francis Hospital,hospital,8.266787,77.142518,node/7249361674
"Government Hospital, Colachal",hospital,8.1783591,77.2578485,node/7249361676
"Government Taluk Headquarters Hospital, Boothapandy",hospital,8.2647152,77.4439763,node/7249361677
S.R.Hospital,hospital,8.2442446,77.3207802,node/7249361678
Lakshmi Nursing Home,clinic,8.388654,77.610365,node/7249361679
Parvathy Nursing Home,clinic,8.513129,77.557125,node/7249361681
Devadhas Hospial,hospital,8.274207,77.14411,node/7249361684
"Government Hospital, Sathankulam",hospital,8.4430918,77.9096381,node/7249361685
MJ Hospital,hospital,8.165183,77.385274,node/7249361686
Jayalakshmi Hospital,hospital,9.3917216,77.4923075,node/7252142203
Pushpa Nursing Home,clinic,9.5120944,78.0950479,node/7252142204
Sathur Government Hospital,hospital,9.3531513,77.920013,node/7252142205
Malathi Nursing Home,clinic,9.446472,77.801259,node/7252142206
Manamadurai Government Hospital,hospital,9.6943125,78.4592323,node/7252142207
"Government Hospital, Sivagiri",hospital,9.3471299,77.4332285,node/7252142208
Blessen Prabhu Clinic,clinic,9.4537562,77.5525141,node/7252142212
Aravind Maternity Hospital,hospital,9.4527525,77.552606,node/7252142215
"Government Hospital, Srivilliputhur",hospital,9.5135667,77.6326207,node/7252142218
Krishna Hospital,hospital,9.354485,77.9196099,node/7252142219
Soundaram Nurshing Home,hospital,9.4504454,77.7941672,node/7252142220
Vijay Clinic,clinic,9.5836247,77.9563208,node/7252142221
"Government Hospital, Kallamanaickanpatti",hospital,9.3776064,77.7102567,node/7252142222
"Government Hospital, Keelathooval",hospital,9.4192489,78.5509953,node/7252142230
Surya Hospital,hospital,9.395436,77.499077,node/7252142232
Manimalar Maternity Hospital,hospital,9.5105955,78.0968013,node/7252142236
Sri Ram Hospital,hospital,9.4461139,77.801131,node/7252142238
Sankar Hospital,hospital,9.5095614,78.0975468,node/7252142239
Sruthi Hospital,hospital,9.444383,77.8017682,node/7252142242
"Government Hospital, Gudalur",hospital,9.67647,77.240587,node/7252142244
Nivin Hospital,hospital,9.4198385,78.3695236,node/7252142246
Meenakshi Clinic,clinic,9.5435956,78.5895004,node/7252142249
Ramanathapuram Government Hospital,hospital,9.363491,78.831889,node/7252142250
"Tiruchuli, Goverment Hospital",hospital,9.5356729,78.2035947,node/7252142251
ESI Sivakasi,hospital,9.4643146,77.7651711,node/7252142257
Shifan Hospital,hospital,9.367442,78.83615,node/7252142259
Ravi Clinic,clinic,9.3652215,78.8234581,node/7252142261
Sugam Clinic,clinic,9.636268,78.8438846,node/7252142263
Shivashankar Hospital & Research Cente,hospital,9.5905571,77.9499186,node/7252142265
Mandapam Camp Government Hospital,hospital,9.274733,79.136718,node/7252142266
Periyapattinam Government Hospital,hospital,9.2704775,78.9027595,node/7252142269
"Government Hospital, Auvudaiyapuram",hospital,9.4454589,77.952231,node/7252142270
Om Sakthi Hospital,hospital,9.6880693,78.4495485,node/7252142271
Maniraj Hospital,hospital,9.3543922,77.9196377,node/7252142272
Dhanya Hospital,hospital,9.4435946,77.5510019,node/7252142273
Government Hospital Kariapatti,hospital,9.6741205,78.0962516,node/7252142274
Thiruppalaikudi Government Hospital,hospital,9.5442253,78.9122689,node/7252142276
Xavier Hospitals,hospital,9.3635404,78.8495267,node/7252142278
Ramani Hospital,hospital,9.363482,78.837123,node/7252142281
Panchavarnam Hospital,hospital,9.5234174,77.6387692,node/7252142282
"Government Hospital, Kilavikulam",hospital,9.3611916,77.5911987,node/7252142283
Ashok Hospital,hospital,9.4474369,77.5538126,node/7252142284
Fathima Nursing Home,clinic,9.5155395,78.0940272,node/7252142285
Jothi Clinic,clinic,9.5890583,77.9588663,node/7252142286
Thiruthangal Government Hospital,hospital,9.48809,77.814176,node/7252142288
Jeya Nursing Home,clinic,9.5498445,78.5880501,node/7252142290
Anbu Hospital,hospital,9.3662105,78.8172629,node/7252142291
Watrap Government Hospital,hospital,9.6401576,77.6354437,node/7252142292
Sri Annai Harni Clinic,clinic,9.6357882,77.6405876,node/7252142294
Kamali Hospital,hospital,9.5084774,78.0971319,node/7252142301
Star Hospital,hospital,9.3538499,77.9203014,node/7252142303
Sri Hari Hospital,hospital,9.443618,77.560057,node/7252142304
Vanni Hospital,hospital,9.507182,78.097883,node/7252142305
Senthil Nursing Home,clinic,9.351873,77.920691,node/7252142307
P.A.C. Ramasamy Raja Memorial Government Hospital,hospital,9.4377748,77.5373647,node/7252142308
"Government Hospital, Mamsapuram",hospital,9.5052381,77.6018447,node/7252142309
Rajasuba Hospital,hospital,9.4235674,77.580285,node/7252142311
Menaka Hospital,hospital,9.4576565,77.7988751,node/7252142312
RR hospital,hospital,9.4532044,77.5590013,node/7252142313
"Government Hospital, Chokkanathan Pudur",hospital,9.3609775,77.4578589,node/7252142315
"General Hospital, Natham",hospital,9.4469967,78.4484804,node/7252142316
Kanna Clinic,clinic,9.5150578,77.6275229,node/7252142317
Dhanushkodi Hospital,hospital,9.354646,77.9167766,node/7252142318
"Government Hospital, Malaipatti",hospital,9.4851038,78.0014964,node/7252142319
"Government Hospital, Kunnur",hospital,9.5865151,77.6993822,node/7252142320
Pandalkudi Government Hospital,hospital,9.389392,78.103515,node/7252142321
Panaikulam Government Hospital,hospital,9.3662871,78.9499219,node/7252142323
Government Hospital Kamuthi,hospital,9.4158759,78.3659616,node/7252142326
"Government Hospital, Ilayankudi",hospital,9.6292182,78.6273668,node/7252142327
Meenakshi Sundaram Hospital,hospital,9.3977442,77.4961053,node/7252142332
"Government Hospital, Kalkurichi",hospital,9.6024514,78.0951809,node/7252142333
"Government Hospital, Appanur",hospital,9.264314,78.483371,node/7252142334
Saravana Hospital,hospital,9.394533,77.498601,node/7252142335
Saravana Hospital,hospital,9.3531567,77.9181089,node/7252142337
"Government Hospital, Mudukulathur",hospital,9.3492404,78.5152361,node/7252142339
Madhumitha Clinic,clinic,9.3644281,78.8291451,node/7252142346
Joseph Hospital,hospital,9.5154964,77.6343727,node/7252142347
Vittoba Clinic,clinic,9.3595411,78.8429352,node/7252142348
"Government Hospital, Narikkudi",hospital,9.587305,78.308569,node/7252142350
Latha Nurshing Home,hospital,9.3546493,77.9183979,node/7252142351
MSB Multispeciality Hospital,hospital,9.4846266,77.8142801,node/7252142352
Muthusamy Hospital,hospital,9.5840119,77.959814,node/7252142353
Siva Hospital,hospital,9.4749,77.812485,node/7252142355
MPCN Hospital,hospital,9.5717555,77.9587914,node/7252142356
Jawahar Hospital,hospital,9.3731406,78.8435213,node/7252142357
"Government Hospital, Devipattinam",hospital,9.468521,78.891103,node/7252142358
"Government Hospital, Paramakudi",hospital,9.5548798,78.575356,node/7252142359
Rajan Clinic,clinic,9.462343,77.781615,node/7252142360
Rasool Clinic,clinic,9.627507,78.627818,node/7252142361
"Government Hospital, Salaigrammam",hospital,9.6073822,78.7151305,node/7252142364
"Government Hospital, Zamin Kolangondan",hospital,9.3957054,77.5244062,node/7252142366
"Government Hospital, Nathampatti",hospital,9.6009693,77.7300528,node/7252142367
Shenbegam Hospital,hospital,9.9238037,78.1435794,node/7252177838
Gowtham Hospitals,hospital,9.879442,78.057386,node/7252177839
Sakthi Hospital,hospital,9.914701,78.099235,node/7252177840
Bright Hospital,hospital,9.933019,78.139696,node/7252177841
Pandukudi Hospital,hospital,9.808028,78.9713947,node/7252177842
Government Hospital,hospital,9.9028146,78.1883014,node/7252177846
Shastha Kidney And Multispeciality Hospital,hospital,9.939848,78.175138,node/7252177848
"Government Hospital, Kondagai",hospital,9.844083,78.185059,node/7252177850
Grace Hospital,hospital,9.9183299,78.1043613,node/7252177851
Jeya Raj Hospital,hospital,9.917528,78.118013,node/7252177852
Sivam Hospital,hospital,9.825613,77.985609,node/7252177853
S.S. Hospital,hospital,9.9236629,78.1214825,node/7252177855
Meenakshi Nursing Home,clinic,9.948817,78.820851,node/7252177856
Sundaram Hospital,hospital,9.9212771,78.0998905,node/7252177859
"Government Hospital, Idayamelur",hospital,9.9200701,78.4436757,node/7252177862
St. Joseph's Hospital,hospital,9.847558,78.865929,node/7252177864
"Sumathi Hospital,Anna Nagar,Madurai",hospital,9.923737,78.1467176,node/7252177866
Dinesh Nursing Home,clinic,9.953659,78.126468,node/7252177867
Thirupparankundrum Government Hospital,hospital,9.8788769,78.066615,node/7252177868
Ganesh Nursing Home,clinic,9.9117135,78.1196547,node/7252177869
Government Hospital Periyakottai,hospital,9.7882968,78.4164117,node/7252177870
Arasi Hospital,hospital,9.928607,78.0964222,node/7252177872
Karunai Hospital,hospital,9.942696,78.1274045,node/7252177874
Dhandapani Hospital (Sivagami Surgical Clinic),hospital,9.8431928,78.6379481,node/7252177876
R.K Gut Clinic,clinic,9.9362053,78.1314755,node/7252177878
Dr. Rm Devasena Hospital,hospital,9.9495216,78.8178762,node/7252177881
"Government Hospital, Tirumangalam",hospital,9.8254401,77.986555,node/7252177882
Life Care Hospitals,hospital,9.916351,78.097006,node/7252177883
"Government Hospital, Kamayakoundanpatti",hospital,9.737068,77.316911,node/7252177886
Sabari Maternity And Children Hospital,hospital,9.8492413,78.4867869,node/7252177887
Osho Clinic,clinic,9.92007,78.148546,node/7252177888
Aroma Hospital,hospital,9.9442065,78.1425622,node/7252177889
Sri Sai Clinic,clinic,9.847488,78.4829985,node/7252177890
"Varusanadu,Government Hospital",hospital,9.726194,77.518126,node/7252177891
Sri Krishna Children's Hospital,hospital,9.9252562,78.1134833,node/7252177894
"Government Hospital, Alligundam",hospital,9.8776554,77.7902909,node/7252177895
"Government Hospital, Balarengapuram",hospital,9.9128824,78.1312982,node/7252177896
Mohan Medicity Hospital,hospital,9.9348695,78.1457357,node/7252177897
"Government Hospital, Govindanagaram",hospital,9.9115115,77.5027323,node/7252177898
Pandian Heart Institute,hospital,9.9290073,78.1096085,node/7252177899
Government Hospital,hospital,9.941032,77.969804,node/7252177902
"Sellur,Government Maternity Hospital",hospital,9.9350427,78.1188461,node/7252177903
Maniyam Hospital,hospital,9.945747,78.820184,node/7252177907
Subam Hospital,hospital,9.943622,78.826682,node/7252177909
Rohan Sekar Hospital,hospital,9.729667,77.285558,node/7252177910
Jaisee Hospital,hospital,9.9255099,78.0976752,node/7252177915
J.J Hospital,hospital,9.9242414,78.1414965,node/7252177919
Sri Thandeeswarar Hospital,hospital,9.824588,78.257211,node/7252177921
"Government Hospital, Kuppanasaripatti",hospital,9.933151,77.31977,node/7252177922
Sethu Hospital,hospital,9.904166,78.1063942,node/7252177926
Sugam Hospital,hospital,9.94163,77.971485,node/7252177927
Lee Kidney Care,hospital,9.916672,78.0936579,node/7252177932
Lakhshmi Hospital,hospital,9.9383929,78.1400635,node/7252177933
Thiruvegampet Government Hospital,hospital,9.8301346,78.7857808,node/7252177934
"Government Hospital, Devakottai",hospital,9.9504,78.813747,node/7252177936
Priya Hospital,hospital,9.826532,77.990877,node/7252177937
Rasi Hospital,hospital,9.9453203,78.0999129,node/7252177940
"Government Hospital, Chinnamanur",hospital,9.8445521,77.3870903,node/7252177944
Nirmal Hospital,hospital,9.951389,78.0985862,node/7252177949
"Government Hospital, Sindalacherry",hospital,9.886637,77.3330577,node/7252177950
Mercy Hospital,hospital,9.92411,78.0945727,node/7252177951
"Government Hospital, Thiruppuvanam",hospital,9.8240865,78.2578695,node/7252177953
Family Planning Of India,hospital,9.9155838,78.1029381,node/7252177954
Balaji Nurshing Home,hospital,9.93239,78.100443,node/7252177957
"Government Hospital, Uthamapalayam",hospital,9.804758,77.3284646,node/7252177958
Saravana Multi Speciality Hospital,hospital,9.941448,78.125155,node/7252177960
"Government Hospital, Thiruvadanai",hospital,9.782783,78.919394,node/7252177961
Pandiaraj Maternity & Children's Hospital,hospital,9.918685,78.131511,node/7252177966
Subam Hospital,hospital,9.8298382,77.990651,node/7252177967
Suriya Hospital,hospital,9.950359,78.8180651,node/7252177968
Chandrabai Hospital,hospital,9.9216108,78.0953562,node/7252177970
Satharasan Kottai Government Hospital,hospital,9.7643731,78.5340622,node/7252177971
"Government Hospital, Thondi",hospital,9.744103,79.018032,node/7252177974
Peraiyur Government Hospital,hospital,9.7356123,77.7874801,node/7252177976
Atchay Speciality Hospital,hospital,9.894279,78.083201,node/7252177977
Udupi Hospital,hospital,10.1198406,77.5526264,node/7252192155
Rsp Clinic,clinic,10.24519,78.747723,node/7252192156
Manamelkudi Government Hospital,hospital,10.03899,79.231469,node/7252192159
"Government Hospital, Genguvarpatti",hospital,10.1730861,77.6957265,node/7252192160
Dms Hospital Batalagundu,hospital,10.16486,77.756016,node/7252192161
Silamarathupatti Government Hospital,hospital,9.9698082,77.354138,node/7252192163
Raghava Kumar Clinic,clinic,10.0793381,78.7789389,node/7252192167
"Government Hospital, Aranthangi",hospital,10.180043,79.0001041,node/7252192170
Nalinee Clinic,clinic,10.0107175,77.3464464,node/7252192171
Sri Sudha Hospital,hospital,10.1751412,79.0008169,node/7252192173
Vellalore Government Hospital,hospital,10.0015213,78.4066306,node/7252192174
"Government Maruthupandiyar Hospital, Tiruppathur",hospital,10.110361,78.5930852,node/7252192175
Sholavandan Government Hospital,hospital,10.0221088,77.963683,node/7252192178
"Government Hospital, Chitalangudi",hospital,10.01559,78.026598,node/7252192182
Pulankurichi Government Hospital,hospital,10.26867,78.592053,node/7252192184
Government Hospital Pillayarnattha,hospital,10.118944,77.8596017,node/7252192186
Kokila Hospital,hospital,10.04346,77.5067294,node/7252192189
Government hospital Usilampatti,hospital,10.0388854,77.7942093,node/7252192192
Premalatha Clinic,clinic,9.9999725,77.6152562,node/7252192194
"Government Hospital, Sembanur",hospital,9.9955351,78.6361753,node/7252192196
Government Hospital Avudaiyarkoil,hospital,10.0771979,79.0444243,node/7252192200
Uma Clinic,clinic,10.1814614,78.4218417,node/7252192201
"Government Hospital, Kilasevalpatti",hospital,10.1797736,78.6601024,node/7252192204
Sri Vinayaga Hospital,hospital,10.01027,77.477495,node/7252192205
Sree Babu Clinic,clinic,10.1750618,78.9978989,node/7252192206
"Government Hospital, Kandanur",hospital,10.10678,78.821222,node/7252192207
SSM Hospital,hospital,10.1034334,78.7947189,node/7252192209
Holy Redmer Hospital,hospital,10.0192934,77.4793619,node/7252192211
"General Hospital, Natham",hospital,10.225826,78.228879,node/7252192213
Kanmani Clinic,clinic,10.2747045,78.5386362,node/7252192214
Sivasakthi Hospital,hospital,10.01524,77.482245,node/7252192215
PKN Hospital,hospital,10.0822791,78.7769552,node/7252192216
"Government Hospital, Keelavalavu",hospital,10.070696,78.4202076,node/7252192218
"Palavangudi, Government Hospital",hospital,10.1339471,78.7217917,node/7252192219
"Government Hospital, Kundrakudi",hospital,10.112947,78.7025156,node/7252192221
Janaki Ram Hospital,hospital,10.1711279,78.9978366,node/7252192225
Kamarajar Government Hospital,hospital,10.2888952,79.2022653,node/7252192226
"Government Hospital, Andipatti",hospital,9.9995344,77.6181426,node/7252192227
Sri Vinayaga Nursing Home,clinic,10.285733,79.1996439,node/7252192228
Annai Meenakshi Institute and Clinic,clinic,10.077043,78.7705926,node/7252192233
Pattiveeranpatti Government Hospital,hospital,10.2079238,77.7625804,node/7252192234
Ksk Hospital,hospital,10.0108992,77.4805352,node/7252192235
"Government Hospital, Subramaniyapuram",hospital,10.1769915,79.1228456,node/7252192236
Vpr Clinic,clinic,10.0098607,77.3493039,node/7252192237
Vikkiramangalam Government Hospital,hospital,10.0075382,77.9254286,node/7252192239
Multicare Hospital,hospital,10.0728827,78.7834656,node/7252192240
Theni Medical College Hospital,hospital,10.0066725,77.5544208,node/7252192242
Nattathi Nadar Multi Speciality Hospital,hospital,10.015163,77.4809614,node/7252192249
"Women And Children Hospital, Pallathur",hospital,10.1429786,78.7991211,node/7252192251
"Government Hospital, Katchakatti",hospital,10.0706108,77.9769219,node/7252192253
Government Hospital Usilampatti,hospital,9.962405,77.7888264,node/7252192256
Government Hospital Kanadukathan,hospital,10.1688874,78.78294,node/7252192262
"Shanmuga Nursing Home, Chinnalapatty",hospital,10.2833383,77.9186852,node/7252192267
Muthu Clinic,clinic,10.164228,77.8550668,node/7252192269
Thambiran Maternity & Children Hospital,hospital,10.0751236,78.7797804,node/7252192271
Shanthi Clinic,clinic,10.0084592,77.3521276,node/7252192273
G.D. Karthik Clinic,clinic,10.07317,78.778181,node/7252192274
Vivek Hospital,hospital,10.0724504,78.7720621,node/7252192275
Santhosh Hospital,hospital,10.1115396,78.6006272,node/7252192278
Government Hospital Vadipatti,hospital,10.08188,77.965622,node/7252192283
"Mudis Garden Hospital, Valparai",hospital,10.2780339,76.9272208,node/7252192285
Chellapa Nursing Home,clinic,10.070155,78.7667329,node/7252192286
"Government Hospital, Periakulam",hospital,10.12323,77.532944,node/7252192287
Thirumayam Government Hospital,hospital,10.2453541,78.746088,node/7252192290
Poobathi Amma Hospital,hospital,9.9601197,77.7890349,node/7252192291
"Government Hospital, Alanganallur",hospital,10.0491826,78.0909542,node/7252192292
Shifa Hospital,hospital,10.1669627,78.9927538,node/7252192295
Samayapuram Government Hospital,hospital,9.9763294,78.0472585,node/7252192297
"Ramleela Nursing Home, Batalagundu",clinic,10.1649278,77.7552609,node/7252192298
Kasthuriba Hospital,hospital,10.27923,77.923078,node/7252192299
Kumararani Of Chettinad Mother Child & General Hospital,hospital,10.161048,78.777646,node/7252192301
"Women And Children Hospital, Kothamangalam",hospital,10.1941782,78.8078953,node/7252192302
"Women And Children Hospital, Paganeri",hospital,9.966038,78.58752,node/7252192303
Rathnaa Fertility Centre,hospital,10.079994,78.7759596,node/7252192304
"Government Hospital, Singampunari",hospital,10.1817572,78.4200874,node/7252192305
Murali Nursing Home,clinic,10.0727432,78.7781566,node/7252192307
Rms Pusaliammal Nursing Home,clinic,10.18111,78.421023,node/7252192308
Gayatri Medical Centre,hospital,10.0028417,77.4884713,node/7252192311
"Government Hospital, Melur",hospital,10.0339165,78.3355924,node/7252192312
Lakshmi Nursing Home,clinic,10.11157,78.5923201,node/7252192313
Anbu Hospital,hospital,10.0265249,77.4796467,node/7252192315
"Government Hospital, Kottampatti",hospital,10.2306281,78.3763516,node/7252192317
Sri Balaji Hospital,hospital,10.0802903,78.7759168,node/7252192318
"Government Hospital, Nerkuppai",hospital,10.2272825,78.5329705,node/7252192319
"Government Hospital, Pannaikadu",hospital,10.2779747,77.6286687,node/7252192320
"Government Hospital, Bodinayakkanur",hospital,10.01681,77.352466,node/7252192321
Vidhya Hospital,hospital,10.1216397,77.5476801,node/7252192322
"Government Hospital, Veerapandy",hospital,9.9608076,77.4332378,node/7252192324
Anitha Hospital,hospital,10.58568,77.248727,node/7252225678
Tamilnadu Hospital,hospital,10.66329,79.442415,node/7252225679
"Thuvakudi,Government Hospital",hospital,10.75343,78.821829,node/7252225680
Aarthi Nursing Home,clinic,10.6630158,79.4481505,node/7252225682
Vilakkudi Goverment Hospital,hospital,10.58454,79.597212,node/7252225683
"Government Hospital, Needamangalam",hospital,10.7689309,79.4156807,node/7252225685
"Gkm Hospital,Manaparai",hospital,10.61241,78.425888,node/7252225686
Sakthi Nursing Home,clinic,10.76713,79.844991,node/7252225688
"Government Hospital, Kilvelur",hospital,10.7652339,79.7434518,node/7252225690
"Prabhu Hospital, Pc Pollachi",hospital,10.66269,77.009684,node/7252225698
RR Nursing Home,clinic,10.77449,79.632886,node/7252225700
Avm Hospital- Pollachi,hospital,10.66242,77.0030365,node/7252225701
"Lakshmi Hospital, Udumalai",hospital,10.5824125,77.2476474,node/7252225704
K.S.K Poly Clinic,clinic,10.6617425,79.4565308,node/7252225705
Mylampatty Government Hospital,hospital,10.7320815,78.2459642,node/7252225706
Bharani Hospitals,hospital,10.76278,79.139549,node/7252225707
"Thondarampattu,Government Hospital",hospital,10.56398,79.321141,node/7252225708
"Neuro Poly Clinic, Pollachi",clinic,10.6662216,77.0073506,node/7252225710
C.A.K Poly Clinic,clinic,10.66481,79.44607,node/7252225713
"Government Hospital, Athikadai",hospital,10.7509025,79.5000913,node/7252225714
U.K.Hospital - Udumalai,hospital,10.5845833,77.2514324,node/7252225715
"Kowsalya Medical Centre, Pollachi",hospital,10.66299,77.010025,node/7252225716
Sri Harini Hospital,hospital,10.7661543,79.8401373,node/7252225722
"Dayal Nursing Home,Manaparai",clinic,10.6074105,78.425164,node/7252225723
Arthur Hospital,hospital,10.7644836,79.8449846,node/7252225725
Chitra Hospital,hospital,10.6056931,78.4256873,node/7252225726
Periyar Maniammai Hospitals,hospital,10.7294648,79.0718803,node/7252225728
Thalainayar Government Hospital,hospital,10.5611244,79.7719613,node/7252225729
Raaj Multispeciality Hospital,hospital,10.6624509,79.4490837,node/7252225737
"Nivetha, Dharapuram",hospital,10.7308009,77.5236259,node/7252225740
"S.N. Hospital, Pollachi",hospital,10.659567,77.0005675,node/7252225742
"SK Medical Centre, Udumalpet",hospital,10.5845297,77.2486143,node/7252225745
Kamakshi Hospital,hospital,10.6637256,79.4479981,node/7252225746
Nagapattinam Government District Head Hospital,hospital,10.77246,79.843971,node/7252225750
"Janani Hospital, Dharapuram",hospital,10.7294033,77.5210119,node/7252225758
Punitha Nursing Home,clinic,10.72901,77.520148,node/7252225761
"Thirukuvalai, Head Quarter Government Hospital",hospital,10.6313018,79.7226477,node/7252225763
"Sakthi Hospital, Pollachi",hospital,10.6629552,77.0106019,node/7252225768
Surya Hospital,hospital,10.77481,79.6275997,node/7252225769
Vignesh Nurshing Home - Udumalai,hospital,10.5805004,77.2508466,node/7252225770
"JP Hospital, Pollachi",hospital,10.66024,77.0049,node/7252225771
"Government Hospital, Keeranur",hospital,10.5740913,78.7840059,node/7252225773
"Government Hospital, Pollachi",hospital,10.6581617,77.0098249,node/7252225774
Thirumalai Hospital,hospital,10.6650579,77.005872,node/7252225775
"Rc Poly Clinic, Pollachi",clinic,10.66442,77.005669,node/7252225779
Government Hospital Kadavur,hospital,10.5945331,78.1758745,node/7252225780
"Government Hospital,Mannargudi",hospital,10.66353,79.454174,node/7252225781
"Gokul Polyclinic & Ct Scan Centre, Udumalpet",hospital,10.58378,77.252591,node/7252225783
"Government Hospital, Aravakurtchi",hospital,10.77208,77.909648,node/7252225784
"Moorthy Hospital, Udumalai",hospital,10.6220772,77.1484896,node/7252225785
Krishna Child Care Centre,hospital,10.7701377,79.1343815,node/7252225786
PKD Nursing Home,clinic,10.65723,77.0074748,node/7252225793
Pallapatti Government Hospital,hospital,10.72384,77.891681,node/7252225797
"MRK Nursing home Devanurpudur, Udumalpet",clinic,10.548537,77.0816602,node/7252225798
Orathanadu Government Hospital,hospital,10.62866,79.251988,node/7252225799
Megala Nh Keeranur,hospital,10.5758917,78.7827269,node/7252225803
"Government Hospital, Gandarvakottai",hospital,10.5730963,79.0154554,node/7252225805
Vijayapuram Government hospital,hospital,10.7639635,79.6423297,node/7252225808
Pills Hospital,hospital,10.66419,77.010376,node/7252225811
"ShreeHospital ,Negamam",hospital,10.7433038,77.1003106,node/7252225813
ARVI Hospital,hospital,10.58528,77.249095,node/7252225814
"Shanthi Hospital, Pollachi",hospital,10.6631858,77.0149942,node/7252225815
"Government Hospital, Neerpalani",hospital,10.62088,78.707083,node/7252225816
"Government Hospital, Aniyapoor",hospital,10.672737,78.32575,node/7252225819
"Dr. V.V.R. Hospital, Thanjavur",hospital,10.76872,79.138276,node/7252225820
Balaji Manapparai Sri Balaji Nursing Home,clinic,10.61025,78.423657,node/7252225821
Vadugapalayam Government Hospital,hospital,10.66878,76.9951891,node/7252225822
"Ponnaiah Hospital, Dharapuram",hospital,10.72916,77.520131,node/7252225823
Manapparai Government Hospital,hospital,10.6062523,78.4251816,node/7252225824
"Thogamalai,Government Hospital",hospital,10.7268532,78.4097304,node/7252225826
Ragu Clinic - Udumalai,clinic,10.54898,77.087399,node/7252225827
Prathabaramapuram Goverment Hospital,hospital,10.64893,79.83741,node/7252225828
Tiruvarur Medical Centre,hospital,10.7745978,79.6279725,node/7252225833
"Surya Hospital, Pollachi",hospital,10.6627371,77.0122918,node/7252225834
"Ramana Hospital, Dharapuram",hospital,10.7351092,77.517107,node/7252225835
Vst Sri Shakthi Hospital,hospital,10.7745616,79.6295782,node/7252225836
"Arun Hospital, Pollachi",hospital,10.6625657,77.0129734,node/7252225838
Thanjavoor Cancer Hospital,hospital,10.73394,79.112161,node/7252225839
Koovakkapatti Government Hospital,hospital,10.5722,77.988726,node/7252225841
Akshitha Hospital,hospital,10.6618278,79.4581285,node/7252225842
"Government Hospital, Vettaikaranputhur",hospital,10.564213,76.9196298,node/7252225844
"Government Hospital, Kovilur",hospital,10.596101,78.0784055,node/7252225845
Podaturpet Government Hospital,hospital,13.2791083,79.4822937,node/7252256148
Shri Pooja Maternity Clinic,clinic,13.1308512,80.2517777,node/7252256159
Urban Health Poly Clinic,clinic,13.18013,80.302246,node/7252256160
Pallipattu Government Hospital,hospital,13.33715,79.46618,node/7252256162
"Tiruthani, Government Hospital",hospital,13.1742299,79.619808,node/7252256164
Ponneri Government Hospital,hospital,13.3329987,80.1972536,node/7252256166
"Govt Hospital, Alamathi",hospital,13.2097678,80.1121208,node/7252256167
Government Hospital Vanganur,hospital,13.1860003,79.4600028,node/7252256175
Swasthik Health Care center,hospital,13.1297134,80.2506039,node/7252256177
"Government Hospital, Uthukottai",hospital,13.3327639,79.8983401,node/7252256181
NRV Hospital,hospital,13.13468,80.243196,node/7252256184
"Government Hospital, Gummudipoondi",hospital,13.4160912,80.1296667,node/7252256187
Sugam Hospital,hospital,13.1685958,80.3042862,node/7252256194
"Government Hospital, Velliyur",hospital,13.2177207,80.0117462,node/7252256197
"Government Hospital, R.K.Pet",hospital,13.1625,79.4314794,node/7252256213
Government Hospital Kadhavoor,hospital,13.1783047,80.0612608,node/7252256215
Sri Jayadurga Poly Nursing Home,clinic,10.3668694,77.9774668,node/7252284135
Dr.Vasantha Nursing Home Dindigul,clinic,10.3852588,77.9756921,node/7252284136
"Government Hospital, Nachandupatti",hospital,10.3186438,78.7226645,node/7252284138
Soba General Hospital,hospital,10.3652378,77.9719571,node/7252284139
"Kathik Nursing Home , Dindigul",clinic,10.3636646,77.9917268,node/7252284140
Priya Nursing Home,clinic,10.379932,79.8485602,node/7252284141
Sankara Hospital,hospital,10.3628074,77.9829745,node/7252284143
"Government Hospital, Vedaranyam",hospital,10.378089,79.8520352,node/7252284144
"Rajarjeswari Nursing Home, Dindigul",clinic,10.36008,77.978489,node/7252284147
AGS Clinic,clinic,10.3720355,78.8149972,node/7252284148
SK Hospital,hospital,10.393142,78.8259349,node/7252284149
Mani Clinic Dindigul,clinic,10.3548949,77.9785363,node/7252284151
Sri Ram Dental Hospital,hospital,10.3798765,78.8197243,node/7252284156
Thandikudi District Hospital,hospital,10.308969,77.6435935,node/7252284160
"Government Hospital, Neduvasal",hospital,10.3562841,79.1356727,node/7252284161
Raksha Hospitals,hospital,10.3730442,77.9813474,node/7252284162
Dharshini Hospital,hospital,10.3692822,77.9767258,node/7252284165
Thuvarankurichi Government Hospital,hospital,10.3855289,78.3794484,node/7252284167
Shahin Hospital,hospital,10.349691,77.9798761,node/7252284168
Mamalar Hospital,hospital,10.3803586,78.8168898,node/7252284169
"Pannimedu Hospital, Valparai",hospital,10.325588,76.9555929,node/7252284170
"Jaya Hospital, Dindigul",hospital,10.3638722,77.9904813,node/7252284171
Sanjeveeni Hospital,hospital,10.380388,78.8185837,node/7252284172
"Kar Health Centre , Dindigul",hospital,10.3606634,77.9824861,node/7252284175
Guhan Hospital,hospital,10.37585,77.972711,node/7252284176
"Sangeerani Hospital, Dindigul",hospital,10.35906,77.968456,node/7252284179
Kannan Hospital,hospital,10.3685078,77.9782586,node/7252284180
J C B Hospital,hospital,10.366409,77.9774456,node/7252284182
Manimegalai Medical Centre,hospital,10.387148,78.8144776,node/7252284183
"Government Hospital, Valparai",hospital,10.329979,76.957798,node/7252284184
Praveen Hospital,hospital,10.3809387,78.8183526,node/7252284185
"Shifa Nursing Home , Dindigul",clinic,10.3643039,77.9823138,node/7252284186
Shree Meenakshi Multispeciality Hospital,hospital,10.37955,78.823064,node/7252284187
Vishnu Suriya Hospital Dindigul,hospital,10.3627892,77.9822757,node/7252284188
Sai Hospitals Dindigul,hospital,10.374819,77.9896618,node/7252284189
"Government Hospital, Siruvaviduthi",hospital,10.3570625,79.1760488,node/7252284192
Fathima Hospital Dindigul,hospital,10.3519815,77.9662967,node/7252284195
"Government Hospital, Karuppampulam",hospital,10.3894704,79.7892774,node/7252284196
Government Hospital Vadakadu,hospital,10.3499826,79.050843,node/7252284198
Vignesh Hospital,hospital,10.36719,77.976034,node/7252284199
"Thottauthu,Government Hospital",hospital,10.3399256,78.0180239,node/7252284201
Saratha Hospital,hospital,10.3638774,77.9719559,node/7252284202
Nursing Home Dindigul,clinic,10.361128,77.9830171,node/7252284205
Senthil Nursing Home,clinic,10.37618,78.819877,node/7252284207
Rasi Nursing Home,clinic,10.38786,78.81912,node/7252284211
Goverment Hospital Vadamadurai,hospital,10.43637,78.087812,node/7252324479
Vel Multispeciality Hospital,hospital,10.4598547,77.5127337,node/7252324480
"Government Hospital, Ammarapoondi",hospital,10.51799,77.575279,node/7252324481
Government Hospital-Sriramapuram,hospital,10.435557,77.8061096,node/7252324482
Shivam Nursing Home,clinic,10.4271214,79.3172212,node/7252324485
"Goverment Hospital, Ayyalur",hospital,10.4930815,78.1669977,node/7252324486
Sri Kumaran Hospital,hospital,10.42154,79.32083,node/7252324487
Valanadu Government Hospital,hospital,10.44876,78.479999,node/7252324491
"Government Hospital, Vedasendur",hospital,10.528397,77.9548262,node/7252324494
Thiruvonam government hospital,hospital,10.50433,79.153308,node/7252324497
"Dr. Tak Hospital, Pattukkottai",hospital,10.42416,79.318564,node/7252324499
Government Hospital Kalapal,hospital,10.54426,79.54749,node/7252324500
Rajam Maternity Hospital,hospital,10.4212764,79.3189422,node/7252324501
"Government Hospital, Balasamuthram",hospital,10.4195778,77.5017447,node/7252324503
Christian Fellow Ship Hospital Oddanchatram,hospital,10.4879599,77.7520144,node/7252324504
Priya Hospital,hospital,10.4139397,79.3241498,node/7252324505
"KG Hospital, Palani",hospital,10.4493418,77.5181043,node/7252324506
Pappankulam Government Hospital,hospital,10.5272441,77.3238812,node/7252324508
"Government Hospital, Thadicombu",hospital,10.4384149,77.9550422,node/7252324509
"Government Hospital, Jallipatti",hospital,10.5074374,77.203841,node/7252324511
"Anbu Nursing Home, Palani",clinic,10.45701,77.519292,node/7252324512
"Government hospital,Vellalaviduthy",hospital,10.507413,79.0791899,node/7252324513
Np Hospital Oddanchatram,hospital,10.4938688,77.7459828,node/7252324516
"Goverment Hospital, Ayakudi",hospital,10.45663,77.562324,node/7252324517
"Government Hospital, Idumbavanam",hospital,10.42032,79.593648,node/7252324519
P.K.T Nursing Home,clinic,10.537072,79.6380662,node/7252324520
"Government Hospital, Cauvery Nagar",hospital,10.4756913,78.7979659,node/7252324521
Raaj Poly Clinic Palani,clinic,10.44798,77.531321,node/7252324522
"Government Hospital, Tiruthuraipoondi",hospital,10.53,79.643497,node/7252324524
Puthanatham Government Hospital,hospital,10.46598,78.366786,node/7252324526
"Government Hospital, Annavasal",hospital,10.4578245,78.7028625,node/7252324529
Amman Hospital,hospital,10.499044,77.7471517,node/7252324530
Annai Hospital,hospital,10.42448,79.315612,node/7252324531
"Government Hospital, Narikkalpatti",hospital,10.54006,77.473297,node/7252324534
Ds Hospital Palani,hospital,10.4511464,77.5191526,node/7252324535
"Sri Kalaivani Hospital, Kottur, Pollachi",hospital,10.5395969,76.9819098,node/7252324537
Sai Krishna Women's Hospital,hospital,10.4497,77.521652,node/7252324538
"Government Hospital, Thirumakottai",hospital,10.5354464,79.4585806,node/7252324540
Government Hospital Palani,hospital,10.44856,77.516727,node/7252324541
"Government Hospital, Illuppur",hospital,10.5117513,78.6239325,node/7252324543
Government Hospital Karambakkudi,hospital,10.45721,79.14039,node/7252324545
"Government Hospital, Naluvedapathi",hospital,10.5037796,79.8399625,node/7252324546
"Anbu Hospital, Oddanchatram",hospital,10.4986865,77.7462825,node/7252324547
K R Hospital,hospital,10.4895885,77.7470301,node/7252324551
Pattukottai Government Hospital,hospital,10.42116,79.317879,node/7252324553
Siva Shakthi Nursing Home,clinic,10.45347,77.517388,node/7252324554
"Government Hospital, Komaralingam",hospital,10.48788,77.349253,node/7252324555
Mani multispeciality Hospital,hospital,10.5324,79.640111,node/7252324557
Govt Kilpauk Medical College Hospital,hospital,13.07832,80.243753,node/7252333314
Sakthi Nursing Home,clinic,13.0583373,80.2012267,node/7252333316
"Government Hospital, Nemam",hospital,13.0747057,80.01998,node/7252333317
Rasi Hospital,hospital,13.12038,80.285818,node/7252333318
Government Maternity And Child Hospital,hospital,13.0991743,80.2301988,node/7252333320
Cloudnine Hospital - Chennai,hospital,13.0433937,80.2461174,node/7252333321
Paratharami Government Hospital,hospital,13.062703,78.9720516,node/7252333326
Shifa Hospital And Reasearch Centre,hospital,13.061988,80.2745135,node/7252333330
"Government Hospital, Sholingar",hospital,13.11228,79.420703,node/7252333331
Siva Sakthi Nursing Home,clinic,13.0605437,80.2217663,node/7252333333
Govt. Stanley Hospital,hospital,13.10618,80.286804,node/7252333337
Subam Specialities Hospitals,hospital,13.0469783,80.1895003,node/7252333341
Kts Nursing Home,clinic,13.12222,80.223972,node/7252333343
Srisaihospital With Matrinity Facility,hospital,13.0692631,80.1799109,node/7252333346
Govt Peripheral Hospital Periyar Nagar,hospital,13.1153048,80.2233851,node/7252333347
Be Well Hospital,hospital,13.0431134,80.2453103,node/7252333349
"Gs Clinic, Sholinghur",clinic,13.11504,79.419213,node/7252333351
Hera Hospital,hospital,13.0508643,80.1922458,node/7252333352
SBS Hospital Nursing Home,clinic,13.05943,80.194729,node/7252333353
Government Unani Hospital,hospital,13.1129012,80.2957982,node/7252333354
Meenakshi Hospital & Childrens Hospital,hospital,13.0586646,80.2428501,node/7252333356
Subam Clinic,clinic,13.05774,80.273916,node/7252333360
Tanker Dialysis Foundation Unit,hospital,13.09041,80.175293,node/7252333369
Hiba Hospital,hospital,13.0616195,80.275793,node/7252333371
A.R.A Hospital For Women,hospital,13.0508818,80.2735131,node/7252333372
Priyas Medical Centre,hospital,13.0594024,80.1954415,node/7252333375
Dr. Rai Memorial Medical Centre,hospital,13.044837,80.2475507,node/7252333378
Medway Hospitals,hospital,13.0535971,80.2275376,node/7252333380
Seven Wells Hospital,hospital,13.0993782,80.2825418,node/7252333381
Government Hospital,hospital,13.068807,80.2672078,node/7252333383
Ranga Nursing Home,clinic,13.1192346,80.2857643,node/7252333384
Standard Hospital,hospital,13.0524675,80.1898468,node/7252333388
Chennai Corporation Hospital,hospital,13.1142928,80.2844517,node/7252333389
Guru Raghavendra Hospital,hospital,13.0410091,80.1964532,node/7252333390
RIDA Physiotherapy Clinic,clinic,13.0621485,80.2745047,node/7252333391
Seethapathy clinic & Hospital,hospital,13.0487028,80.2645448,node/7252333394
Kvt Health Speciality Hospital,hospital,13.1267531,80.2489796,node/7252333396
Sakthi Hospital &Reasearch Centre Helath Care Organization,hospital,13.0572714,80.2757357,node/7252333397
Women And Children Foundation Hospitals T-Nagar,hospital,13.0480821,80.2329957,node/7252333398
Dr.Rai Cbcc Centre,hospital,13.05562,80.124419,node/7252333399
Annai multispeciality hospital,hospital,13.0538856,80.1927125,node/7252333402
Firm Hospital,hospital,13.0916464,80.2139939,node/7252333403
Thiruninravur Government Hospital,hospital,13.11573,80.026717,node/7252333405
The Best Hospital Private Ltd,hospital,13.0535089,80.2195494,node/7252333406
Chennai Corporation Hospital,hospital,13.0887,80.256712,node/7252333407
Triplicane Government Hospital,hospital,13.060986,80.2747981,node/7252333409
"Kalpana Hospital, Sholinghur",hospital,13.1152488,79.4209593,node/7252333410
Hemakamal Nursing Home,clinic,13.1069544,80.2796126,node/7252333413
Government Hospital For Ladies And Children,hospital,13.0590564,80.1928218,node/7252333416
Dr. Premkumar's Orthopedic Clinic,clinic,13.0566709,80.2350491,node/7254940229
SIMS Hospital,hospital,13.0561828,80.2478331,node/7255706468
Vimal Hospital - Tiruppur,hospital,11.09742,77.349707,node/7257155908
Sree Shanthoshi gastro clinic,clinic,11.0954216,77.3511899,node/7257155910
Sri Harini Matarnity Hospital,hospital,11.1477052,78.5968646,node/7257155911
"Life Guard, Tiruppur",hospital,11.07895,77.34231,node/7257155912
"Government Hospital, Tharangambadi",hospital,11.03082,79.851877,node/7257155915
RS Hospital,hospital,11.0778911,77.8842359,node/7257155916
A.K.M Nursing Home,clinic,11.1403,79.075715,node/7257155918
"Geethasree Hospital, Coimbatore",hospital,11.07196,77.002444,node/7257155919
Ogm Health Center,clinic,11.1002893,79.6464525,node/7257155920
"Balaji Hospital, Sulur",hospital,11.0277947,77.1298133,node/7257155922
PN Hospital - Tiruppur,hospital,11.09041,77.348581,node/7257155923
Bethany Medical Centre,hospital,11.1119003,76.7638687,node/7257155924
"Government Hospital, Thuraiyur",hospital,11.1520465,78.612295,node/7257155928
"Vishnu Medical Centre, Tiruppur",hospital,11.12036,77.350179,node/7257155932
"Government Hospital, Alunthalaipur",hospital,11.0510969,78.9109944,node/7257155933
Mettupalayam Government Hospital,hospital,11.1188103,77.3402183,node/7257155934
"J.M.Hospital, Edayarpalayam",hospital,11.04984,76.918862,node/7257155935
"Government Hospital, Jayarampuram",hospital,11.11662,77.71053,node/7257155936
Annai Hospital,hospital,11.1392605,78.5914772,node/7257155937
AR Medical Centre,hospital,11.04788,76.971976,node/7257155938
"NSK Hospital, Tiruppur",hospital,11.0961562,77.3494699,node/7257155943
Maruthu Hospital,hospital,11.1470283,78.5957001,node/7257155945
"Kamalaprakasam, Kalapatti",hospital,11.0778,77.035681,node/7257155948
Coimbatore Medical College Hospital,hospital,11.0289285,77.0237553,node/7257155951
Sree Aswika Hospital - Tiruppur,hospital,11.09995,77.362796,node/7257155953
"Government Hospital, Manmangalam",hospital,11.0275504,78.0646437,node/7257155954
"Divya Hospital, Tiruppur",hospital,11.0874791,77.3471518,node/7257155957
Aachi Hospital,hospital,11.11017,78.007066,node/7257155958
Diviyapriya Hospital,hospital,11.1504756,78.5980341,node/7257155959
"Goverment Hospital, Nachipalayam",hospital,11.0843901,77.4463723,node/7257155961
"Revathy Hospital, Tiruppur",hospital,11.1202413,77.3291542,node/7257155963
Sakthi Sugam Hospital - Tiruppur,hospital,11.1151517,77.3621541,node/7257155967
R.R Hospital,hospital,11.1392388,79.0705797,node/7257155968
SS Hospital Coimbatore,hospital,11.04761,77.000115,node/7257155969
Sundram Hospital - Tiruppur,hospital,11.0998397,77.3554943,node/7257155970
S.R Hospital,hospital,11.1376931,79.0732805,node/7257155971
Nivedha Hospital,hospital,11.1363299,79.0724867,node/7257155974
Kandamalai Hospital,hospital,11.06188,78.139324,node/7257155975
MM Hospital,hospital,11.14653,79.071626,node/7257155977
"Rg Clinic , Coimbatore",clinic,11.0596676,76.9971511,node/7257155978
Vagai Government Hospital,hospital,11.1443519,77.1325092,node/7257155979
Akila Hospital,hospital,11.0766996,77.8849172,node/7257155980
"Hem Hospital- Thudiaylur, Coimbatore",hospital,11.0757442,76.9424139,node/7257155982
Government Hospital Kabilarmalai,hospital,11.14198,77.948375,node/7257155984
K. J. HOSPITAL,hospital,11.0726166,79.557717,node/7257155985
"S R Nursing Home, Tiruppur",clinic,11.111432,77.3489019,node/7257155986
Padalur Government Hospital,hospital,11.0866241,78.8323535,node/7257155987
Sree Saran Medical Centre,hospital,11.1488,77.346725,node/7257155989
"Governmemt Hospital, Somanur",hospital,11.0839439,77.189266,node/7257155991
"Government Hospital, Kodumudi",hospital,11.0818941,77.8843873,node/7257155992
"Government Hospital, Sivagiri",hospital,11.1281041,77.7893311,node/7257155993
"Rams Hospital, Tiruppur",hospital,11.1169009,77.3329355,node/7257155994
Tirupur TSK Government Hospital,hospital,11.1150948,77.3344919,node/7257155996
"Sankara Hospital , Tiruppur",hospital,11.0996262,77.3440224,node/7257155998
"Niranjana Hospital Anupparpalayam,Tiruppur",hospital,11.1363086,77.3200071,node/7257155999
Archhana Nursing Home,clinic,11.0989508,77.3547805,node/7257156000
"Chandar Nursing Home, Tiruppur",clinic,11.1355712,77.3274313,node/7257156001
"Harini Shravan, Coimbatore",hospital,11.0703318,77.0005452,node/7257156002
"Tirupanandal, Government Hospital",hospital,11.0907399,79.4527891,node/7257156003
"Royal Care Hospital, Coimbatore",hospital,11.059106,77.0893479,node/7257156005
Governement Hospital - Omandur,hospital,11.0333293,78.672236,node/7257156008
Saravana Hospital,hospital,11.0759985,77.8853959,node/7257156009
Ramana Gounder Medical Trust Hospital,hospital,11.0753938,76.939234,node/7257156011
"Government Hospital, Mayiladuthurai",hospital,11.10171,79.647058,node/7257156012
"Bishop Walsh Memorial Hospital, Coimbatore",hospital,11.07251,76.871537,node/7257156015
Malar Hpl Goundanpalayam,hospital,11.0437293,76.9475494,node/7257156017
Sai Hospital,hospital,11.0904781,76.9383967,node/7257156018
"Tiruppur, Government Hospital",hospital,11.083827,77.3634797,node/7257156019
Pavithra Medical Centre,hospital,11.08088,76.869337,node/7257156021
Kvs Hospital,hospital,11.12635,79.089538,node/7257156022
"V.R.Hospital, Coimbatore",hospital,11.05642,77.001972,node/7257156023
"Government Hospital, Mohanur",hospital,11.0556427,78.1399331,node/7257156025
Dr V Muthu Ram Bone And Joint Hospital,hospital,11.0994279,79.653919,node/7257156026
KMS Hospital,hospital,11.1363839,79.0707702,node/7257156027
"Sri Ganapathy Hospital, Tiruppur",hospital,11.0985596,77.3552181,node/7257156028
Krishna Hospital,hospital,11.0981404,79.6530926,node/7257156031
Madhana Hospital,hospital,11.10372,79.64827,node/7257156034
"Government Hospital, Ariyalur",hospital,11.1426837,79.0697679,node/7257156039
"Government Hospital, Velauthapalayam",hospital,11.0729521,78.0023123,node/7257156041
Shanthi Nursing Home,clinic,11.1016545,79.6524587,node/7257156042
"Government Hospital, Kuthalam",hospital,11.0723371,79.5592353,node/7257156043
Venkatesh Nursing Home,clinic,11.1007,79.652264,node/7257156044
Sree Subiksha Hospital,hospital,11.0287,76.897449,node/7257156045
Vimal Jothi Hospital,hospital,11.0892,77.008366,node/7257156048
"Government Hospital, Alampatti",hospital,11.0808572,78.2233044,node/7257156050
"Government Hospital, Valayapatty",hospital,11.1212591,78.2315962,node/7257156052
"Sangavi Hospital, Mannarai, Tiruppur",hospital,11.1199706,77.3705215,node/7257156054
Guhan Hospital,hospital,11.0990485,79.6532549,node/7257156056
A.S Nursing Home,clinic,11.1400021,79.0716449,node/7257156057
Meenakshi Hospital - Tiruppur,hospital,11.07082,77.369519,node/7257156058
"Sampath Hospital ,S.S.Kulam",hospital,11.1339,77.034088,node/7257156060
"Government Hospital, Kodavasl",hospital,10.86329,79.478602,node/7257166740
"Government Hospital, D.Gudulore",hospital,10.79139,78.128273,node/7257166742
Nachiyarkovil Government Hospital,hospital,10.9198631,79.4436102,node/7257166743
Janaki Nursing Home,clinic,10.78798,79.132929,node/7257166745
Panjapatti Government Hospital,hospital,10.83121,78.310053,node/7257166747
S. P. Hospital,hospital,10.955683,79.3917023,node/7257166751
"Ambal Malumichampatty, Coimbatore",hospital,10.90265,76.997586,node/7257166752
Dr. Jayanthi Hospital,hospital,10.9531613,78.4438447,node/7257166753
Sana Hospital,hospital,10.82071,78.6793343,node/7257166757
"Government Hospital, Valangaiman",hospital,10.8882215,79.3943266,node/7257166758
Goverment Hospital Kannaivadi,hospital,10.81681,77.78443,node/7257166759
Pullambadi Government Hospital,hospital,10.949095,78.911099,node/7257166760
"Varthini Hospital,Thiruvaiyaru",hospital,10.8829871,79.1047595,node/7257166761
Vellakoil Government Hospital,hospital,10.9410661,77.7110372,node/7257166763
Lakshmi Clinic,clinic,10.87499,78.812327,node/7257166764
Seesha - Karunya Rural Community Hospital,hospital,10.9385845,76.7416507,node/7257166766
"Government Hospital, Krishnarayapuram",hospital,10.9318884,78.2739118,node/7257166770
"Govt, community Health Center, Melattur",hospital,10.8581061,79.2411564,node/7257166772
"Government Hospital, Ammapet",hospital,10.792407,79.3188126,node/7257166773
Aditi Hospital,hospital,10.7898308,78.6968401,node/7257166775
Prakash Hospital,hospital,10.85157,77.846321,node/7257166777
Kamatchi Hospital,hospital,10.9069,78.698906,node/7257166778
"Government Hospital, Madukkarai",hospital,10.9037986,76.9635381,node/7257166779
Jeyam Multispeciality Hospital,hospital,10.8290124,78.6861656,node/7257166782
Chennai Medical College and Hospital,hospital,10.9545278,78.7552009,node/7257166784
"Government Hospital, Alangudi",hospital,10.827585,79.4051244,node/7257166785
"KG Hospital, Vellakoil",hospital,10.9511,77.714116,node/7257166786
Parvathi Hospital,hospital,10.7767417,79.6289084,node/7257166787
"Viswanathapuri,Government Hospital",hospital,10.94979,78.014372,node/7257166788
Kauvery Hospital,hospital,10.8167432,78.6810429,node/7257166789
"Government Hospital, Musiri",hospital,10.94968,78.44495,node/7257166790
ABS Hospital,hospital,10.94315,78.089194,node/7257166792
"Government General Taluk Hospital, Nannilam",hospital,10.87913,79.611294,node/7257166793
Sundaram Hospital,hospital,10.8138963,78.6775833,node/7257166794
Raka Nursing Home,clinic,10.9386263,78.4244032,node/7257166795
Pavunpappa Nursing Home,clinic,10.93234,79.293058,node/7257166798
"Government Hospital, Chinadarapuram",hospital,10.8594445,77.8485824,node/7257166800
Papanasam Government Hospital,hospital,10.9257241,79.263336,node/7257166804
Thangasaradha Nursing Home,clinic,10.7876527,79.1326176,node/7257166806
Natraj Hospital,hospital,10.9042796,76.9586654,node/7257166809
"I.J.Hospital, Kuniayamuthur, Coimbatore",hospital,10.95365,76.955989,node/7257166815
Sri Venkateshvara Nursing Home,clinic,10.896857,79.1879143,node/7257166816
Arun Medical Centre,hospital,10.77695,79.636706,node/7257166817
"Government Hospital, Kinathukadavu",hospital,10.82107,77.017406,node/7257166819
Shre Venkteswar Hospital,hospital,10.77581,79.628467,node/7257166820
"Government Hospital, Thayampalayam",hospital,10.88012,77.487323,node/7257166822
Rmc Rathna Medical Uro & Ivf Centre,hospital,10.8140735,78.6697124,node/7257166823
S.S Hospital,hospital,10.9434493,78.0900762,node/7257166824
"Government Hospital, Koduvai",hospital,10.9421891,77.438567,node/7257166826
Mahatma Gandhi Memorial Government Hospital,hospital,10.8114583,78.6776904,node/7257166828
Poomani Nursing Home,clinic,10.93728,78.419213,node/7257166829
Pankajam Hospital,hospital,10.85646,78.692248,node/7257166833
"Government Hospital, Enamkiliyur",hospital,10.92104,79.317539,node/7257166837
"Government Hospital, Kodangipatti",hospital,10.91425,78.078034,node/7257166838
S.R. Hospital,hospital,10.78088,79.131936,node/7257166843
Sri Venkateswara Kinnathukadavu,hospital,10.8241085,77.0191884,node/7257166845
"Government Hospital, Murukkangudi",hospital,10.9509307,79.4498618,node/7257166848
Dharani Clinic,clinic,10.7760404,78.6706926,node/7257166849
Thiruvarur Medical College Hospital,hospital,10.7759131,79.6025845,node/7257166851
Sakthi Hospital,hospital,10.8824,78.819608,node/7257166852
Government Hospital Kabisthalam,hospital,10.9423383,79.2510765,node/7257166855
Thirumanur Goverment Hospital,hospital,10.93768,79.098546,node/7257166858
Srivanchiyam Goverment hospital,hospital,10.87047,79.573884,node/7257166859
K. A. P. Viswanathan Government Medical College Hospital,hospital,10.79729,78.678497,node/7257166864
Thirukattupalli Government hospital,hospital,10.8488396,78.9550998,node/7257166866
"Government Hospital, Manachanalur",hospital,10.9152259,78.7013631,node/7257166870
"Abirami Hospital, Coimbatore",hospital,10.95254,76.973201,node/7257166877
Sirumayankudi Government Hospital,hospital,10.8938222,78.8603617,node/7257166878
"Ganapathy Pc Sundarapuram,",hospital,10.9521673,76.9758815,node/7257166879
Nagore Government Hospital,hospital,10.81877,79.838577,node/7257166882
Meeramohan Hospital,hospital,10.9504,78.44263,node/7257166883
"Government Hospital, Lalgudi",hospital,10.87905,78.818491,node/7257166885
Madura Nursing Home,clinic,10.94078,78.142504,node/7257166887
Thirumarugal Government Hospital,hospital,10.8712001,79.7447057,node/7257166888
Government Hospital Thiruvidachery,hospital,10.8706705,79.5296812,node/7257166892
Renu Nursing Home,clinic,10.9594975,78.0704542,node/7257183905
Ponnaiah Hospital,hospital,11.0108047,76.9530054,node/7257183906
"Rani Nursing Home, Selvapuram, Coimbatore",hospital,10.9871756,76.9392029,node/7257183907
"Shree Hospital, Puliakulam, Coimbatore",hospital,11.0064832,76.9914482,node/7257183911
"Sri Meenakshi Hospital, Kuniamuthur",hospital,10.9567349,76.9544328,node/7257183913
Shanmuga Hospital Rs Puram,hospital,11.0029,76.948869,node/7257183914
"Government Hospital, Sulur",hospital,11.0247544,77.1228621,node/7257183915
Singanallur Government Hospital,hospital,11.0011,77.033733,node/7257183916
Podanur Government Hospital,hospital,10.9664096,76.9870623,node/7257183917
"Medwin Hospital, Coimbatore",hospital,10.9972946,77.0051728,node/7257183920
Palladam Government Hospital,hospital,10.9962561,77.2803585,node/7257183923
G.C Hospital,hospital,10.96227,78.0776757,node/7257183924
Sudha Hospital,hospital,11.0168278,76.9758131,node/7257183925
"I.C.C Hospital For Women & Children, Coimbatore",hospital,10.9958251,76.9634777,node/7257183926
M.A.N. Poly Clinic,clinic,10.9619771,79.3817209,node/7257183928
Government Hospital Kariyamanickam,hospital,11.0110261,78.7293654,node/7257183931
"SIBI Hospital, Vellakoil",hospital,10.9569141,77.7160216,node/7257183934
Dhanalakshmi Nursing Home,clinic,10.9567279,79.3777831,node/7257183936
Abirami Maternity Centre,hospital,10.9559564,78.0809939,node/7257183939
Poraiyar Government Hospital,hospital,11.02416,79.83812,node/7257183941
"Government Hospital, Kuruchi",hospital,10.9638671,76.97122,node/7257183942
"Peoples Medical Centre, Coimbatore",hospital,11.0217448,77.0603524,node/7257183943
Rk Bai Corporation Health Centre,clinic,10.9998322,76.949604,node/7257183944
"VGM Hospital, Coimbatore",hospital,10.99819,77.014447,node/7257183946
Meenakshi maternity & woman care Hospital,hospital,10.9634371,79.3927855,node/7257183947
"Sanjeevi Hospital, Palladam",hospital,10.9963103,77.2800924,node/7257183948
"Abishek Ortho Center, Karur",hospital,10.9624485,78.059568,node/7257183949
Thiruvidaimaruthur Government Hospital,hospital,10.99508,79.449809,node/7257183950
"Government Medical College Hospital, Karur",hospital,10.9615927,78.080414,node/7257183952
"Goverment Hospital, Aduthurai",hospital,11.014098,79.4839559,node/7257183953
Government Hospital Kanakiliyanallur,hospital,10.9921,78.880442,node/7257183954
Apollo Hospital,hospital,10.96044,78.064468,node/7257183956
Gateway Clinic,clinic,11.0128764,76.9492706,node/7257183957
Iniya Hospital,hospital,10.96042,79.388125,node/7257183958
"Roselet Medical Centre,Coimbatore",hospital,11.01005,77.008874,node/7257183959
Karthic Nursing Home,clinic,10.99135,76.95416,node/7257183960
"Government Hospital, Thottiyam",hospital,10.98388,78.338648,node/7257183962
Priya Poly Clinic,clinic,10.9571381,79.3821911,node/7257183963
"Sabari Hospital, Coimbatore",hospital,11.0254441,76.939724,node/7257183964
Raksha Medical Centre,hospital,10.95665,76.987019,node/7257183965
"Dr.Manoharan Hospital, Thadagam, Coimbatore",hospital,11.0067511,76.9452484,node/7257183966
Baalu Nursing Home,clinic,10.95577,79.383435,node/7257183970
"Sengottaiah Hospital, Coimbatore",hospital,11.0225148,76.9601579,node/7257183971
"Sangeetha Hospital, Kuniyamuthur",hospital,10.9641042,76.9562562,node/7257183972
"Seetharam Hospital, Coimbatore",hospital,10.99941,76.948495,node/7257183974
Malar's Clinic,clinic,10.9637432,79.3808504,node/7257183975
Preethi Medical Centre,hospital,11.0208486,76.9649585,node/7257183976
ERS Hospital,hospital,10.9632134,78.0755593,node/7257183977
"Ishaiah Hospital, Coimbatore",hospital,11.0154329,76.9779193,node/7257183978
Balaji Hospital,hospital,10.9936939,77.2849449,node/7257183980
V.C Nursing Home,clinic,10.9605156,78.0663214,node/7257183981
Manu Hospital- Coimbatore,hospital,10.99147,76.976787,node/7257183983
Arvind hospital - Kangayam,hospital,11.0092458,77.5569869,node/7257183984
Ammaiyappa Hospital,hospital,10.95901,78.072469,node/7257183986
Saraswathi Hospital,hospital,11.0069868,77.071368,node/7257183988
Akshaya Maternity Center,hospital,11.02567,76.902176,node/7257183990
K.R.G Nursing Home,clinic,10.9567415,79.3794222,node/7257183991
Dr.Agarwals Eye Hospital,hospital,10.968886,79.3973877,node/7257183993
"Muniyappa Hospital, Coimbatore",hospital,11.0060689,76.9527967,node/7257183994
"Rajalakshmi Hospital, Coimbatore",hospital,11.0044176,76.9503459,node/7257183995
Sivashantha Mother & Child Health Centre,hospital,11.0231222,76.9136781,node/7257183997
"Vela Hospital, Singanallur, Coimbatore",hospital,11.0017873,77.0300545,node/7257183998
Vishnu Priya Clinic,clinic,10.9676546,79.3827262,node/7257183999
"Guru Kirupa Hospital, Pn Palayam, Coimbatore",hospital,10.9995252,76.9511992,node/7257184001
Sathyan Eye Care Hospital & Coimbatore Glaucoma Foundation,hospital,10.9980405,77.0009615,node/7257184003
Vishnu Nursing Home,clinic,10.9632377,78.0749932,node/7257184005
Ponni Hospital - Palladam,hospital,10.9965327,77.2758865,node/7257184007
St. Mary's Hospital,hospital,10.9626641,76.98594,node/7257184008
"Thondamuthur, Government Hospital",hospital,10.9917607,76.8421063,node/7257184011
"Revathi Hospital, Selvapuram",hospital,10.9882483,76.9400963,node/7257184012
ANP Nursing Home,clinic,11.0070282,76.8654305,node/7257184015
Ram's N.R. Hospital,hospital,10.9577657,79.3903385,node/7257184017
Nehru Urology Centre,hospital,11.0248525,76.9943296,node/7257184018
Priya Nursing Home,clinic,11.00622,77.563094,node/7257184019
ESI Kumbakonam,hospital,10.96921,79.385631,node/7257184020
"Om Sakthi Hospital, Coimbatore",hospital,11.00282,76.988996,node/7257184021
"Government Hospital, Kumbakonam",hospital,10.9686765,79.386243,node/7257184022
Priyanka Hospital,hospital,10.9633717,78.078259,node/7257184023
Sri Bala Medical Centre Hospital,hospital,10.9967187,76.9954568,node/7257184024
St. Anne's Hospital,hospital,10.9627796,79.3885972,node/7257184025
Santhiya Hospital,hospital,10.9950877,76.9746602,node/7257184026
Government Hospital Karadivavi,hospital,10.961828,77.1943977,node/7257184028
Annai Nursing Home,clinic,10.99386,76.951744,node/7257184029
G.V Hospital,hospital,10.9607995,78.0773831,node/7257184030
Samyuktaa Maternity Hospital,hospital,12.9174209,80.0801055,node/7257289020
"Goverment Hospital, Avaloor",hospital,12.7847085,79.8034304,node/7257289021
Thirumala Private Nursing Home,clinic,12.835671,77.8672146,node/7257289023
Poigai Government Hospital,hospital,12.9153169,79.0567052,node/7257289024
ESI Krishnagiri,hospital,12.7570375,77.7990046,node/7257289028
Government Hospital Valayathur,hospital,12.7524375,79.3231948,node/7257289033
Christhudass Hospital,hospital,12.8515647,80.0666869,node/7257289034
Vanavil Medical Centre,hospital,12.7988384,80.0239066,node/7257289035
"Varshini Hospital, Vellore",hospital,12.9059984,79.1355217,node/7257289036
APJ Hospital,hospital,12.7947227,79.8162415,node/7257289040
Arun Hospital,hospital,12.9030309,79.1334705,node/7257289043
Pasumathur Government Hospital,hospital,12.9314139,78.9425135,node/7257289044
K.R. Hospital,hospital,12.842395,80.0576052,node/7257289045
Government Pentland Hospital,hospital,12.9156633,79.1346498,node/7257289049
"Mummy Hospital, Vellore",hospital,12.91051,79.131432,node/7257289055
Vellore District Headquarters Hospital,hospital,12.92618,79.356932,node/7257289057
Tagore Medical College Hospital,hospital,12.8601332,80.1358744,node/7257289060
"Fathima Hospital, Arcot",hospital,12.90728,79.321982,node/7257289062
Vellore Medical College And Hospital,hospital,12.8441327,79.1366903,node/7257289063
Panapakkam Government Hospital,hospital,12.92373,79.5692632,node/7257289064
Vembakkam Government Hospital,hospital,12.7876147,79.5866845,node/7257289065
Vani Nursing Home,clinic,12.9222915,80.1501746,node/7257289067
Rafeeq Hospital,hospital,12.78308,78.71726,node/7257289068
Sundar Health clinic,clinic,12.928407,80.1183968,node/7257289073
Life Care Hospital,hospital,12.8339602,79.7112432,node/7257289074
"Dinesh Hospital, Vellore",hospital,12.872987,79.133123,node/7257289077
Senthil Maternity Centre,hospital,12.8240725,79.7027152,node/7257289078
Janani Nursing Home,clinic,12.9114903,80.1438428,node/7257289080
Janani Hospital,hospital,12.7520976,77.8031203,node/7257289081
Venkatasamuthiram Government Hospital,hospital,12.796293,78.6894225,node/7257289083
"Ponnambalam Hospital, Arcot",hospital,12.9054186,79.3266847,node/7257289084
Apollo KH Hospital,hospital,12.92235,79.275025,node/7257289086
BMS Multi-speciality Hospital,hospital,12.7483681,77.8063928,node/7257289088
Rajeswari Hospital,hospital,12.9220358,79.3297935,node/7257289089
Shri Isari Velan Hospital,hospital,12.846693,80.1972613,node/7257289090
"Fathima Clinic, Melvisharam",clinic,12.91494,79.27982,node/7257289100
"Government Hospital, Athimugam",hospital,12.75279,77.981798,node/7257289106
Krishna Medical Centre,hospital,12.74089,77.825359,node/7257289109
Government Hospital Ambur,hospital,12.78666,78.716907,node/7257289111
Arcot Govt Hospital,hospital,12.9039497,79.3333331,node/7257289114
Emmess Women Care Centre,hospital,12.8352114,79.7106784,node/7257289115
Government Hospital Kalavai,hospital,12.7695119,79.4121212,node/7257289116
"Government Hospital, Kancheepuram",hospital,12.83311,79.710257,node/7257289118
"JC Nursing Home, Vellore",clinic,12.91395,79.133873,node/7257289119
Vn Allergy & Asthma Research Centre,hospital,12.9275229,80.1125421,node/7257289121
Sakthi Hospital,hospital,12.76057,80.002486,node/7257289122
Suraj Hospital,hospital,12.9107782,80.1967559,node/7257289123
"Sri Narayani Hospital & Research Centre, Ariyur",hospital,12.8704789,79.0900539,node/7257289125
Bethesda Medical Mission Hospital,hospital,12.92622,80.102998,node/7257289126
Dr. Santhakumari Hospital,hospital,12.908625,79.1255813,node/7257289127
Walajapet Government Hospital,hospital,12.924747,79.3576004,node/7257289130
"Government Hospital, Hosur",hospital,12.79191,77.805507,node/7257289131
Lakshmi Hospital,hospital,12.838737,79.7020262,node/7257289137
"Government Hospital, Sendurai",hospital,11.2533333,79.1798992,node/7257346752
Devi Hospital,hospital,11.243089,78.8936535,node/7257346757
Niranjan Hospital,hospital,11.24049,78.864306,node/7257346759
Kumar Hospital,hospital,11.2399772,79.7346939,node/7257346761
"Government Hospital, Perundurai",hospital,11.2760337,77.5874483,node/7257346762
Ganesh Hospital,hospital,11.3558742,77.3204667,node/7257346763
Seera Hospital,hospital,11.2383167,79.7373347,node/7257346764
Manjoor Government Hospital,hospital,11.2681786,76.6406051,node/7257346765
Sowmiya Hospital,hospital,11.2377363,76.9652218,node/7257346766
Veerappanchataram Government Hospital,hospital,11.34858,77.713203,node/7257346768
SG MET Hospital,hospital,11.34467,77.720405,node/7257346770
Vallampadugai Government Hospital,hospital,11.3437625,79.7090469,node/7257346773
CFA Hospital,hospital,11.3669222,76.7662126,node/7257346774
R.V.R Nursing Home,clinic,11.2402986,79.7329312,node/7257346776
Priya Hospital,hospital,11.2761,77.584773,node/7257346777
Government Hospital,hospital,11.3560512,77.1689477,node/7257346778
"Government Hospital, Meensurutty",hospital,11.2379007,79.478418,node/7257346782
"Government Hospital, Perambalur",hospital,11.2365797,78.8606605,node/7257346785
Kumudha Hospital,hospital,11.3467172,77.7306797,node/7257346787
Kpn Nursing Home,clinic,11.3437022,77.7304525,node/7257346790
Government Hospital Kadachanallur,hospital,11.36702,77.804315,node/7257346791
Palayamkottai Government Hospital,hospital,11.3614558,79.4713083,node/7257346792
"Government Hospital, Ithalar",hospital,11.3419316,76.6359393,node/7257346794
"KR Hospital, Karamadai",hospital,11.23934,76.962781,node/7257346796
Sharmila Hospital,hospital,11.2750491,79.550311,node/7257346797
Sumathi Clinic,clinic,11.2725128,77.411116,node/7257346798
Vasan Eye Care-Coonoor,hospital,11.3482198,76.7956641,node/7257346801
Madhu Hospital,hospital,11.2364668,78.8853269,node/7257346802
MTR Hospital,hospital,11.2409014,78.8661237,node/7257346806
Devi Hospital,hospital,11.34116,77.718307,node/7257346807
S R Hospital,hospital,11.3587931,77.7030647,node/7257346808
Vijayamangalm Government Hospital,hospital,11.2382827,77.501687,node/7257346811
Keerthana Hospital,hospital,11.2365339,77.7772287,node/7257346813
Arun Hospital,hospital,11.3447248,77.7138215,node/7257346817
Abisek Medical Centre,hospital,11.3415975,77.7191789,node/7257346820
Vivekananda Medical Care Hospital,hospital,11.364562,77.9482668,node/7257346821
Dhanasekar Nursing Home,clinic,11.359019,77.3206919,node/7257346822
Ponparapi Government Hospital,hospital,11.2691534,79.2346675,node/7257346826
Dhanvantri Critical Care Centre,hospital,11.35099,77.730508,node/7257346827
Pedro Nursing Home,clinic,11.2380805,78.8647545,node/7257346828
"Goverment Hospital, Nallur",hospital,11.2679698,77.946863,node/7257346829
Padali Clinic,clinic,11.21097,79.362041,node/7257348865
"Government Hospital, Annur",hospital,11.2325,77.102249,node/7257348866
"Dj Jothipuram, Coimbatore",hospital,11.16107,76.946818,node/7257348867
"Government Hospital, Eragudi",hospital,11.18918,78.510035,node/7257348868
"Chandar Nursing Home, Avinashi",clinic,11.1892,77.269751,node/7257348870
Villiyanallur Goverment Hospitals,hospital,11.16576,79.632367,node/7257348873
Venkatesan Hospital,hospital,11.2352523,78.8754809,node/7257348874
"Goverment Hospital, Avinashi",hospital,11.19478,77.26882,node/7257348875
"Government Hospital, Sirkazhi",hospital,11.2353489,79.7353952,node/7257348877
C.M. Speciality Hospital and Jaya Lizarov Centre,hospital,11.2122571,78.1697107,node/7257348878
"Sri Avinashiappar Nursing Home, Avinashi",hospital,11.18697,77.270061,node/7257348879
Ganga Hospital,hospital,11.21742,78.170272,node/7257348883
"Government Hospital, Elumathur",hospital,11.18533,77.772496,node/7257348884
"Government Hospital, Vaitheeswarankovil",hospital,11.1943711,79.7049199,node/7257348885
Aishwarya Hospital,hospital,11.2164042,78.1715972,node/7257348886
Shanmuga Heart Centre,hospital,11.22124,78.163711,node/7257348888
"Manimegalai Hospital, Avinashi",hospital,11.188067,77.2763303,node/7257348890
NM Hospital,hospital,11.23271,77.10187,node/7257348893
Shanthi Medical Foundation,hospital,11.232428,77.1016701,node/7257348895
Nivarithi Hospital,hospital,11.168874,76.9536715,node/7257348898
AVR Pranav Hospital,hospital,11.21364,79.364732,node/7257348899
Akshitha Hospital- Perumanallur,hospital,11.2050424,77.3584876,node/7257348903
"Government General Hospital, Kadugur",hospital,11.1694117,79.1495343,node/7257348904
Athithya Nursing Home,clinic,11.2237726,78.1686447,node/7257348908
"Government Hospital, Adhanur",hospital,11.18348,78.99746,node/7257348913
"Government Hospital, Jayamkondan",hospital,11.209725,79.3663872,node/7257348916
Fathima Hospital,hospital,11.2074,79.367169,node/7257348917
Divya Hospital,hospital,11.17586,77.600701,node/7257348918
"Government Hospital, Udayarpalayam",hospital,11.18799,79.2907296,node/7257348919
"Sri Karunambikai Hospital, Avinashi",hospital,11.1950054,77.2681598,node/7257348922
Manalmedu Government Hospital,hospital,11.1946466,79.594405,node/7257348924
Mangalam Hospital,hospital,11.21149,79.362231,node/7257348926
R.G. Hospital,hospital,11.23188,77.100705,node/7257348933
Malarpriya Medical Centre - Tiruppur,hospital,11.16584,77.351437,node/7257348936
"Government Hospital, Perianaickenpalaym",hospital,11.1520934,76.9465875,node/7257348938
"Thangam Hospital,Namakkal",hospital,11.21472,78.171857,node/7257348939
Government Hospital Uttukuli,hospital,11.17674,77.454355,node/7257348948
Saveetha Medical College Hospital,hospital,13.0246229,80.0173334,node/7257421525
"Gopalakrishna Hospital, Gudiyatham",hospital,12.9453972,78.8685493,node/7257421526
Pandian Hospital,hospital,12.9654914,79.9452452,node/7257421530
Shree Chakra Maternity Clinic and Nursing Home,clinic,13.0348047,80.2246285,node/7257421531
Sri Muthukumaran Medical College Hospital & Research Institute,hospital,13.01822,80.108873,node/7257421533
Government Hospital Kangkuppam,hospital,12.9893488,78.9656826,node/7257421534
"Government Hospital, Vaduganthangal",hospital,12.96365,79.015876,node/7257421535
Kavitha Clinic,clinic,13.0340836,80.2419057,node/7257421536
Sunrays Laproscopic Centre,hospital,13.0319129,80.2099892,node/7257421540
Hirsh Nursing Home,clinic,13.0298958,80.1911357,node/7257421541
"Baba Hospital, Sathuvachari",hospital,12.93425,79.158739,node/7257421542
Acharya Clinic,clinic,12.9854281,80.192207,node/7257421543
Sriramachandra Hospital,hospital,13.0374439,80.1444537,node/7257421544
"Rupa Nursing Home, Ranipet",clinic,12.9332029,79.3350112,node/7257421545
Goverment Hospital Punnai,hospital,12.9805165,79.6047908,node/7257421546
Chinna Porur Government Hospital,hospital,13.0369528,80.169935,node/7257421549
Arun Hospital,hospital,12.9408644,80.1828683,node/7257421555
Motherhood Hospital,hospital,13.0312006,80.2511993,node/7257421557
"Government Hospital, Adyar",hospital,12.9979497,80.2562121,node/7257421559
Shree Eye & Maternity Hospital,hospital,12.9521921,80.1442251,node/7257421563
"Ruhsa, Kavanur",hospital,12.95111,78.971831,node/7257421567
Sarada Multispeciality Hospital,hospital,12.93239,79.156815,node/7257421568
Gunasekaran Hospitals Pvt.Ltd,hospital,13.0374624,80.2389389,node/7257421569
Annaii Medical College & Hospital,hospital,12.97103,79.976397,node/7257421570
"Government Hospital, Tambaram",hospital,12.94505,80.13456,node/7257421573
"Government Hospital, Banavaram",hospital,13.0153378,79.4863711,node/7257421574
"B G Lakshmi Clinic, Gudiyatham",clinic,12.9437987,78.8693794,node/7257421577
Government Hospital K.V.Kuppam,hospital,12.9622,78.987091,node/7257421579
Vijayam Hospital & Fertility Centre,hospital,12.95866,80.187198,node/7257421582
Kumaran Specialities Hospital,hospital,13.03968,80.21204,node/7257421583
Arokiya hospital,hospital,13.0374234,80.190944,node/7257421586
Parvathy Hospital,hospital,13.036525,80.1567342,node/7257421589
Genesis Womens Hospital,hospital,13.034922,80.2465468,node/7257421593
Radhatri Nethralaya,hospital,13.0342203,80.2398192,node/7257421596
"Sakthi Amma Hospital, Vellore",hospital,12.936069,79.1643137,node/7257421598
Kavery Hospital,hospital,13.038362,80.2572398,node/7257421601
Kanamapet Government Hospital,hospital,13.0298989,80.2261208,node/7257421602
Thirumalai Mission Hospital,hospital,12.9500696,79.3256224,node/7257421604
Pernampattu Government Hospital,hospital,12.9323821,78.7166738,node/7257421605
Agash Nursing Home,clinic,12.9488228,80.1376942,node/7257421607
Serkadu Government Hospital,hospital,13.0147452,79.2173929,node/7257421609
Swamy Hospital,hospital,12.9433459,78.8696553,node/7257421612
Government Hospital Alandur,hospital,13.0048164,80.2025432,node/7257421613
Janani Hospital,hospital,13.0313233,80.1909256,node/7257421615
"Government Hospital ,Karadikuppam",hospital,13.0001607,79.4339341,node/7257421616
T.K.R. Hospital,hospital,12.9342227,80.1807557,node/7257421619
Ram Skin Clinic,clinic,12.9771173,80.2040772,node/7257421620
Karpaga Vinayaga Medical College Hospital,hospital,12.59309,79.911265,node/7257518666
"Government Hospital, Nedumpirai",hospital,12.7058224,79.5584552,node/7257518667
"Government Hospital, Thenkanikottai",hospital,12.51961,77.793121,node/7257518668
"Government Hospital, Cheyyar",hospital,12.66418,79.540777,node/7257518669
Nachikuppam Government Hospital,hospital,12.71801,78.162022,node/7257518670
Sathya Priya Nursing Home,clinic,12.5104534,79.8881892,node/7257518676
"Vasantha Hospital, Vaniyambadi",hospital,12.6812837,78.6160583,node/7257518682
Kr Hospital,hospital,12.60357,80.057493,node/7257518688
Lakshmi Hospital,hospital,12.7327982,77.8255221,node/7257518689
Padma Poly Clinic,clinic,12.5224009,78.2191314,node/7257518690
"Government Hospital, Arani",hospital,12.66952,79.280255,node/7257518691
"Ragavendra Hospital, Thirupathur",hospital,12.495644,78.5687373,node/7257518692
"Government Hospital, Malayampattu",hospital,12.6534041,79.2468305,node/7257518693
Andal Private Nursing Home,clinic,12.7322005,77.8253198,node/7257518695
Vallipattu Government Hospital,hospital,12.64478,78.650831,node/7257518697
Venkatramana Hospital,hospital,12.68966,79.979543,node/7257518706
Lakshmi Hospital,hospital,12.50486,78.569872,node/7257518709
"Government Hospital, Alangayam",hospital,12.6245859,78.7517774,node/7257518710
Child Care Centre,hospital,12.6648976,79.284907,node/7257518716
S.B.S Hospital,hospital,12.7338924,77.8259338,node/7257518720
Tirupattur Government Hospital,hospital,12.4967103,78.5660198,node/7257518722
Padalam Government Hospital,hospital,12.59136,79.950767,node/7257518724
Sri Venkat Sai Private Hospital,hospital,12.7327925,77.8185057,node/7257518725
Mother & Child Care Hospital,hospital,12.5101065,79.8884224,node/7257518731
"Government Hospital, Uthiramerur",hospital,12.61502,79.760806,node/7257518734
Polur Government Hospital,hospital,12.50829,79.123958,node/7257518735
"Government Hospital, Bargur",hospital,12.5444,78.357225,node/7257518736
"Government Hospital, Wandavash",hospital,12.5049972,79.6134707,node/7257518738
Thirukalukundram Government hospital,hospital,12.6067021,80.0587443,node/7257518739
Vaniyambadi Government Hospital,hospital,12.6768168,78.6156127,node/7257518741
"Government Hospital, Kilkodungalur",hospital,12.50467,79.699699,node/7257518742
Suriya Hospital,hospital,12.6669477,79.2898249,node/7257518745
"Gs Hospital, Thirupathur",hospital,12.49489,78.568696,node/7257518746
Numbi Nursing Home,clinic,12.6899996,79.9800903,node/7257518753
"Government Hospital, Nimmiyambattu",hospital,12.6351064,78.6991757,node/7257518754
Sri Saraswathi Hospital- Ortho Hospital,hospital,12.51332,78.221676,node/7257518757
"Government Hospital, Akkur",hospital,12.684816,79.6330139,node/7257518759
"Government Hospital, Bellampalli",hospital,12.55351,78.090002,node/7257518760
"Government Hospital, Mahabalipuram",hospital,12.61773,80.180966,node/7257518761
"Government Hospital, Aanai bogi",hospital,12.55014,79.494569,node/7257518762
St.Mary'S Hospital,hospital,12.50271,80.151551,node/7257518764
Thangam Private Nursing Home,clinic,12.737023,77.8185638,node/7257518767
Sri Sathiya Sai Hospital,hospital,12.523345,78.2171131,node/7257518769
"K.S. Hospital, Thirupathur",hospital,12.4960893,78.5648282,node/7257518770
"Government Hospital, Natrampalli",hospital,12.5834492,78.5117434,node/7257518774
Thiruporur Government Hospital,hospital,12.7284223,80.1881466,node/7257518775
"Government Hospital, Madhuranthagam",hospital,12.5093491,79.8903597,node/7257518777
Sri Renga Nursing Home,clinic,12.6896769,79.9791953,node/7257518780
"Government Hospital, Balathotanapalli",hospital,12.5068756,77.7099988,node/7257518781
Pudupettai Government Hospital,hospital,12.52928,78.510084,node/7257518786
Aj Nursing Home,clinic,12.50328,79.602751,node/7257518788
Shoolagiri Government Hospital,hospital,12.6669051,78.015584,node/7257518791
Thamarai Nursing Home,clinic,12.5023,79.60489,node/7257518792
Balaji Hospital,hospital,11.96893,79.206747,node/7262595332
Sri Ragavendra Nursing Home,clinic,12.1248765,78.1627286,node/7262595333
"Goverment Hospital, Bairanatham",hospital,11.94553,78.301387,node/7262595337
Dharmapuri Medl College Hospital,hospital,12.12341,78.1576161,node/7262595338
Karpagam Nursing Home,clinic,11.9415697,79.4953712,node/7262595341
Bharani Hospital,hospital,11.9399431,79.4890597,node/7262595345
Government Hospital Kadathur,hospital,12.08724,78.290259,node/7262595346
"Government Hospital, Boothanatham",hospital,11.98837,78.364387,node/7262595348
"Government Hospital, Pennagaram",hospital,12.129564,77.9041522,node/7262595349
"Government Hospital, Anandal",hospital,12.0749123,79.1763331,node/7262595350
Grs Hospital,hospital,11.9824068,78.2481763,node/7262595352
Sumathy Hospital,hospital,11.9383961,79.479216,node/7262595353
"Government Hospital, Anniyur",hospital,12.073907,79.3912087,node/7262595355
K. J. Hospital,hospital,12.1281634,78.1579522,node/7262595358
"Government Hospital, Naripalli",hospital,12.0425018,78.6693922,node/7262595360
Dnv Ortho Care,hospital,12.12005,78.157093,node/7262595363
"Government Hospital, Rishivandiyam",hospital,11.8103289,79.1024189,node/7262595366
Government Hospital K.N.Pudur,hospital,11.9509819,78.2339512,node/7262595368
"Government Hospital, Keeraipatti",hospital,12.0128824,78.5263664,node/7262595369
"Government Hospital, Arasampattu",hospital,11.89532,78.848314,node/7262595370
Fathima Hospital,hospital,11.8871133,78.9108477,node/7262595372
"Government Hospital, Arcadu",hospital,11.93088,79.324537,node/7262595377
Seva Clinic,clinic,12.0609666,78.1130428,node/7262595380
Nanjaya Hospital,hospital,12.0550888,78.4821929,node/7262595383
Pappireddipatti Government Hospital,hospital,11.9179195,78.3646393,node/7262595387
"Government Hospital, Vanur",hospital,12.0226069,79.7279913,node/7262595395
"Thoppur,Government Hospital",hospital,11.9398824,78.0551658,node/7262595396
"Government Hospital, Thanipadi",hospital,12.1088407,78.8371153,node/7262595397
"Government Hospital, Indur",hospital,12.1326826,78.0577248,node/7262595400
Mary Hospital,hospital,12.1283666,78.1601592,node/7262595404
"Government Hospital, Old Karuvatchi",hospital,12.0737952,79.3490022,node/7262595406
Sirumadurai Government Hospital,hospital,11.8985791,79.3572119,node/7262595414
"Government Hospital, Eduthavainatham",hospital,11.80695,78.825135,node/7262595416
Government Hospital Chinnankuppam,hospital,12.0110294,78.4553224,node/7262595418
Mettur Govt Hospital,hospital,11.7960034,77.798885,node/7262595421
Sankarapuram Government Hospital,hospital,11.8871317,78.9141914,node/7262595423
Manalurpettai Government Hospital,hospital,12.0054361,79.092565,node/7262595424
"Government Hospital, Siruvanthadu",hospital,11.8725374,79.5806705,node/7262595426
Thirukoilur Government Hospital,hospital,11.96988,79.206253,node/7262595432
Government Hospital Kadaimadai,hospital,12.05434,77.936888,node/7262595435
Pattammal Hospital,hospital,11.96712,79.204777,node/7262595437
"Government Hospital, Karumandurai",hospital,11.8227672,78.6338324,node/7262595440
Danish Mission Hospital,hospital,11.9550365,79.1944028,node/7262595441
Pranitha Hospital,hospital,12.12133,78.154418,node/7262595442
Tribal Hospital,hospital,11.9105443,78.6261336,node/7262595443
Om Sakthi Nursing Home,clinic,12.1324,78.161576,node/7262595455
Government Hospital Uppuvellore,hospital,12.1281789,79.7910713,node/7262595457
"Government Hospital, Harur",hospital,12.061178,78.4756913,node/7262595458
Government Hospital,hospital,11.45112,77.682149,node/7262800431
"Government Hospital, Rasipuram",hospital,11.4612987,78.1851369,node/7262800435
"Tholudur, Government Hospital",hospital,11.412136,78.9922603,node/7262800436
"Tiruchengode, Goverment Hospital",hospital,11.3903328,77.8920627,node/7262800438
Government Hospital Gudalur,hospital,11.4932483,76.4997401,node/7262800439
Sabeetha Surgical Clinic,clinic,11.4421254,78.4867012,node/7262800440
"Edapalli, Government Hospital",hospital,11.3800271,76.8091394,node/7262800441
"Sugam Hospital,Rasipuram",hospital,11.4553007,78.1936221,node/7262800442
Government General Hospital Parangipettai,hospital,11.4902744,79.7571092,node/7262800443
Vmk Hospital,hospital,11.4791501,77.5724052,node/7262800446
Sri Balaji Womens Centre,hospital,11.4531821,77.6875979,node/7262800447
Lakshmi Hospital,hospital,11.4723746,77.8646891,node/7262800450
Vijay Hospital,hospital,11.45091,77.682019,node/7262800455
Kumaran Hospital,hospital,11.45995,77.428588,node/7262800457
Taj Hospital,hospital,11.4966006,76.495779,node/7262800458
T.C.A Hospital Tiruchengode,hospital,11.3791885,77.8965774,node/7262800464
Sivajothi Nursing Home,clinic,11.4038713,79.6917279,node/7262800466
Vasanth Hospital,hospital,11.4526864,77.4292173,node/7262800469
"Government Hospital, Chakkarapani",hospital,11.4012907,79.1228356,node/7262800470
"Government Hospital, Kavandapadi",hospital,11.43134,77.558062,node/7262800471
Dharun Hospital,hospital,11.4223638,77.5597735,node/7262800473
Shanitha Hospital,hospital,11.3974442,76.6970034,node/7262800474
"Tholar, Government Hospital",hospital,11.4142436,79.2014135,node/7262800479
"Government Hospital, Bhuvanagiri",hospital,11.4410798,79.6446187,node/7262800482
Soorya Multispecialty Hospital,hospital,11.3786429,77.8931912,node/7262800488
KKRS Hospital,hospital,11.45417,77.430584,node/7262800489
Pandalur Government Hospital,hospital,11.4850787,76.3381876,node/7262800490
"Goverment Hospital, Avatty",hospital,11.4763131,79.0757247,node/7262800495
PGR Hospital,hospital,11.4512002,77.687185,node/7262800498
Naveena Hospital,hospital,11.3969651,77.6617104,node/7262800499
"Government Hospital, Ukkaram",hospital,11.4156444,77.2350458,node/7262800501
Senthil Hospital,hospital,11.4475854,77.6844482,node/7262800502
J.K.K. Trust Hospital,hospital,11.4445841,77.7307962,node/7262800506
"SPM Medical Centre,Tiruchengode",hospital,11.3881331,77.8931963,node/7262800507
"Government Hospital, Namagiripettai",hospital,11.4569484,78.265263,node/7262800508
Dakshin Trauma Centre,hospital,11.454593,77.4461819,node/7262800512
Suguna Hospital Tiruchengode,hospital,11.3781757,77.890856,node/7262800515
Jeeva Nursing Home,clinic,11.4533031,77.4294145,node/7262800516
"Government Hospital, Kookkalthorsai",hospital,11.4812769,76.8217376,node/7262800517
"Government Hospital, Kothagiri",hospital,11.4212782,76.8612964,node/7262800519
Kalyani Nursing Home,clinic,11.452097,77.6808974,node/7262800520
Thillai Nursing Home,clinic,11.3999189,79.6962579,node/7262800521
Government Hospital Vadugai,hospital,11.4654974,77.9250599,node/7262800522
Abi SK Hospital,hospital,11.457163,77.412487,node/7262800528
"Government Hospital, Komarapalayam",hospital,11.4435826,77.6946365,node/7262800530
"Government Hospital, Krishnapuram",hospital,11.386431,78.7882072,node/7262800531
Sathya Hospital,hospital,11.4561856,77.4298694,node/7262800532
S K Hospital,hospital,11.4540106,77.430108,node/7262800536
Tiruchengode Government Hospital,hospital,11.37645,77.89426,node/7262800540
Tiruvannamalai Medical Colleges Hospital,hospital,12.2726421,79.0779952,node/7262801760
Annamalai Hospital,hospital,12.4930073,78.5669369,node/7262801765
"Goverment Hospital, Nallur",hospital,12.41034,79.616457,node/7262801771
R.K. Hospital,hospital,12.30837,78.793024,node/7262801772
Tindivanam Government Hospital,hospital,12.2407763,79.6514849,node/7262801775
"Government Hospital, Chengam",hospital,12.30548,78.795953,node/7262801777
Sri Balakandhan Clinic,clinic,12.2324,79.078315,node/7262801782
Rajam Nursing Home,clinic,12.2308583,79.0726344,node/7262801787
Government Hospital Panchapalli,hospital,12.4587955,77.9429947,node/7262801806
"Government Hospital, Barur",hospital,12.3078575,78.3064905,node/7262801807
Government Tiruvannamalai Medical College and Hospital,hospital,12.2259398,79.0660738,node/7262801814
"Government Hospital, Keezh Mambattu",hospital,12.18217,79.484264,node/7262801815
St.Josep Hospital,hospital,12.2192668,79.6544775,node/7262801819
Sundaram Hospital Thirupathur,hospital,12.4916833,78.5674219,node/7262801824
Government Hospital Kadaladi,hospital,12.2643174,78.7398073,node/7262801825
"Government Hospital, Thellar",hospital,12.4051717,79.5512245,node/7262801830
G.K.Hospital,hospital,12.3047721,78.0725799,node/7262801831
SS Hospital,hospital,12.2366349,79.0749229,node/7262801833
"Government Hospital, Chetpet",hospital,12.4663281,79.3495034,node/7262801834
"Government hospital, Arattavadi",hospital,12.2315369,78.8005096,node/7262801835
Government Hospital Kalasapakkam,hospital,12.43678,79.098871,node/7262801839
Sri Ramana Hospital,hospital,12.2307935,79.0734877,node/7262801840
Padagam Government Hospital,hospital,12.4234266,79.1909856,node/7262801844
N.P.Petral Government Hospital,hospital,12.1922727,79.253024,node/7262801846
"Government Hospital, Valathy",hospital,12.3477657,79.3797042,node/7262801847
"Goverment Hospital,Bendarahalli",hospital,12.2700824,78.3200544,node/7262801848
"Durai Hospital, Thirupathur",hospital,12.4927711,78.5682528,node/7262801854
Gingee Government Hospital,hospital,12.2518572,79.4197241,node/7262801855
"Government Hospital, Jakkasamudram",hospital,12.3937246,78.0522641,node/7262801856
Government Hospital Karapattu,hospital,12.3760301,78.9411032,node/7262801862
Sathanur Dam Government Hospital,hospital,12.2014278,78.8977477,node/7262801870
"Government Hospital, Uthangarai",hospital,12.26612,78.535949,node/7262801872
"Government Hospital, Thandrampattu",hospital,12.16212,78.942398,node/7262801874
"Government Hospital, Kodamandapatti",hospital,12.3352191,78.4465555,node/7262801876
"Government Hospital, Anandur",hospital,12.2637832,78.3701247,node/7262801879
"Government Hospital, Pochampalli",hospital,12.3322477,78.365767,node/7262801881
"Government Hospital, Adiannamalai",hospital,12.25389,79.040524,node/7262801884
"Thurinjapuram,Government Hospital",hospital,12.32102,79.087653,node/7262801886
Vasantha Hospital Wellness Research Centre,hospital,12.2354267,79.0713162,node/7262801888
Uma Hospital,hospital,12.2309805,79.6498703,node/7262801891
"Government Hospital, Mathur",hospital,12.3826201,78.4136738,node/7262801892
"Government Hospital, Marakkanam",hospital,12.1975179,79.9497067,node/7262801895
"Government General Hospital, Cheyyur",hospital,12.35204,80.002556,node/7262801896
Salem Government Hospital,hospital,11.6554386,78.1520712,node/7262918794
Ponni Hospital,hospital,11.60974,79.549778,node/7262919354
"Government Hospital, Mylambadi",hospital,11.5240579,77.673179,node/7262919355
Guru Women And Children Hospital,hospital,11.6550881,78.1631441,node/7262919356
"Government Hospital, Kothampadi",hospital,11.62641,78.542199,node/7262919357
Udaya Nursing Home,clinic,11.65301,78.166829,node/7262919360
Government Hospital Attur,hospital,11.59709,78.601343,node/7262919363
Annai Hospital,hospital,11.56159,79.593036,node/7262919365
"Government Hospital, Guruvareddyur",hospital,11.6468761,77.6822366,node/7262919366
N.S. Kumudham Hospital,hospital,11.59626,78.599512,node/7262919368
Surya Hospital,hospital,11.58091,77.58527,node/7262919371
"Government Hospital, Valapady",hospital,11.65706,78.403773,node/7262919374
Sakthi Hospital,hospital,11.498927,77.2433702,node/7262919375
Sindhu Hospital,hospital,11.57417,77.590371,node/7262919379
AVM Hospital,hospital,11.6264369,78.1394204,node/7262919380
Deivam Hospital,hospital,11.5221268,79.3246282,node/7262919382
"Govt. Hospital, Melur",hospital,11.65429,78.937592,node/7262919384
Sundaram Multi Speciality Hospital,hospital,11.600633,78.5948143,node/7262919385
Mangorange Hospital,hospital,11.5149866,76.3560444,node/7262919386
Goverment Hospital Kaludoor,hospital,11.50839,79.090308,node/7262919389
"Government Hospital, Kolapalli",hospital,11.5487451,76.3115365,node/7262919392
Annai Hospital,hospital,11.57992,77.588319,node/7262919393
Sree Jayam Ortho and Multi Speciality Hospital,hospital,11.5441388,78.1460813,node/7262919395
Srinivasa Nursing Home,clinic,11.62915,79.670102,node/7262919398
Srinithi Nursing Home,clinic,11.52382,79.32411,node/7262919399
Chandra Nursing Home,clinic,11.51971,79.323781,node/7262919404
Vembadithalam Government General Hospital,hospital,11.5683,78.01211,node/7262919405
Vanitha Hospital,hospital,11.6239931,78.1184622,node/7262919406
"Government Hospital, Kurinchipadi",hospital,11.560854,79.5975832,node/7262919410
Pachiappa Hospital,hospital,11.58571,77.833131,node/7262919412
"Government Hospital, Gangavalli",hospital,11.506984,78.6431595,node/7262919413
"Government Hospital, D.G.Pudur",hospital,11.50343,77.311249,node/7262919417
Arun Gowri Hospital,hospital,11.57659,77.588756,node/7262919424
"Government Hospital, Neyveli",hospital,11.6282392,79.5307866,node/7262919425
Samiritian Hospital,hospital,11.52065,76.502776,node/7262919427
"Government Hospital, Vennandur",hospital,11.51701,78.088631,node/7262919431
"Government Hospital, Dadapuram",hospital,11.62225,77.877189,node/7262919434
"Government Hospital, T.N.Palayam",hospital,11.50771,77.383285,node/7262919436
C. N. Hospital,hospital,11.55724,78.0096,node/7262919437
Sudha Hospital,hospital,11.5543431,79.5470772,node/7262919441
Annapoorna Medical College Hospital,hospital,11.57693,78.037627,node/7262919445
"Government Hospital, Veppur",hospital,11.52467,79.122012,node/7262919448
Senthil Nursing Home,clinic,11.51773,79.323578,node/7262919452
"Goverment Hospital, Nallur",hospital,11.5676381,79.190047,node/7262919453
Ramakrishna Nursing Home,clinic,11.5988349,78.5988615,node/7262919455
"Government Hospital, Virudhachalam",hospital,11.5154858,79.3171992,node/7262919456
"Government Hospital, Panamarathupatti",hospital,11.56589,78.161533,node/7262919457
"Government Hospital, Anthiyur",hospital,11.5813367,77.5862689,node/7262919462
Priyam Speciality Hospital,hospital,11.63446,78.124388,node/7262919467
Priya Medical Centre,hospital,11.49886,76.486377,node/7262919470
Dr P Ramalingam Hospital,hospital,11.52871,78.056289,node/7262919471
Nalam Hospital,hospital,11.65862,78.147448,node/7262945612
K.N. Nataraj Hospital,hospital,11.6581476,78.167265,node/7262945615
Santhi Nursing Home,clinic,11.666132,78.1562017,node/7262945616
"Government Hospital, Hasthampatti",hospital,11.6795,78.157266,node/7262945617
"Thondamanatham, Government Hospital",hospital,11.6589389,79.7132015,node/7262945619
M.J. Hospital,hospital,11.6689574,78.1209471,node/7262945620
"Government Hospital, Tharamangalam",hospital,11.69503,77.963161,node/7262945621
Mahalakshmi Hospital,hospital,11.69241,79.28535,node/7262945622
Saradhas Nursing Home,clinic,11.65829,78.175467,node/7262945626
Ponnammapettai PHC,hospital,11.6660487,78.1770681,node/7262945628
"Government Hospital, K.R.Thoppur",hospital,11.68382,78.007937,node/7262945629
"ESI Hospital, Salem",hospital,11.671506,78.0818924,node/7262945630
Anna Hospital,hospital,11.656945,78.1775664,node/7262945631
Selvi Hospital,hospital,11.6588,78.168423,node/7262945633
"Government Hospital, Ulundurpet",hospital,11.6926834,79.2860201,node/7262945635
Ganesan Nursing Hospital,hospital,11.6721696,78.1527134,node/7262945636
Salem Poly Clinic,clinic,11.6663605,78.144658,node/7262945637
Global Medical Centre Jagirammapalayam,hospital,11.6894409,78.1108847,node/7262945638
Ruthramoorthy Polyclinic,clinic,11.67157,78.158408,node/7262945639
Salem Medical Centre,hospital,11.67607,78.163014,node/7262945640
"Government Hospital For Pregnancy, Ammapet",hospital,11.65953,78.183895,node/7262945641
"Sai Ram Ivf & Infertility Centre And Clinic, Salem",clinic,11.6736593,78.1168195,node/7262945643
Shri Suraksha Speciality Medical Centre,hospital,11.6590215,78.1587125,node/7262945644
Dr.Thiru Neuro Multi Speciality,hospital,11.6623376,78.203353,node/7262945645
Deepam Hospital,hospital,11.6576703,78.4065155,node/7262945648
Dr. Nalini Sridhar Hospital,hospital,11.6603637,78.168978,node/7262945649
Sri Sellappa Hospital,hospital,11.65978,78.154787,node/7262945651
SIMS Chellum Hospital,hospital,11.6698396,78.1558407,node/7262945653
Panruti Government Hospital,hospital,11.7674836,79.5491037,node/7262949107
"Government Hospital, Kattumannar Koil",hospital,11.2842074,79.551805,node/7262949110
Janet Nursing Home,clinic,11.3396455,77.7203698,node/7262949111
Saraswathi Poly Clinic,clinic,11.7905491,77.8007345,node/7262949114
"Government Hospital, Thingalur",hospital,11.3237179,77.4854617,node/7262949122
"Government Maternity Hospital, Agathiar",hospital,11.33716,77.727075,node/7262949123
Krishna Medical Centre,hospital,11.2854479,77.6039939,node/7262949124
Baby Hospital,hospital,11.335873,77.7315099,node/7262949126
Dr Kokilasekar Nursing Hospital,hospital,11.3395874,77.7269838,node/7262949127
"Government Hospital, Veppur",hospital,11.31459,79.064626,node/7262949128
Manakudaiyan Government Hospital,hospital,11.3345522,79.2318018,node/7262949129
Lakshmi Hospital,hospital,11.3329461,77.7179248,node/7262949130
Joseph Hospital,hospital,11.30801,77.704584,node/7262949131
Government Hospital Anukkur,hospital,11.3308736,78.8599921,node/7262949132
"Manickampalayam, Government Hospital",hospital,11.32887,78.017713,node/7262949133
Shifa Nursing Home,clinic,11.2990048,79.553738,node/7262949134
Malar Hospital,hospital,11.7722604,79.5539969,node/7262949135
Andal Hospital,hospital,11.7612866,79.7642423,node/7262949138
Chinnu Hospital,hospital,11.3352924,77.7197145,node/7262949140
Sendamangalam Government Hospital,hospital,11.27988,78.234922,node/7262949141
KMCH Speciality Hospital,hospital,11.33911,77.716284,node/7262949142
"Government Hospital, Semmandapatty",hospital,11.79257,78.029599,node/7262949145
"Yercaud, Government Hospital",hospital,11.7786513,78.2145479,node/7262949146
Kavin Hospital,hospital,11.3383568,77.7138882,node/7262949147
Melurhosatty Goverment Hospital,hospital,11.3015895,76.7021749,node/7262949148
Arcees Hospital,hospital,11.3381082,77.7110478,node/7262949151
R.K. Nursing Home,clinic,11.7715155,79.5532885,node/7262949153
"Government Hospital, Geermalam",hospital,11.7616234,77.2320886,node/7262949155
"Government Hospital, Kuzhumoor",hospital,11.3142,79.150918,node/7262949158
Maragathavalli Hospital,hospital,11.3328528,77.7193915,node/7262949159
Lkm Hospital,hospital,11.3335626,77.7190368,node/7262949161
JJ hospital,hospital,11.33168,77.728823,node/7262949163
Chamraj Group Hospital,hospital,11.3004209,76.6884508,node/7262949166
"Government Hospital, Mettupalayam",hospital,11.2891427,76.9409612,node/7262949168
S.M. Hospital,hospital,11.7703029,79.5520954,node/7262949169
SCS Hospital And Urology Clinic,hospital,11.3410253,77.718043,node/7262949171
"Loga Clinic, Sirumugai",clinic,11.3191,77.006544,node/7262949172
Anusha Hospital,hospital,11.3397168,77.7166805,node/7262949173
Jai Maaruthi Hospital,hospital,11.332,77.727272,node/7262949174
A.M.M. Hospital,hospital,11.77751,79.662562,node/7262949178
Annai Hospital,hospital,11.7709457,79.5498822,node/7262949182
Vasantha Nursing Home,clinic,11.7143472,79.7702587,node/7265222565
Omalur Government Hospital,hospital,11.74161,78.044296,node/7265222566
"Government hospital,Belur",hospital,11.70532,78.419538,node/7265222567
JVR Maternity Home,hospital,11.75458,79.760294,node/7265222568
Sharon Cancer Center and General Hospital,hospital,11.7308873,78.1721664,node/7265222572
Sri Annai Hospital,hospital,11.7459634,79.7448805,node/7265222573
Janaki Nusing Home,clinic,11.7575168,79.7578964,node/7265222575
Pugazh Hospital,hospital,11.7360674,78.9628202,node/7265222579
"Government Hospital, Jalakandapuram",hospital,11.6998786,77.8792017,node/7265222580
Arcot Hospital,hospital,11.75595,79.7615981,node/7265222585
R.R. Nursing Home,clinic,11.7394129,78.0439861,node/7265222586
Manipal Hospital,hospital,11.703072,78.1026612,node/7265222587
D.S.Clinic,clinic,11.7314895,79.7652502,node/7265222588
Suredra Nursing Home,clinic,11.7141123,79.7688613,node/7265222591
"Tholasampatti, Government Hospital",hospital,11.75638,77.973813,node/7265222592
"Government Hospital, Kallakurichi",hospital,11.7372686,78.9591918,node/7265222593
Ss Heart And Skin Care Hospital,hospital,11.73566,78.965382,node/7265222596
Goverment Hospital,hospital,11.7580777,78.2969128,node/7265222598
Sri Hari Hospital,hospital,11.7396726,78.0440701,node/7265222599
Valaisayur PHC,hospital,11.7048193,78.2479415,node/7265222600
hospital ground,hospital,11.3348089,79.1024567,node/7339894592
Devi Hospital,hospital,11.0253792,76.9381035,node/7343511629
Arasavanangadu Government Hospital,hospital,10.8280004,79.5543811,node/7346943069
SHABNA HOSPITAL,hospital,8.9695304,77.300373,node/7600389690
avm hospital,hospital,8.7966695,78.1422851,node/7602523595
Taj Hospital,hospital,13.0239396,80.116819,node/7652446229
Malar Clinic,hospital,12.9645886,80.1958518,node/7652449746
Primary health Center,hospital,13.1207073,79.9960294,node/7653041585
Divine Homoeo Clinic,clinic,8.3260917,77.1346489,node/7733154006
Swift Clinic,clinic,13.33067,80.188076,node/7818702350
KS Balaje Eye Care,clinic,13.4106219,80.126391,node/7818702351
RP Multispeciality Dental Clinic,clinic,13.2792646,80.2595386,node/7818702352
Aaleyah Clinic,clinic,13.2831001,80.2611331,node/7818702354
Memisa Skin Clinic,clinic,13.1534531,80.2533929,node/7818702355
Sri Jayakala Clinic,clinic,13.167576,80.246488,node/7818702356
Prasad Multispeciality Hospital,hospital,13.156154,80.301391,node/7818702357
Uma Hospital,hospital,13.1345397,80.2058879,node/7818702358
Maaya Nursing Home,clinic,13.131644,80.2121709,node/7818702359
M N Eye Hospital,hospital,13.2786682,80.2608979,node/7818702361
M.A. Nursing Home,clinic,13.1523024,80.3007588,node/7818702362
"ESI Hospital, Minjur",hospital,13.2793062,80.2577503,node/7818702363
Gowtham Clinic,clinic,13.1521212,80.3009641,node/7818702364
Acharya Tulsi Clinic,clinic,13.1651744,80.2098306,node/7818702365
PMS Hospital,hospital,13.3348563,80.1941403,node/7818702366
Suman Hospital,hospital,13.1503301,80.2984201,node/7818702367
Mahalakshmi Clinic,clinic,13.1724224,80.200226,node/7818702368
Dr. Anupama Roshan Skin Specialist,clinic,13.1517568,80.3012914,node/7818702369
Sri Kannan Clinic,clinic,13.170706,80.199551,node/7818702370
Dr. Sudarsan Clinic,clinic,13.4073657,80.1261348,node/7818702371
Thangam Hospital,hospital,13.332976,80.19451,node/7818702372
Alpha Hospital,hospital,13.420618,80.114126,node/7818702373
Hema Clinic,clinic,13.4097517,80.1261584,node/7818702374
Mother Joseph Hospital,hospital,13.537285,80.07133,node/7818702375
Dr. Ezhilarasi Clinic,clinic,13.1327627,80.2073327,node/7818702376
Sugam Hospital,hospital,13.414053,80.12703,node/7818702378
Raju Nursing Home,clinic,13.2769935,80.2602026,node/7818702379
Thirumala Clinic,clinic,13.3369595,80.1934118,node/7818702380
Sri Krishna Clinic,clinic,13.328241,80.187248,node/7818702381
Sumathi Clinic,clinic,13.4064956,80.1280645,node/7818702382
Sushrutha Surgical Hospital,hospital,13.3348758,80.190578,node/7818702383
Dr. Merwin Clinic,clinic,13.1520648,80.3012826,node/7818702384
Ropheka Polyclinic,clinic,13.1463416,80.2978175,node/7818702386
Care and Cure Clinic,clinic,13.279224,80.260049,node/7818702388
Kvm Physiotherapy Clinic,clinic,13.1625945,80.2594403,node/7818702389
V.V. Homoeopathic Clinic,clinic,13.3310556,80.1951783,node/7818702390
Srs Healthcare Clinic,clinic,13.1675158,80.247696,node/7818702391
Hasini Eye Care Clinic and General Hospital,hospital,13.337998,80.1928478,node/7818702392
Sankara Eye Hospital,hospital,13.165259,80.25871,node/7818702393
Jeyam Multi Speciality Hospitals,hospital,13.3342331,80.1954472,node/7818702394
G S Hospital,hospital,13.1537616,80.3006482,node/7818702395
Welcare Hospital,hospital,13.3306875,80.1887374,node/7818702396
Sai Hospital,hospital,13.3637671,80.1405042,node/7818702397
RMK Hospital,hospital,13.361191,80.140533,node/7818702398
Md Hussain Hospital,hospital,13.1702776,80.193567,node/7818702399
Julia Hospital,hospital,13.3357903,79.9084828,node/7818702400
Arogya Matha Trust Nursing Home,clinic,13.4472993,80.0060765,node/7818702401
S M D Clinic,clinic,13.285932,80.248656,node/7818702404
Varma Clinic,clinic,13.4204214,80.1143534,node/7818702405
Esha Hospital,hospital,13.1521728,80.3002146,node/7818702406
Manon Clinic,clinic,13.2607297,80.2891549,node/7818702407
Annai Hospital,hospital,13.1486276,80.2982812,node/7818702409
Joseph Nursing Home,clinic,13.2403414,80.144056,node/7818702410
Prasad ENT,clinic,13.156041,80.3009519,node/7818702411
Jerusha Physio Clinic,clinic,13.3369379,80.1938828,node/7818702412
Dr. Saravana's Ortho Clinic,clinic,13.1358049,80.2092573,node/7818702413
Sri Malar Clinic,clinic,13.1621341,80.205369,node/7818702414
Raju Clinic,clinic,13.4072223,80.1269587,node/7818702415
Dr. K.V.M. Jaganathan Clinic,clinic,13.2787221,80.2599741,node/7818702417
GK Shree Health Clinic,clinic,13.1711581,80.2000625,node/7818702418
Sekar Hospital,hospital,13.1523333,80.2998808,node/7818702419
St. Anthony's Hospital,hospital,13.161861,80.204431,node/7818702420
Neelam Clinic,clinic,13.3518579,80.2834556,node/7818702422
Sri Vishnu Clinic,clinic,13.1602832,80.2584421,node/7818702423
Dr.Bala Lakshmi Hospital,hospital,13.329233,80.187201,node/7818702424
அரசு ஆரம்ப சுகாதார நிலையம்,hospital,8.603808,77.9462525,node/7818764830
S.S Clinic,clinic,13.0497791,80.1146142,node/7819840728
Janani Hospital,hospital,13.139584,79.906791,node/7819840729
Dhanvantari Multispeciality Clinic,clinic,13.0341953,80.1238143,node/7819840730
Annai Siddha Ayurvedha Hospital,hospital,13.1433504,79.8754025,node/7819840731
Herbocare Hospital,hospital,13.131715,79.928058,node/7819840732
Sastha Clinic,clinic,13.0779178,80.0263338,node/7819840733
Dr.Prabhu Shankar Child Care,hospital,13.1439414,79.9052155,node/7819840734
Neha Clinic and Diagnostic centre,clinic,13.0507828,80.1009762,node/7819840735
Saveetha Rural Health Centre,hospital,13.031324,79.85549,node/7819840736
Arjuna Hospital,hospital,13.1167548,79.9112778,node/7819840739
MJ Orthocare Hospital,hospital,13.1307363,79.9106285,node/7819840740
DPS Hospital,hospital,13.0509177,80.0994192,node/7819840741
Cure Well Hospital,hospital,13.044839,80.078007,node/7819840743
Valarmathi Hospital,hospital,13.1439516,79.908917,node/7819840744
Kannimaram Hospital,hospital,13.0471845,80.184358,node/7819840745
Yagnyaa Diabetes Clinic,clinic,13.0471927,80.1814527,node/7819840746
Dr.Puvirasan Clinic,clinic,13.175651,79.6119771,node/7819840747
Vasanthi Dental Hospital,hospital,13.0401817,80.1803453,node/7819840748
Dr.C R Srinivasulu,clinic,13.175113,79.612329,node/7819840749
Maf Clinic,clinic,13.0456848,80.1858062,node/7819840750
Srinivasa Clinic,clinic,13.3377246,79.439836,node/7819840752
Vaagai Clinic,clinic,13.1370025,79.9102783,node/7819840754
Sri Venkatesvara Physio and Obesity Centre,clinic,13.0447838,80.1844199,node/7819840755
Vijayalakshmi Hospital,hospital,13.143569,79.9088701,node/7819840756
Raju Surgery Clinic,clinic,13.1343166,79.9118306,node/7819840758
Mother and Child Care Clinic,clinic,13.1799427,79.6098958,node/7819840759
Sai Multispeciality Hospital,hospital,13.0312709,79.8535026,node/7819840760
Sandhiya's Clinic,clinic,13.1353374,79.9172158,node/7819840762
SM Hospital,hospital,13.1363359,79.9086732,node/7819840763
Thiruvallur Urban Maternity Centre,hospital,13.144271,79.899066,node/7819840764
Latha Ravichandran Clinic,clinic,13.0456183,80.1820026,node/7819840766
Aravind Eye Hospital,hospital,13.0532913,80.1249542,node/7819840767
Jeevan Women Care Clinic,clinic,13.0442533,80.184247,node/7819840769
CSI Hospital,hospital,13.14463,79.909159,node/7819840771
Champa Clinic,clinic,13.0494837,80.1028024,node/7819840772
JVP Multispeciality Clinic,clinic,13.1442541,79.9090126,node/7819840773
Laxmi Clinic,clinic,13.1796811,79.6112732,node/7819840774
Be Well Hospital,hospital,13.0506409,80.0986929,node/7819840775
Dr.Annamalai Hospital,hospital,13.1798882,79.6108916,node/7819840778
Vijaya Nursing Home,clinic,13.336097,79.441495,node/7819840781
Thendral Skin and Dental Hospital,hospital,13.139915,79.9078323,node/7819840782
Srinivasa Medicals,hospital,13.1780924,79.6106252,node/7819840783
Dr. Nesam Multispeciality Dental Hospital,hospital,13.1110614,79.9106022,node/7819840784
Sri Jayendra Saraswati Ayurveda Hospital,hospital,13.0426113,80.0723617,node/7819840785
Udhaya Sai Clinic,clinic,13.0382058,80.1807184,node/7819840786
Sri Ramanujam Herbal Siddha Clinic,clinic,13.1512645,79.9136354,node/7819840787
Vasan Eyes Care Hospital,hospital,13.131197,79.909378,node/7819840788
Nalam Clinic,clinic,13.1787693,79.6119898,node/7819840789
RK Physiotherapy Clinic,clinic,13.178322,79.610605,node/7819840790
Bhavani Clinic,clinic,13.1755937,79.6115455,node/7819840791
The Royal Mayush Hospital,hospital,13.1236572,79.964507,node/7819840793
Dr.Hemachandran Hospital,hospital,13.1793744,79.6113316,node/7819840794
G.K. Hospital,hospital,13.1086082,79.9104426,node/7819840795
Sri Hari Polyclinic,clinic,13.2825242,79.4835532,node/7819840796
Meenakshi Mission Hospital,hospital,13.0472622,80.1815603,node/7819840797
Vignesh Clinic,clinic,13.144957,79.908587,node/7819840798
Lk Physiotherapy Care Clinic,clinic,13.1449677,79.9070108,node/7819840800
Ramdas Hospital,hospital,13.0502479,80.0910986,node/7819840803
Dr. Sarojini Hospital,hospital,13.1444936,79.903447,node/7819840804
Shanthi Hospital,hospital,13.0470409,80.1841129,node/7819840806
Dr. Natarajan Multi Speciality Hospital & Kidney Care Centre,hospital,12.9783152,79.6175484,node/7820443278
Shrishti Hospital,hospital,12.925748,79.3562419,node/7820443280
Sri Lakshmi Eye Clinic,clinic,12.830238,79.7037348,node/7820443281
Lakshmi Prasad Hospital,hospital,12.9252702,79.3618728,node/7820443282
Dr.Ganesh Hospital,hospital,12.9252402,79.3627706,node/7820443284
J H Physio Clinic,clinic,12.820989,79.6971859,node/7820443285
Happy Smile Speciality Dental Hospital,hospital,12.9239216,79.3638601,node/7820443286
Kavya Skin Clinic,clinic,12.9076548,79.3236238,node/7820443287
Balaji ENT & Dental Care Hospital,hospital,13.0869567,79.6637537,node/7820443288
Dr.Pandiyakumar Children Hospital,hospital,12.9034778,79.3196063,node/7820443289
Dr. T.S Umesh Clinic,clinic,12.8363632,79.7060185,node/7820443290
AKG Maternity and Fertility Centre,hospital,12.8345687,79.7029989,node/7820443291
Kannans Homoeo Clinic,clinic,12.9344951,79.3312428,node/7820443294
Karthigai Centre for Mental Health Care,hospital,12.8242383,79.7018995,node/7820443295
Dr. Udhaya Kumar Clinic,clinic,12.907222,79.321559,node/7820443297
Sri Vinayak Child Care,clinic,12.8426526,79.7009794,node/7820443298
Dr. Netaji Clinic,clinic,12.8378689,79.7062713,node/7820443299
Dr. Kumarguru Clinic,clinic,12.834737,79.7034209,node/7820443300
Kavitha Hospital,hospital,12.9269785,79.3639246,node/7820443301
Sunflower Siddha Hospital for Skin and Fertility,hospital,12.8419147,79.7042481,node/7820443302
Ganesh Clinic,clinic,12.955821,79.3013728,node/7820443303
Sri Ne Hospital,hospital,12.8246378,79.707055,node/7820443304
Murthy Hospital,hospital,13.084744,79.6681736,node/7820443306
Dr.Ponnambalam ENT and Dental Clinic,clinic,13.0877821,79.6638176,node/7820443309
Almaa Siddha Care Clinic,clinic,12.8324773,79.7036485,node/7820443310
Darsha Siddha Clinic,clinic,12.932437,79.331013,node/7820443311
AV Clinic,clinic,12.978031,79.613011,node/7820443312
Sugam Physiotherapy and Pain Relief Clinic,clinic,12.835165,79.702683,node/7820443314
Dr. P. Vijayalakshmi Clinic,clinic,12.8409085,79.7057652,node/7820443319
Nithin's Clinic,clinic,12.9279372,79.3634319,node/7820443320
RJR Hospital,hospital,12.8446595,79.6981141,node/7820443321
Shri Rasi Homeo Clinic,clinic,12.8347422,79.7085492,node/7820443322
Sri Shiva Vishnu Physiotherapy Clinic,clinic,12.977955,79.6180493,node/7820443325
Rani Multi Speciality Clinic,clinic,12.8381271,79.7055576,node/7820443326
Bone Care Hospital,hospital,12.8253797,79.7076101,node/7820443327
Lavanya Hospital,hospital,12.9267063,79.3642127,node/7820443328
Hajirabi Hospital,hospital,12.9051686,79.3293025,node/7820443330
Dr. Ehzil Clinic,clinic,12.8251603,79.7039026,node/7820443331
CM ENT Clinic,clinic,12.8383385,79.7050015,node/7820443332
Dr. Aravind Clinic,clinic,12.8424164,79.7013714,node/7820443333
Dr. A. Vanathy Clinic,clinic,12.9257748,79.3333606,node/7820443334
Suriya Clinic,clinic,12.8366448,79.7050898,node/7820443336
Krishna Skin Clinic,clinic,13.086662,79.663054,node/7820443337
Sai Ayush Speciality Clinic,clinic,12.9072964,79.3263826,node/7820443340
Shakti Eye Care and Opticals,clinic,12.824989,79.703624,node/7820443342
Sivananda Siddha Hospital,hospital,12.8354377,79.7075758,node/7820443343
Adara Kerala Ayurveda,hospital,12.8239875,79.7066801,node/7820443344
M.S.D Hospital,hospital,12.837496,79.7069417,node/7820443345
Anandhi Skin Specialist,clinic,12.8224904,79.7040705,node/7820443346
Melitha Clinic,clinic,12.8390074,79.708181,node/7820443347
JK Clinic,clinic,12.9391106,79.3353046,node/7820443350
"Herbocare Hospital, Kanchipuram",hospital,12.8345759,79.7130055,node/7820443351
Dr. Natarajan Speciality Hospital and Kidney Care Centre,hospital,12.8375268,79.7077525,node/7820443352
Sri Sankara Hospital,hospital,12.8396788,79.7034733,node/7820443353
S.M. Physiocare,clinic,12.8238624,79.7063042,node/7820443354
VKJ Hospital,hospital,12.8365745,79.7052662,node/7820443355
AKG Fertility Centre,hospital,12.8251564,79.7073067,node/7820443356
Siddha Clinic,clinic,12.819045,79.7044385,node/7820443357
Devi Perumal Clinic,clinic,12.8240171,79.7044797,node/7820443358
Apple Physiotherapy Clinic,clinic,12.8418522,79.704126,node/7820443361
Dr. Kamakshi Memorial Hospital,hospital,12.8358681,79.7077257,node/7820443363
Get Well Clinic,clinic,12.9314954,79.8743875,node/7820652127
Dr. Paramashivam Clinic,clinic,12.6171499,79.7617068,node/7820652128
Rakshith Hospital,hospital,12.7197418,80.1874624,node/7820652130
Shankar Clinic,clinic,12.6067791,80.05482,node/7820652131
Raja Hospital,hospital,12.7304572,80.187812,node/7820652132
Rukshandra Multi Speciality Clinic,clinic,12.9671208,79.9453721,node/7820652133
Pandiyan Hospital,hospital,12.9256426,79.8814855,node/7820652136
Avizhtham Siddha Clinic,clinic,12.6158036,79.7600295,node/7820652137
MPS Paediatric Health Care Centre,hospital,12.9691309,79.9452782,node/7820652138
Asha Hospital,hospital,12.4479169,80.0024712,node/7820652139
Shri Maruthi Multi Speciality Hospital,hospital,12.5104015,79.8853438,node/7820652140
G.K Child Care Centre,clinic,12.445695,80.0075972,node/7820652141
Dr. Kumar's Ortho Clinic Trauma Centre,clinic,12.5014958,79.8760662,node/7820652142
Sagundaladevi Hospital,hospital,12.9252156,79.8769385,node/7820652144
National Siddha Clinic,clinic,12.6110177,80.0708169,node/7820652145
Senthil Clinic,clinic,12.614276,79.757042,node/7820652146
ESI Hospital,hospital,12.8875617,80.0237609,node/7820652147
Anthonyammal Hospital,hospital,12.615871,79.758965,node/7820652148
Shanmuga Hospital,hospital,12.9257633,79.8797713,node/7820652149
Rotary Hospital,hospital,12.6239611,80.0555686,node/7820652150
R.K. Hospital,hospital,12.982638,80.015081,node/7820652152
Sai Physio Clinic,clinic,12.5094909,79.886467,node/7820652153
Esha Multi Speciality Clinic,clinic,12.437249,79.8295117,node/7820652154
Venkatanarayana Clinic,clinic,12.5078223,79.8888818,node/7820652155
Shifa Hospital,hospital,12.929514,79.875752,node/7820652156
Private Hospital,hospital,12.5103701,79.8832905,node/7820652157
Varam Health Care,hospital,12.6332544,80.1961711,node/7820652158
Apollo Hospital,hospital,12.437003,79.83058,node/7820652159
Sri Venkateshwara Hospital,hospital,12.5643829,80.1191531,node/7820652160
Sri Devi Hospital,hospital,12.9279755,79.877669,node/7820652163
Robust Health Care Centre,hospital,12.8870998,80.0250194,node/7820652164
Bon Secours Hospital,hospital,12.9322908,79.8742851,node/7820652165
Rehoboth Healthcare Centre,hospital,12.949675,80.036597,node/7820652166
Saravana Hospital,hospital,12.8870832,80.0243038,node/7820652169
Mudugurai Hospital,hospital,12.466272,79.8844669,node/7820652170
Muthaiah Clinic,clinic,12.8865923,80.0211679,node/7820652171
K.C.P Clinic,clinic,12.615147,79.759787,node/7820652173
Sri Sharada Hospital,hospital,12.9672732,79.9467967,node/7820652174
Virutcham Siddha Clinic,clinic,12.9671091,79.952084,node/7820652176
Moorthi Poly Clinic,clinic,12.7201525,80.1870187,node/7820652177
Vijay Hospital,hospital,12.6082821,80.0577702,node/7820652178
Baba Physiotherapy Clinic,clinic,12.8854535,80.0222819,node/7820652179
Ananthi Clinic,clinic,12.620367,80.193008,node/7820652180
Sri Sakthi Clinic,clinic,12.719262,80.187605,node/7820652181
Eshwari Clinic,clinic,12.613705,79.760226,node/7820652182
Raghav's Clinic,clinic,12.964631,79.944409,node/7820652183
Thejes Ayurvedic Clinic,clinic,12.9698307,79.9512569,node/7820652185
Dr. Diwakaran Clinic,clinic,12.613679,79.7599861,node/7820652186
Sri Ramakrishna Hospital,hospital,12.5096751,79.8895842,node/7820652187
Sri Sastha Clinic,clinic,12.887959,80.0198129,node/7820652188
Sugam Bone and Family Clinic,clinic,12.9303616,79.8745841,node/7820652189
Agaram Hospital,hospital,12.472333,79.874925,node/7820652191
Saradha Hospital,hospital,12.8875885,80.0243868,node/7820652193
Anandajyoti Hospitals,hospital,12.6180278,79.7594709,node/7820652195
Hitech Hospital,hospital,12.9697594,79.9424188,node/7820652196
Agaram Parambariya Siddha Clinic,clinic,12.5103636,79.8858115,node/7820652197
Sri Vasavi Clinic and Pharmacy,clinic,12.965585,79.9450698,node/7820652198
Mother Care Hospital,hospital,12.605737,79.921047,node/7820652201
Dr. Chitra Hospital,hospital,12.5096532,79.8875315,node/7820652202
A.J. Poly Clinic,clinic,12.5100298,79.8869177,node/7820652203
Vedesh Physiotherapy Clinic,clinic,12.6055916,80.0559726,node/7820652204
Moorthy Hospital,hospital,12.6207093,80.1920299,node/7820652205
National Clinic,clinic,12.5103745,79.8865244,node/7820652206
Arokia Annai Hospital,hospital,12.7560995,80.0091891,node/7820802350
JSP Hospital,hospital,12.6974472,79.9724747,node/7820802351
Dr. C.N.C. Clinic,clinic,12.7605075,80.0061896,node/7820802352
Prasad Clinic,clinic,12.737936,80.000835,node/7820802354
Cibi Nursing Home,clinic,12.6693425,79.9835308,node/7820802355
Vijay Ortho Clinic,clinic,12.7872962,80.0367537,node/7820802357
Shriya Health Care,clinic,12.6868689,79.982378,node/7820802358
Raman Hospital,hospital,12.6823207,79.9820549,node/7820802359
Ganapati Nursing Home,clinic,12.687973,79.97844,node/7820802360
Anandha Clinic,clinic,12.7626492,80.0035704,node/7820802363
Sulaiman Memorial Dental and Child Care,hospital,12.7638952,80.0039609,node/7820802367
Acu Touch and Varma Clinic,clinic,12.7993493,80.0235318,node/7820802368
Satyam Poly Clinic,clinic,12.6925095,79.9775804,node/7820802370
Filariasis Hospital,hospital,12.6954884,79.9782314,node/7820802373
Sri Venkateshwara Hospital,hospital,12.7618855,80.002589,node/7820802374
"Dr. Skin, Cosmetology and Hair Clinic",clinic,12.7576358,80.0028549,node/7820802375
Sri Balaji Hospital,hospital,12.7607913,80.0037308,node/7820802376
Sri Child Care Clinic and Vaccination Centre,clinic,12.7939241,80.02557,node/7820802380
"Vaidhya Neuro, Skin & Cosmetology Clinic",clinic,12.688653,79.979625,node/7820802382
Samyuktha Poly Clinic,clinic,12.6878272,79.9789329,node/7820802384
Government Hospital,hospital,12.675575,79.978293,node/7820802388
Sri Siddhalaym Hospital,hospital,12.6701352,79.9848253,node/7820802389
Sugam Poly Clinic,clinic,12.6847311,79.98358,node/7820802390
Gowri Shankar Health Care,clinic,12.696153,79.9725455,node/7820802391
Mrk Hospital,hospital,12.688846,79.98029,node/7820802392
S S Clinic,clinic,12.7970996,80.0292055,node/7820802393
Nirahhs Health Centre,hospital,12.7990975,80.0241996,node/7820802394
Karunya Polyclinic,clinic,12.6790851,79.9944201,node/7820802396
Naveen Hospital,hospital,12.7935765,80.0270741,node/7820802398
Siddha Clinic,clinic,12.689896,79.97797,node/7820802399
Jharna Clinic,clinic,12.6901196,79.9765714,node/7820802400
Dr. Abhirami Eye Clinic,clinic,12.6867897,79.9828616,node/7820802401
Bel Clinic,clinic,12.6902809,79.9766078,node/7820802402
Sai Fertility Centre and Hospital,hospital,12.690083,79.980058,node/7820802404
Devaki Memorial Eye Clinic,clinic,12.796262,80.026283,node/7820802405
Sindhuja Skin and Hair Clinic,clinic,12.6881192,79.9794781,node/7820802407
Akshaya Sida Hospital,hospital,12.7962013,80.022447,node/7820802408
Bagavathy Hospital,hospital,12.6915156,79.9808587,node/7820802410
Care Clinic,clinic,12.6938972,79.9758182,node/7820802413
Herbo Care Herbal Hospital,hospital,12.6818078,79.9810921,node/7820802414
Balaji Heart Care Centre,clinic,12.688823,79.9802007,node/7820802415
Nanmayam Multi Speciality Clinic,clinic,12.6879046,79.9783974,node/7820802416
V.K.R Piles Hospital,hospital,12.691572,79.980346,node/7820802419
Thaniya Health Care,clinic,12.676243,79.984905,node/7820802422
Ezhil Siddha Hospital,hospital,12.6874169,79.9804067,node/7820802423
Sanjeevi Health Care,hospital,12.786869,80.014689,node/7820802425
Sundaram Hospital,hospital,12.6880247,79.9789026,node/7820802426
SRM Urban Health Centre,hospital,12.7998826,80.0241862,node/7820802427
Naturo Shifa Homeopathic Clinic,clinic,12.7938408,80.0274957,node/7820802428
S.K.S. Clinic,clinic,12.84604,80.061486,node/7820874202
Arokya Annai Hospital,hospital,12.8467495,80.0869154,node/7820874203
Mohan's Ent Clinic,clinic,12.8409901,80.0561022,node/7820874204
Chitalekha Nursing Home,clinic,12.9057364,80.0935673,node/7820874207
Esskay Speciality Clinic,clinic,12.8498789,80.0538937,node/7820874208
Homeopathic Clinic,clinic,12.8435375,80.0584534,node/7820874209
Kasturi Clinic,clinic,12.8440063,80.0587969,node/7820874210
Healing Hands Speciality Clinic,clinic,12.9089473,80.0946476,node/7820874211
Dr. V. Arunagiri Nathan Clinic,clinic,12.8507219,80.0656915,node/7820874212
Devi Medical Clinic,clinic,12.8934911,80.0811754,node/7820874213
Dr. Kumaran's Clinic,clinic,12.8433152,80.0609119,node/7820874214
Vinayaga Homeo Clinic,clinic,12.8484563,80.1428788,node/7820874215
Nirmal's Eye Clinic,clinic,12.8426583,80.0579775,node/7820874216
Sri Meenachi Hospital,hospital,12.850128,80.140347,node/7820874217
Sabari Physiotherapy Clinic,clinic,12.8673887,80.0710231,node/7820874218
Nithya Gurru Hospital,hospital,12.867641,80.0760446,node/7820874220
Ayur Med Life Hospital,clinic,12.9059312,80.0929551,node/7820874222
Thangam Hospital,hospital,12.8400457,80.0560074,node/7820874223
AS Poly Clinic,clinic,12.851445,80.139755,node/7820874225
G.V. Hospital,hospital,12.8143321,80.0770019,node/7820874226
Suriya Ayurveda Hospital,hospital,12.8588635,80.0560942,node/7820874227
Sai Multi Speciality Clinic,clinic,12.8429838,80.0582683,node/7820874228
Senthil Clinic,clinic,12.8432697,80.0604225,node/7820874230
"Rishika Ortho, Spine and Joint Speciality Centre",hospital,12.8441025,80.0587314,node/7820874232
SK Clinic,clinic,12.9126291,80.0925319,node/7820874233
Sugam Hospital,hospital,12.82684,80.166309,node/7820874234
Sri Satya Sai Homeo Clinic,clinic,12.8441953,80.0588213,node/7820874235
Sri Kamatchi Hospital,hospital,12.9050035,80.0929742,node/7820874240
Siddha Ayurveda Clinic,clinic,12.8473288,80.0597822,node/7820874242
Jeeva Clinic,clinic,12.8593698,80.0737808,node/7820874243
Dhanwanthri Physiotherapy Centre,clinic,12.838733,80.0576307,node/7820874245
Dakshan Skin Clinic,clinic,12.8499003,80.0651148,node/7820874246
Agaram Siddha Clinic,clinic,12.8483415,80.0631272,node/7820874247
Magna Open Health Service,hospital,12.8576412,80.0694728,node/7820874248
Mahesh Hospital,hospital,12.9178607,80.0590957,node/7820874249
Arokia Annaii Clinic,clinic,12.8846426,80.0741846,node/7820874250
Sri Vinayaga Clinic,clinic,12.8429954,80.0606316,node/7820874251
Child Care Clinic,clinic,12.8432217,80.0582429,node/7820874252
Vasantham Clinic,clinic,12.8599548,80.0623129,node/7820874253
M.M Clinic,clinic,12.8421733,80.0612804,node/7820874254
Arokya Hospital,hospital,12.8319745,80.0708395,node/7820874255
Lakshmi Clinic and Diagnostics,clinic,12.8226797,80.0777538,node/7820874256
Sabari Clinic,clinic,12.8467277,80.0613827,node/7820874257
Optique Netralaya,clinic,12.8417166,80.0578041,node/7820874258
Shree Chelly's Clinic,clinic,12.8515801,80.082912,node/7820874259
Saradha Hospital,hospital,12.9080949,80.0926779,node/7820874260
Aram Poly Clinic,clinic,12.8470635,80.0609595,node/7820874262
Arokia Annai Hospital,hospital,12.8678478,80.0648625,node/7820874263
BM Physiotherapy and Stroke Rehab Clinic,clinic,12.908723,80.094653,node/7820874264
Dr. Rajesh Kumar Clinic,clinic,12.8431543,80.0605129,node/7820874267
Deepam Hospital,hospital,12.8471514,80.0632047,node/7820874268
Wellness Clinic and Diabetes Centre,clinic,12.9053184,80.0963507,node/7820874269
Assana Speciality Clinic,clinic,12.833454,80.069363,node/7820874270
Narbhavi Clinic,clinic,12.907759,80.09293,node/7820874271
Kathir Memorial Hospital,hospital,12.84935,80.141738,node/7820874273
Prithvi Clinic,clinic,12.908513,80.094856,node/7820874274
Biswas Clinic,clinic,12.8487115,80.0634034,node/7820874275
Punarjeevan Hospital,hospital,12.817871,80.2221711,node/7820874276
Accupuncture Clinic,clinic,12.8934752,80.0834234,node/7820874277
Sri Sai Clinic,clinic,12.827101,80.166036,node/7820874279
K.S. Child Care Hospital,hospital,12.8427807,80.0574582,node/7820874280
Jaya Clinic,clinic,12.8389063,80.0636321,node/7820874281
Thulasi Clinic Centre,clinic,12.8054378,80.224703,node/7820874282
Padur Clinic,clinic,12.8054706,80.2247264,node/7820874283
Supreme Speciality Hospitals,hospital,12.8063158,80.2244216,node/7820874284
Sri Multi Speciality Homeopathy Clinic,hospital,12.8820866,80.0765632,node/7820874285
Sri Raghav Child Care Centre,hospital,12.911081,80.0964005,node/7820874287
Thalir Hospital,hospital,12.8662405,80.0780594,node/7820874288
Hosanna Hospital,hospital,12.8694008,80.0829085,node/7820874289
Vikvin Physiotherapy,clinic,12.8276172,80.0738506,node/7820874291
Kaveri Clinic,clinic,12.8671807,80.0688182,node/7820874292
AKM ENT Clinic,clinic,12.8065833,80.2244334,node/7820874293
Ortho and Neuro Physiotherapy Clinic,clinic,12.8469882,80.0629364,node/7820874295
Sanjeevi's Ayush Hospital,hospital,12.9285127,80.1139064,node/7821906812
AG Multi Speciality Hospital,hospital,12.9252184,80.1125391,node/7821906814
Sri Brinda Clinic,clinic,12.937008,80.139316,node/7821906816
N S Hospital,hospital,12.9274606,80.1143405,node/7821906817
Shaz Clinic,clinic,12.93059,80.13524,node/7821906819
Dr. Sathish Kumar Institute Of Child Health and Hospital for Children,hospital,12.937277,80.1390208,node/7821906820
Skin Clinic,clinic,12.928811,80.1305993,node/7821906823
Mano ENT and Skull Base Surgery Clinic,clinic,12.9238952,80.1290919,node/7821906824
Peeram Hospital Private Limited,hospital,12.9349952,80.1257351,node/7821906825
Dr. Rangarajan Clinic,clinic,12.9334577,80.1324104,node/7821906827
Prabhu Clinic,clinic,12.935986,80.1247473,node/7821906828
Nalam Clinic,clinic,12.9258811,80.1065962,node/7821906829
Sri Satya Sai Homeo Clinic,clinic,12.932112,80.1300926,node/7821906831
Saaol Heart Centre,hospital,12.9361226,80.1238348,node/7821906832
Dr. Seshagiri Clinic,clinic,12.9268544,80.1128394,node/7821906833
PK Multi Speciality Hospital,hospital,12.929311,80.118892,node/7821906834
Deepak Multi Speciality Clinic,clinic,12.934103,80.1323567,node/7821906835
Jyothi Siddha Ayurveda Hospital,hospital,12.9305296,80.1185855,node/7821906836
LPR Hospital,hospital,12.923229,80.097237,node/7821906837
Shri Adithya Ayurveda Clinic,clinic,12.923808,80.128158,node/7821906838
Usha Women and Child Clinic,clinic,12.92446,80.099718,node/7821906839
Priyam Clinic,clinic,12.9291489,80.1289842,node/7821906840
Amrita Homeopathy Speciality Clinic,clinic,12.9257612,80.1271659,node/7821906841
Sarjana Hospital,hospital,12.9264853,80.1026633,node/7821906842
Anbu Clinic,clinic,12.9317802,80.1171508,node/7821906844
Dr. Ashok Tyagarajan Clinic,clinic,12.9226874,80.1281744,node/7821906845
ARZT Health Care,clinic,12.9278018,80.1037467,node/7821906847
Rajan Physiotherapy Clinic,clinic,12.9267062,80.1043215,node/7821906851
Sai Clinic,clinic,12.9283314,80.1291024,node/7821906852
Sree Devi Hospital,hospital,12.9293353,80.1131889,node/7821906853
Nalayani Endoscopic ENT Clinic,clinic,12.9260089,80.111206,node/7821906854
Jawahar Hospital,hospital,12.9227892,80.1281937,node/7821906855
Amudha Physiotherapy and Sports Injury Clinic,clinic,12.9313644,80.118011,node/7821906856
Ramana Child Hospital,hospital,12.9340178,80.1236737,node/7821906857
Arya Vaidya Shala,hospital,12.9239283,80.1280388,node/7821906858
Dr. Mehta Hospital,hospital,12.9323992,80.1195168,node/7821906859
Seshagiri Hospital,hospital,12.9301271,80.1195747,node/7821906860
Udhayam Maternity and General Hospital,hospital,12.9292541,80.117767,node/7821906861
Children Care Centre,hospital,12.9261301,80.1059731,node/7821906862
Madhu Hospital,hospital,12.9253206,80.1270372,node/7821906863
Vithagan Health Care Hospital,hospital,12.9234022,80.1292693,node/7821906864
"Kathir Ortho, Neuro, Spine and Physiotherapy Clinic",clinic,12.929717,80.1178291,node/7821906865
Arul Hospital,hospital,12.925426,80.10622,node/7821906866
Dr. Kayal Subburam Health Clinic,clinic,12.9315748,80.14016,node/7821906867
A.G Hospital,hospital,12.9264826,80.1117834,node/7821906868
Apollo Hospital,hospital,12.9243823,80.1061223,node/7821906869
Parvathy Ortho Hospital,hospital,12.9264209,80.1078215,node/7821906871
Dharani Clinic,clinic,12.9299029,80.117029,node/7821906872
N.L Poly Clinic,clinic,12.9269893,80.1137446,node/7821906873
Herbal Clinic,clinic,12.9297534,80.1390785,node/7821906875
Rainbow Women and Children's Hospital,hospital,12.9255619,80.1141393,node/7821906876
A K Clinic,clinic,12.9347115,80.1400661,node/7821906877
Daya Speciality Clinic,clinic,12.915544,80.127151,node/7821906878
Elmer Kidney Care,hospital,12.927288,80.112985,node/7821906879
Dr. Pradeep Ortho Clinic,clinic,12.936992,80.142459,node/7821906880
Clinic Get Well,clinic,12.9296894,80.1297593,node/7821906881
Shivam Clinic,clinic,12.9302553,80.1393013,node/7821906882
Dr. K. Srinivasan Clinic,clinic,12.9254621,80.1047036,node/7821906885
Sri Jayam Hospital,hospital,12.9279511,80.1152234,node/7821906887
Raindew Hospital,hospital,12.9249694,80.1121876,node/7821906889
Lakshmi Nursing Home,clinic,12.9356447,80.142515,node/7821906890
Dr. R. Thiruthali Nathan Clinic,clinic,12.9238573,80.128523,node/7821906891
M.J. Hospital,hospital,12.9225987,80.1280627,node/7821906892
Eye Clinic,clinic,12.9270162,80.1136956,node/7821906893
Sudar Hospital,hospital,12.9302816,80.1175824,node/7821906894
Sai Vijay Ayurvedic Herbal Health Care,hospital,12.9233238,80.1270401,node/7821906895
Jordan Ayur Care Clinic,clinic,12.9286483,80.1316029,node/7821906896
Usha Clinic,clinic,12.9230894,80.130314,node/7821906898
Hema Child Clinic,clinic,12.9274021,80.1122022,node/7821906899
Jains Clinic,clinic,12.9336075,80.1323938,node/7821906900
Venkateshwara Siddhartha Clinic,clinic,12.9226905,80.1299031,node/7821906902
Manimegalai Hospital,hospital,12.9370716,80.1394473,node/7821906903
K.K. Eye Health Care and Research Centre,clinic,12.9305925,80.118488,node/7821906905
Rajarajan Venkateshan Hospital,hospital,12.9261078,80.1060872,node/7821906906
Dhanwanthralaya Ayurveda Speciality Hospital,hospital,12.9309721,80.1071121,node/7821906907
Dhanwantralaya,hospital,12.926297,80.11211,node/7821906908
Radha Nantha Homeo Clinic,clinic,12.9146216,80.1945162,node/7822259982
Orange Physiotherapy and Pain Relief Clinic,clinic,12.9151632,80.1790739,node/7822259983
Deepam Rehabilitation Centre,hospital,12.9163865,80.1789307,node/7822259984
Sri Kumaran Clinic,clinic,12.9428602,80.2370143,node/7822259985
HCL Health Care,hospital,12.9044723,80.216804,node/7822259986
Ganesh Hospital,hospital,12.9082585,80.1570082,node/7822259987
Subasree Hospital,hospital,12.916822,80.1940932,node/7822259988
Jayadeva Fertility Centre and Women's Hospital,clinic,12.9347551,80.2327258,node/7822259989
GV's Good Health Centre,clinic,12.9458692,80.2361968,node/7822259990
Kanmani Children Clinic,clinic,12.9178805,80.1874461,node/7822259991
Centre For Vision and Eye Surgery,hospital,12.8948311,80.2233057,node/7822259992
Jaya ENT Clinic,clinic,12.9110988,80.1564526,node/7822259994
Shri Sai Children's Hospital and Dental Clinic,hospital,12.912214,80.229384,node/7822259995
Sara Skin Clinic,clinic,12.933657,80.233537,node/7822259996
Anto Speciality Clinic,clinic,12.9163132,80.1902143,node/7822259997
Eashwar Multispeciality Clinic,clinic,12.9338927,80.2355344,node/7822259998
Homeopathic Clinic,clinic,12.9142526,80.1823512,node/7822259999
Rithika Netralaya Eye Clinic,clinic,12.9131433,80.1918203,node/7822260000
Sri Balaji Hospital,hospital,12.9178242,80.190331,node/7822260001
Santhosh Family Clinic,clinic,12.9145269,80.1538261,node/7822260002
Lakshminarayan Clinic,clinic,12.9153721,80.1530485,node/7822260003
S.V. Hospital,hospital,12.9069075,80.2026845,node/7822260004
Bethel Hospital,hospital,12.9114303,80.1563114,node/7822260005
Tharamai Child Care Clinic,clinic,12.9020392,80.2326608,node/7822260006
Sai Babaji's Accupuncture Centre,hospital,12.9186472,80.1712083,node/7822260007
SV Hospital,hospital,12.9319677,80.2326252,node/7822260009
Apollo Clinic,clinic,12.9337566,80.2331464,node/7822260010
Shanthi General Hospital,hospital,12.9233066,80.153003,node/7822260011
Dr. Nithiya Clinic,clinic,12.8994432,80.228171,node/7822260012
Vishwapraja Clinic,clinic,12.9255834,80.1495551,node/7822260013
Lakshana Ortho Centre,clinic,12.924333,80.151639,node/7822260015
Karthick Children's Hospital,hospital,12.9123221,80.192466,node/7822260016
Arun Hospital,hospital,12.9149784,80.1948032,node/7822260017
Radial Ortho Speciality Hospital,hospital,12.9131978,80.1915965,node/7822260018
Rayar Clinic,clinic,12.9424446,80.2397616,node/7822260020
Jayam Hospital,hospital,12.9498749,80.2381651,node/7822260021
Dr. Hema's Skin and Hair Clinic,clinic,12.9164281,80.1939427,node/7822260022
U.P. Clinic,clinic,12.9144308,80.194535,node/7822260024
Maternity and Child Care Hospital,hospital,12.9164866,80.1896622,node/7822260025
Green Land Heart Care Clinic,clinic,12.9162677,80.1921012,node/7822260026
Sanjeevi's Ayurveda Therapy Centre,hospital,12.9087161,80.1571623,node/7822260027
H.K. Clinic,clinic,12.9334179,80.2344666,node/7822260028
Jeevan Clinic,clinic,12.9095,80.156688,node/7822260030
Shri Balaji Diabetes Hospital,hospital,12.9150069,80.1929516,node/7822260032
Dhanvantri Multi Speciality,hospital,12.9402236,80.2412342,node/7822260033
Ramana Siddha Clinic,clinic,12.912552,80.161282,node/7822260034
Annai Teresa Hospital,hospital,12.9184999,80.1892056,node/7822260038
Dr. Kamakshi Multi Speciality Clinic,clinic,12.9188404,80.1874984,node/7822260039
Government Hospital,hospital,12.9073656,80.1571273,node/7822260040
Prayoga Hospital,hospital,12.918236,80.1525123,node/7822260043
Swaram Hospital and Speciality Clinic,hospital,12.9011793,80.2286,node/7822260044
Angel Child Clinic,clinic,12.9330206,80.2345155,node/7822260046
"Neurologist, Praveen Chander Clinic",clinic,12.9161405,80.1903834,node/7822260047
Cure and Care Family Clinic,clinic,12.9136451,80.2321791,node/7822260048
C-Dot Hospital,hospital,12.9072738,80.2027359,node/7822260051
Mugavari Eye Hospital and Research Institute,hospital,12.9167105,80.1921463,node/7822260055
Global Hospital,hospital,12.9060064,80.2072713,node/7822260056
Jeeva Clinic,clinic,12.9176778,80.170739,node/7822260057
Anbu Multi Speciality Clinic,clinic,12.9561969,80.1338146,node/7822543394
Avinash Ortho Hospital,hospital,12.9383762,80.1725401,node/7822543395
Swathi Clinic,clinic,12.9497553,80.1426332,node/7822543396
Dr. Kengadevi Nambiraj Clinic,clinic,12.9473369,80.1467822,node/7822543397
Om Sakti Clinic,clinic,12.9388007,80.1792831,node/7822543398
Kavitha Ortho and Multi Speciality Hospital,hospital,12.9502691,80.1513316,node/7822543399
Dr. Gomathi Hospital,hospital,12.955108,80.131944,node/7822543402
Sri Vinayaga Clinic,clinic,12.9208368,80.2015489,node/7822543403
Dr. Tamilarasan Clinic,clinic,12.9575583,80.1394665,node/7822543404
"Ray's Head, Neck Care Centre-ENT and Dental Clinic",hospital,12.9549234,80.1340441,node/7822543406
The Perima Clinic,clinic,12.9586767,80.1439954,node/7822543408
Meena Clinic,clinic,12.9370245,80.1820574,node/7822543409
S.M Clinic,clinic,12.9308777,80.2078664,node/7822543411
Dr. Sujatha Accupuncture Clinic,clinic,12.951173,80.146919,node/7822543412
Cuticle Skin Care Clinic,clinic,12.928255,80.202681,node/7822543413
Radial Ortho Clinic,clinic,12.934049,80.203583,node/7822543415
Sri Santhanakrishna Padmavati Health Care and Research Centre,hospital,12.9462077,80.1399766,node/7822543416
Triveni Nursing Home,clinic,12.957374,80.1453708,node/7822543417
Bethany Physiotherapy Centre,clinic,12.928455,80.2026963,node/7822543420
Dr. Shakuntala Venkatesh Nursing Home,clinic,12.935226,80.183132,node/7822543421
Janya Child Clinic,clinic,12.9287243,80.2008099,node/7822543422
Sri Venkateshwara Hospital,hospital,12.9540623,80.1339845,node/7822543423
Dr. Velmurugan Hospital,hospital,12.9296419,80.2029589,node/7822543424
Shree's Women Speciality Clinic,clinic,12.926507,80.2017237,node/7822543425
Sri Ram Hospital,hospital,12.9499064,80.1349811,node/7822543426
Premalatha Clinic,clinic,12.9583302,80.1360407,node/7822543427
Kidney Hospital and Diagnostic Centre,hospital,12.952496,80.137893,node/7822543429
AM Hospital,hospital,12.9344546,80.1819961,node/7822543430
Al-Aafiyah Clinic,clinic,12.9280018,80.2051951,node/7822543431
TB Hospital,hospital,12.9448167,80.1303935,node/7822543432
HCG Cancer Centre,hospital,12.9575434,80.143138,node/7822543433
Sayee Hospitals,hospital,12.9521949,80.1432074,node/7822543434
Ganga Devi Clinic,clinic,12.9485087,80.1469443,node/7822543436
Inbam Hospital,hospital,12.9339688,80.2041509,node/7822543438
Thanushika Hospital,hospital,12.9503116,80.1513212,node/7822543439
Kiruba Clinic,clinic,12.928347,80.202855,node/7822543440
Hindusthan Hospital,hospital,12.9393514,80.1806898,node/7822543444
Sneham Clinic,clinic,12.935996,80.204033,node/7822543445
Mother's Clinic,clinic,12.9349376,80.1825784,node/7822543446
Hima Bindhu Maternity Clinic,clinic,12.9505932,80.1446637,node/7822543447
Puthur Kattu,hospital,12.9478556,80.1370503,node/7822543448
Minks Homeo Clinic,clinic,12.9547249,80.1447551,node/7822543450
RKP Hospital,hospital,12.9379829,80.1799993,node/7822543452
KP Clinic,clinic,12.9438692,80.1550612,node/7822543454
Muthu Multi Speciality Hospital and Pharmacy,hospital,12.928263,80.200805,node/7822543455
Dr. Bharati Eye Clinic,clinic,12.9347158,80.1825728,node/7822543458
Kokila Siddha Hospital,hospital,12.960669,80.139703,node/7822543459
Shyam Child Care Clinic,clinic,12.9521469,80.1443271,node/7822543460
Dr. S.K Naturals,clinic,12.9522733,80.1432799,node/7822543461
Ambe Clinic,clinic,12.9519542,80.1450975,node/7822543463
Suji Siddha Clinic,clinic,12.947995,80.136977,node/7822543464
Smriti's Clinic,clinic,12.951829,80.1380888,node/7822543466
Chrompet Clinic,clinic,12.9503116,80.1382643,node/7822543467
Thomas Health Care Centre,hospital,12.9544931,80.1439701,node/7822543469
Raj Joty Eye Hospital,hospital,12.935221,80.181802,node/7822543471
Jeyasri Physio Clinic,clinic,12.9357745,80.1444777,node/7822543473
Dr. Vasunsara Devi Clinic,clinic,12.9456384,80.1474374,node/7822543474
Care and Cure Physiotherapy Clinic,clinic,12.9504412,80.1458087,node/7822543476
Sun Hospital,hospital,12.9537198,80.143246,node/7822543477
Hariharan Clinic,clinic,12.9384139,80.1753876,node/7822543478
KGS Clinic,clinic,12.95183,80.1454692,node/7822543481
Apollo Hospitals,hospital,12.9520555,80.1372784,node/7822543484
C.N. Clinic,clinic,12.947177,80.1467621,node/7822543486
Shailaja Hospital,hospital,12.9531004,80.1440661,node/7822543489
Dhanwantari Hospital,hospital,12.9452437,80.140022,node/7822543490
Dr. Ashok Kumar Children's Hospital,hospital,12.954659,80.134998,node/7822543491
Agasthiar Siddha Herbal Health Clinic,clinic,12.944771,80.148227,node/7822543492
Shri Heart and Diabetes Care Clinic,clinic,12.9520678,80.1447664,node/7822543493
Delicare Clinic,clinic,12.9384098,80.2053961,node/7822543494
Dr. R. Karu Shanmuga Karthik's Bone Joint and Spine Clinic,clinic,12.9393529,80.1831056,node/7822543496
Mahalakshmi Clinic,clinic,12.9513527,80.1381858,node/7822543497
Venus Accupoint,hospital,12.9422406,80.1381022,node/7822543498
Saraswathy Hospital,hospital,12.9425452,80.1405737,node/7822543500
V Cure Hospital,hospital,12.9280452,80.199546,node/7822543501
Al Elaj Accupressure and Health Centre,hospital,12.9569609,80.1424509,node/7822543502
Thyrocare,clinic,12.9453804,80.1360825,node/7822543504
V.S. Hospital,hospital,12.933726,80.1811973,node/7822543505
Child Care Clinic. Dr. Krithika,clinic,12.9358348,80.1636984,node/7822543508
Sathish Clinic,clinic,12.934834,80.213342,node/7822543509
Daisy Hospitals,hospital,12.9576893,80.1429026,node/7822543510
Shri Sarvesh Fertility and Childcare Clinic,clinic,12.9555946,80.133598,node/7822543511
Gayatri ENT Clinic,clinic,12.942584,80.140286,node/7822543512
Mother And Child Care Centre,clinic,12.9733615,80.1387424,node/7823212556
Al Shifa Cupping Clinic,clinic,12.9686121,80.1454769,node/7823212557
Shakthi Hospital,hospital,12.9753651,80.2543198,node/7823212559
Chennai Emergency Care Centre,hospital,12.9712805,80.132333,node/7823212561
JIP Hospital,hospital,12.9719872,80.1407516,node/7823212562
Dani Physio Clinic,clinic,12.9728845,80.2604704,node/7823212565
Dr. Habeb Child Care Hospital,hospital,12.9668133,80.144778,node/7823212567
Sri Jaya Hospital,hospital,12.9981038,80.0955575,node/7823212569
Hale and Healthy Hospitals,hospital,12.9757686,80.2590077,node/7823212570
Noble Super Speciality Clinic,clinic,12.9752589,80.2594925,node/7823212571
Turiya Care,clinic,12.9753853,80.2555078,node/7823212572
Rathna Hospital,hospital,13.0087475,80.1937172,node/7823212573
Dr. Ravi Kumar Ortho Clinic,clinic,12.9988186,80.0953268,node/7823212574
Deen Hospital,hospital,13.034339,80.1104925,node/7823212575
S.S. Hospital,hospital,13.0036449,80.2030844,node/7823212576
Sivanthi Heart Care,hospital,12.997158,80.0965483,node/7823212577
Gunam Hospital,hospital,12.9789547,80.0536595,node/7823212578
Dhanraj Hospital,hospital,13.0017797,80.2033269,node/7823212579
Nalam Hospital,hospital,13.0164671,80.1772853,node/7823212581
Women's Health Clinic,clinic,12.9699839,80.1464124,node/7823212583
Vijay Ortho and Eye Clinic,clinic,12.9970497,80.0965283,node/7823212585
Lakshmi Siddha Clinic,clinic,12.9731115,80.131336,node/7823212586
Chennai Hospital,hospital,12.973474,80.1307991,node/7823212587
Healthwise Clinic,clinic,13.0154658,80.1838246,node/7823212588
KS Women Wellness Centre and ENT Clinic,clinic,12.9717549,80.1420392,node/7823212589
Indhu Siddha Ayurveda Clinic,clinic,13.0358366,80.1346656,node/7823212591
Sri Nageshwara ENT Clinic,clinic,12.9989041,80.0949732,node/7823212592
Dr. Satya's Physiotherapy Clinic,clinic,12.9954309,80.0964106,node/7823212593
Lakshmi Homeo Care Clinic,clinic,12.9998914,80.0975431,node/7823212594
Nilaa Women's Care Clinic,clinic,12.9785202,80.1364766,node/7823212595
Illavenil Accupuncture Clinic,clinic,12.9976762,80.0950303,node/7823212596
Indra Clinic,clinic,13.0371387,80.1121067,node/7823212597
Dr. Aleem's Homoeo Clinic,clinic,12.9653707,80.2591196,node/7823212598
Ayyappa Clinic,clinic,12.9904869,80.0942602,node/7823212601
Sai Mind Care,clinic,13.0028361,80.1033642,node/7823212602
Deenan Health Care,hospital,12.9738819,80.1315486,node/7823212603
Sri Lakshmi Child Care,clinic,12.9926964,80.0954888,node/7823212604
Divine Clinic,clinic,12.9757761,80.1327778,node/7823212606
Promed Hospital,hospital,12.9751423,80.2582571,node/7823212607
Dr. JRK Hospital,hospital,12.9971757,80.0978782,node/7823212608
Seetha Lakshmi Clinic,clinic,12.9975885,80.0955218,node/7823212609
Happy Clinic Hospital,hospital,12.9693629,80.2566138,node/7823212610
Dharani Clinic,clinic,12.9730521,80.1373013,node/7823212611
Smiles Nature Cure,clinic,12.9726702,80.2595079,node/7823212613
Sashmi Care and Cure Homeopathic Clinic,clinic,12.992368,80.1024046,node/7823212615
Shadithya Hospital,hospital,12.9718921,80.1445381,node/7823212616
Yashwanth's Physiotherapy Clinic,clinic,12.9930997,80.0955322,node/7823212617
Sri Renga Clinic,clinic,13.036466,80.186442,node/7823212619
Bailey Opticals Eye Clinic,clinic,12.975069,80.133741,node/7823212621
Dr. Padam's Surgicare,clinic,12.9709386,80.1464761,node/7823212622
Jaya Sri Hospital,hospital,13.0027883,80.207025,node/7823212623
Kedar Hospital,hospital,13.0441663,80.1364773,node/7823212624
Sugam Clinic,clinic,12.999326,80.09726,node/7823212627
Sri Vigneshwara Poly Clinic,clinic,12.9788234,80.05346,node/7823212628
"Dermalaya, Skin & Hair Laser Clinic",clinic,12.9785736,80.1363228,node/7823212629
Sai Nursing Home and Maternity Hospital,hospital,13.0372175,80.1136836,node/7823212630
Kaanthi Makapperu Hospital,hospital,13.003406,80.2063632,node/7823212631
Re Active Physiotherapy Clinic,clinic,12.9718026,80.1388375,node/7823212632
Medforte Health Care,hospital,12.9700475,80.1499015,node/7823212633
KO's Skin and Hair Clinic,clinic,12.9731545,80.1386876,node/7823212634
Dr. Vanthana Suresh Clinic,clinic,12.9976488,80.0947282,node/7823212636
Sneha General Surgical Clinic,clinic,12.9710055,80.1338894,node/7823212637
Thanigai Medical & Clinic,clinic,12.9959933,80.0931972,node/7823212638
Contonment Board General Hospital,hospital,12.97059,80.148318,node/7823212640
Sri Sai Clinic,clinic,12.9829583,80.2539494,node/7823415015
Shri Gurukrupa Clinic,clinic,12.9962691,80.2638132,node/7823415016
Dr. Vasantha's Eye Clinic,clinic,13.0221852,80.259708,node/7823415017
Synapse Pain and Spine Clinic,clinic,12.9956385,80.2660055,node/7823415018
Corporation Hospital,hospital,12.9915347,80.2615046,node/7823415020
Relief Dental Hospitals,hospital,12.978253,80.258947,node/7823415021
RR Clinic,clinic,12.9960029,80.2630762,node/7823415022
Dr. Baranee's Sukra Diabetes Care,clinic,12.9954269,80.2682429,node/7823415023
Best Siddha Clinic,clinic,12.9866722,80.2622141,node/7823415025
Sri Sarada Ayurveda Clinic,clinic,13.0297211,80.2606156,node/7823415026
Dr. Vasantha Clinic,clinic,13.0292453,80.2602795,node/7823415029
Drabaranam Pulmonology Clinic,clinic,12.9863661,80.2601508,node/7823415030
Jeeva ENT Clinic,clinic,12.9796957,80.2595179,node/7823415031
Dr. Vasanthi Clinic,clinic,13.0544077,80.2779849,node/7823415032
Accu Hospital,hospital,13.041251,80.267354,node/7823415033
Leela Eye Clinic,clinic,12.985598,80.2585613,node/7823415035
The Homeo Clinic,clinic,12.9963121,80.2637162,node/7823415036
Kalyani Hospital,hospital,13.0512111,80.273209,node/7823415037
Dr. N. Sekar,clinic,13.0375294,80.2658475,node/7823415038
Ashwath Health Care,clinic,13.0397241,80.2685888,node/7823415039
Jeyam Gastro Clinc,clinic,12.9962821,80.2641614,node/7823415042
Rekha Multispeciality Clinic,clinic,12.9940564,80.2694554,node/7823415043
The Chennai Speciality Clinic,clinic,12.9949549,80.2629482,node/7823415044
The Madras Pain Clinic,clinic,12.9790513,80.2584981,node/7823415045
Sai Clinic,clinic,13.042349,80.2664963,node/7823415046
Akshaya Poly Clinic,clinic,12.9964001,80.2626006,node/7823415047
Triveni Hospital,hospital,13.0385371,80.2581929,node/7823415048
SMK Hospital,hospital,12.986383,80.260187,node/7823415049
Dr. Prema Womens Clinic,clinic,12.9969555,80.2582848,node/7823415050
K.S. Subramanian Child Specialist,clinic,12.9978588,80.2585578,node/7823415052
Dr. Kavitha Iyer's Orthodontics & Dental Centre,clinic,12.9832651,80.2559655,node/7823415053
B.K. Clinic,clinic,13.0532206,80.2726053,node/7823415055
Uma Sankaran Siddha Hospital,hospital,12.9916719,80.2624479,node/7823415056
Sai Neuro Clinic,clinic,13.0318707,80.2595716,node/7823415057
Vethathiri Maharishi Siddha Clinic,clinic,12.9815891,80.2643211,node/7823415058
Vasantha Hospital,hospital,13.0490602,80.2747953,node/7823415059
Elixir Multi Speciality Centre,clinic,13.034819,80.2580026,node/7823415060
Orthomed Hospital,hospital,13.0454703,80.2668731,node/7823415061
Akshi Vision Therapy,clinic,12.994316,80.2661832,node/7823415063
Remedy Clinic,clinic,12.9767853,80.2587762,node/7823415064
Mint Hospitals,hospital,13.0013494,80.258796,node/7823415065
Sri Sai Homoeo Clinic,clinic,12.982038,80.261741,node/7823415067
Sri Sai Speciality Clinic,clinic,13.0373228,80.2612955,node/7823415068
Nanthini Speciality Clinic,clinic,12.9964116,80.2642007,node/7823415071
Appasamy Pillai Bone Setting Clinic,clinic,12.9827116,80.2543207,node/7823415072
Tharu Clinic,clinic,12.9812766,80.2638733,node/7823415073
Sujetha Clinic,clinic,12.993602,80.2619646,node/7823415074
Dr. K.Chandra ENT Clinic,clinic,12.9802929,80.2594242,node/7823415076
Sri Saradha Eye Clinic,clinic,12.9854883,80.2590444,node/7823415079
Saanvi Fertility Centre Urology and Stone Centre,hospital,13.0436591,80.2639406,node/7823415083
The Crescent Hospital,hospital,13.0528771,80.2727865,node/7823415084
Chennai Urology Clinic,clinic,13.0428357,80.2620778,node/7823415085
Syma Hospital,hospital,13.0546321,80.2774772,node/7823415087
Sri Parthasarathy Hospital,hospital,13.0547617,80.2756509,node/7823415088
Children's Clinic,clinic,13.0374881,80.2678508,node/7823415089
Sreehareeyam Ayurveda,clinic,12.9787624,80.2580809,node/7823415090
Ashwini Hospital,hospital,12.9890173,80.2599586,node/7823415091
Vijayganga Speciality Care,clinic,13.042006,80.2665,node/7823415092
Homeopathy Clinic,clinic,13.0554568,80.2771022,node/7823415093
Jayam Polyclinic,clinic,12.9956803,80.2692643,node/7823415094
Revathi Child Care Clinic,clinic,13.056806,80.199977,node/7823776192
Aishwarya Clinic,clinic,13.0398827,80.1936068,node/7823776193
Spn Orthopaedic Clinic,clinic,13.052893,80.20767,node/7823776194
R.S. Hospital,hospital,13.0549375,80.2068588,node/7823776196
Arun Vijaya Hospitals,hospital,13.038873,80.192755,node/7823776197
Pranic Health,clinic,13.0624604,80.24239,node/7823776199
Lakshana Physiotherapy,clinic,13.051432,80.199068,node/7823776200
Prime Health Care Clinics,clinic,13.0522176,80.2056967,node/7823776203
Swathy Clinic,clinic,13.0488672,80.1938731,node/7823776205
Jayanthi Skin and Bone Care Clinic,clinic,13.0463215,80.1862225,node/7823776206
Anub Sivam Clinic,clinic,13.0385615,80.1959333,node/7823776207
Dr. J. Sarojini Homoeopathic Clinic,clinic,13.0509757,80.2034981,node/7823776208
C.M. Hospital,hospital,13.0553167,80.2012868,node/7823776209
Shri Sai Skin and Eye Clinic,clinic,13.0580674,80.1990412,node/7823776210
Pulmo Care,clinic,13.0489648,80.193165,node/7823776211
Sucha Eye Cure,clinic,13.0393234,80.1931668,node/7823776212
Shali Day & Night Hospital,hospital,13.051996,80.204702,node/7823776213
Ponni Nursing Home,clinic,13.0554821,80.1995444,node/7823776214
Koncept Hospitals,hospital,13.051051,80.243818,node/7823776215
Sri Venkateswara Clinic,clinic,13.0484913,80.1895556,node/7823776216
Diawin Multi Speciality Siddha Hospital,hospital,13.0520108,80.2076585,node/7823776217
JKR Clinic,clinic,13.0510747,80.2007559,node/7823776219
Skin Doctor,clinic,13.0567527,80.2462554,node/7823776220
G G Hospital,hospital,13.0554543,80.2477343,node/7823776221
Madhu Clinic,clinic,13.0524295,80.2073763,node/7823776222
K R S Hospitals,hospital,13.0616711,80.2434943,node/7823776223
Dr. Rajaram Clinic,clinic,13.0619929,80.2412336,node/7823776224
Sterling Hospitals,hospital,13.0616367,80.243704,node/7823776225
Lily Shantha Hospital,hospital,13.0516365,80.1939117,node/7823776227
Dr. A. Aravind Clinic,clinic,13.0381951,80.1924907,node/7823776228
Chitra Clinic,clinic,13.0542711,80.2078101,node/7823776229
Dr. Maibbar Hospital,hospital,13.0594426,80.2459459,node/7823776231
Ruban Moses Clinic,clinic,13.0486566,80.1920141,node/7823776232
Swastik Hospital,hospital,13.0539266,80.1991968,node/7823776233
Cura Health Plus,clinic,13.0518895,80.1919214,node/7823776234
Sri Varma and Spine Care Centre,clinic,13.0422476,80.1943253,node/7823776236
Sri Sai Swamy Clinic,clinic,13.0592237,80.243411,node/7823776237
American Eye Care Centre,clinic,13.0417465,80.1954994,node/7823776239
SV Vision & Dental Care,clinic,13.0535204,80.2036821,node/7823776240
Sakthi Natural Fertility Care,clinic,13.0529876,80.2038876,node/7823776242
Sakthi Nursing Home,clinic,13.0585803,80.2012135,node/7823776243
N.R.G. Multispeciality Clinic,clinic,13.0542347,80.1985381,node/7823776244
Standard Hospital,hospital,13.0526943,80.1899425,node/7823776246
Herba Clinic,clinic,13.0554179,80.1972002,node/7823776247
Vijay Anand Clinic,clinic,13.0496363,80.1895753,node/7823776248
MM Hospital,hospital,13.0527721,80.191781,node/7823776250
Lister Metropolis,clinic,13.0519687,80.2062705,node/7823776251
Dr. R. Muthukumar ENT Surgeon,clinic,13.0519538,80.1922401,node/7823776252
Arun Hospital,hospital,13.0514652,80.2031882,node/7823776253
Krishna Geetham Vaidyasala,hospital,13.0538214,80.1989274,node/7823776254
Ezhilarasi Clinic,clinic,13.053108,80.199343,node/7823776256
D` Mas Joint & Sports Injury Clinic,clinic,13.0579005,80.2455045,node/7823776257
Jayam Diabetes Speciality Clinic,clinic,13.0511518,80.1922599,node/7823776258
Malar Homeopath Clinic,clinic,13.046215,80.1868077,node/7823776260
Agm Hospital,hospital,13.0802093,80.2522439,node/7824965206
Orient Clinics,clinic,13.0860428,80.2656345,node/7824965208
Dr. Sambandam Eye Hospital,hospital,13.0886474,80.2416011,node/7824965209
Sugumar Hospital,hospital,13.0828855,80.2709938,node/7824965211
Dr. V.G.K Memorial Homeo Clinic,clinic,13.0881756,80.2418747,node/7824965212
Ranjith Hospital,hospital,13.0888843,80.2418555,node/7824965213
Akn Nursing Home,clinic,13.0885541,80.2421118,node/7824965214
Mythili Hospitals,hospital,13.0704319,80.2421491,node/7824965216
Metropolis Healthcare,clinic,13.07127,80.262082,node/7824965217
Navakar I Care,clinic,13.0864725,80.2656477,node/7824965218
Nandita's Clinic,clinic,13.0719723,80.2409391,node/7824965220
Santosham Chest Hospital,hospital,13.0746638,80.2537976,node/7824965221
Tune 32 Hospital,hospital,13.0715459,80.2622655,node/7824965222
Pandalai Hospital,hospital,13.0771575,80.2450769,node/7824965223
Premier Health Centre,clinic,13.079584,80.257578,node/7824965224
Centre For Gastro Esophageal Disorders,hospital,13.0786423,80.2540859,node/7824965225
Be Well Hospital,hospital,13.0807479,80.2340062,node/7824965227
Padma Clinic & Nursing Home,clinic,13.076912,80.233925,node/7824965228
Puttur Kattu Hospital,hospital,13.0812406,80.2506114,node/7824965229
Vinayagam Clinic,clinic,13.0752787,80.2705092,node/7824965230
Dr. Ilavarasan Ortho Clinic,clinic,13.074758,80.2555444,node/7824965231
An-Noor Eye Hospital,hospital,13.0849581,80.2669979,node/7824965232
Nalam Clinic,clinic,13.0747088,80.2688425,node/7824965233
Dr. Arjun Thomas Clinic,clinic,13.0755581,80.27068,node/7824965234
TMM Eye Centre,clinic,13.082126,80.263297,node/7824965235
Herbzalive Ayurveda Hospital,hospital,13.0793874,80.2473996,node/7824965237
Meta Hospital,hospital,13.0826737,80.2705905,node/7824965238
Vardhman Multispeciality,clinic,13.090224,80.267898,node/7824965239
Dr. H. Yogish Hospital,hospital,13.0737332,80.2268354,node/7824965240
Neuro Hospital,hospital,13.0713435,80.2625981,node/7824965241
Murugan Hospitals,hospital,13.0833684,80.234299,node/7824965243
Amrit Hospital,hospital,13.0811868,80.2520834,node/7824965244
Mercury Hospital,hospital,13.071832,80.260048,node/7824965245
Naz Unani Hospital,hospital,13.0850158,80.2699983,node/7824965246
Vembu Clinic,clinic,13.0750341,80.2684334,node/7824965247
S.K. Selvam Hospital,hospital,13.0761303,80.2694819,node/7824965249
Neuro Mind Care Clinic,clinic,13.079529,80.257646,node/7824965251
Apollo Hospital,hospital,13.0825738,80.2710331,node/7824965252
Dr. Sridharan Clinic,clinic,13.0763548,80.267103,node/7824965253
Kola Saraswathi Agarwal Samaj Health Centre,hospital,13.0813334,80.2553965,node/7824965254
"Psy Hub, Brain and Behaviour",clinic,13.0821498,80.2331613,node/7824965255
Dr. Sukumar's Skin Clinic,clinic,13.070275,80.2407506,node/7824965256
Dr. A Manivannan Clinic,clinic,13.0734625,80.2679228,node/7824965257
Demo Hospital,hospital,13.0844036,80.2454945,node/7824965258
Gremaltes Hospital,hospital,13.0793157,80.2290477,node/7824965259
Srl Hospital,hospital,13.0814203,80.2333756,node/7824965260
Dr. Sundar's Homoeopathic Clinic,clinic,13.0846937,80.2461467,node/7824965261
Periyar Maniammai Hospital,hospital,13.0811497,80.2620778,node/7824965262
Red Cross Hospital,hospital,13.074301,80.267569,node/7824965264
Kabeer Clinic,clinic,13.0756085,80.2693127,node/7824965265
Ponmalligai Hospitals,hospital,13.0768584,80.2339377,node/7824965266
V S Hospital,hospital,13.1216771,80.2236766,node/7825002779
Kottakkal Arya Vaidya Sala Clinic,clinic,13.1244332,80.2212904,node/7825002780
Iyyappa Multi Speciality Hospitals,hospital,13.1160443,80.2454243,node/7825002781
GK Hospital,hospital,13.113594,80.2394367,node/7825002782
Obg Health Point,clinic,13.1161848,80.2254809,node/7825002784
Spectrum Pediatric Therapy,clinic,13.1102844,80.230222,node/7825009785
Dr. Kleela Hospital,hospital,13.1155627,80.2457851,node/7825009786
Bluemed Healthcare,hospital,13.1297562,80.2172747,node/7825009787
Hiran Eye Retina Centre,clinic,13.1178155,80.2278922,node/7825009788
Annai Eye Clinic,clinic,13.1262133,80.2197712,node/7825009789
St. Joseph Cluny Hospital,hospital,13.1204837,80.2243993,node/7825009790
GM Nursing Home,clinic,13.116713,80.2239462,node/7825009791
Dr. A C Aruldas Hospital,hospital,13.1102652,80.2418486,node/7825009792
Dr. Rao's Clinic,clinic,13.1293965,80.2161334,node/7825009793
Child Care Clinic,clinic,13.1224029,80.2123936,node/7825009794
G.R Clinic,clinic,13.1207062,80.2251062,node/7825009795
Maayi Nursing Home,clinic,13.1175414,80.2286067,node/7825009796
Bharathiraja Hospitals,hospital,13.1300779,80.216941,node/7825009797
Kolathur Multi Speciality and Research Centre,hospital,13.1222839,80.2160951,node/7825009798
Arul Childs Hospital,hospital,13.1185,80.2258076,node/7825009799
American Dental Care,clinic,13.1272226,80.2174972,node/7825009800
Jaya Eye Clinic,clinic,13.116675,80.224138,node/7825009801
KCK Hospital,hospital,13.129071,80.2159086,node/7825009803
Sugar Hospital,hospital,13.121994,80.2236309,node/7825009805
Retteri Kumaran Hospital,hospital,13.129869,80.214109,node/7825009807
Elangovan ENT Surgeon,clinic,13.1171076,80.2269961,node/7825009809
Cure Plus Clinic,clinic,13.1260152,80.2191464,node/7825009813
Sugam Ortho Clinic,clinic,13.12251,80.2221769,node/7825009814
Government Hospital,hospital,13.1093369,80.2312849,node/7825009815
K.H.M. Hospital,hospital,13.129327,80.2152624,node/7825009816
Sankar Eye Hospital,hospital,13.1131038,80.2404022,node/7825009817
Sendoor Clinic,clinic,13.116533,80.2250502,node/7825009818
Niranjana Hospital,hospital,13.1101477,80.2244516,node/7825009819
Parvatham Hospital,hospital,13.1148422,80.2441515,node/7825009820
Akshita Speciality Clinic,clinic,13.1277489,80.2168565,node/7825009821
U.S. Hospital,hospital,13.1263043,80.2192658,node/7825009823
Bharani Hospital,hospital,13.1106227,80.2374461,node/7825009824
GR Clinic,clinic,13.1220895,80.2210295,node/7825009825
G K Clinic,clinic,13.119731,80.218505,node/7825009826
Kalai Siddha Clinic,clinic,12.901862,79.1355807,node/7825122233
Dr. Dhanalakshmi ENT Clinic,clinic,12.8951943,79.1271164,node/7825122234
Rasi Skin Cosmetic & Laser Clinic,clinic,12.9346048,79.15677,node/7825122236
Dr. E Sivakumar ENT Clinic,clinic,12.901677,79.131297,node/7825122237
Herbocare Hospital,hospital,12.9597861,79.1386445,node/7825122238
Ramachandra Hospital,hospital,12.8936736,79.1357186,node/7825122240
Dr. Deepa Clinic,clinic,12.9520393,79.144871,node/7825122241
Susi Clinic,clinic,12.889212,79.135233,node/7825122242
Dr. Gowri's Childrens Clinic,clinic,12.9590135,79.1388363,node/7825122244
Swasam Naturecure and Yoga Hospital,hospital,12.9566197,79.1418751,node/7825122245
S.K. Nambi Hospital,hospital,12.905718,79.1352986,node/7825122246
Sanjeevan Ayurveda Clinic,clinic,12.9399676,79.1736207,node/7825122247
Vellore Hospital,hospital,12.9016809,79.1316299,node/7825122249
Church Hospital,hospital,12.9082477,79.1251947,node/7825122250
Shivam Hospital,hospital,12.9522294,79.144835,node/7825122251
Aarogya Clinic Multi Speciality Centre,clinic,12.898644,79.132777,node/7825122252
Dr. Sandhya's Clinic,clinic,12.9417847,79.1658121,node/7825122254
G P Hospital,hospital,12.9154281,79.1352036,node/7825122255
Kurinji Hospital,hospital,12.9565077,79.1414803,node/7825122256
Best Hospital,hospital,12.8773311,79.1066157,node/7825122257
Arulalan Clinic,clinic,12.9394923,79.1716334,node/7825122258
Parul Clinic,clinic,12.888341,79.13573,node/7825122260
Usha Nursing Home,clinic,12.9165884,79.1366865,node/7825122261
Dr. Venkateswara Rao Hospital,hospital,12.9163413,79.1342217,node/7825122262
Akshaya General and Dental Hospital,hospital,12.9577933,79.136876,node/7825122263
Arul Jothi Nursing Home,clinic,12.8926807,79.1351609,node/7825122264
K K R Hospital,hospital,12.904517,79.135956,node/7825122265
C.M Dental Clinic and Hospital,hospital,12.9218545,79.1125805,node/7825122267
Sterling Diabetes Hospital,hospital,12.9578429,79.1432088,node/7825122268
Sreenivasa ENT Clinic,clinic,12.9502466,79.1368111,node/7825122269
Storke Hospital,hospital,12.8898385,79.1344238,node/7825122270
Cure Multispeciality Hospital,hospital,12.909147,79.1333437,node/7825122271
Dr. K.P. Arjunan Clinic,clinic,12.9338287,79.1579666,node/7825122272
Grace Skin Clinic,clinic,12.8837199,79.1353133,node/7825122273
Saisugam Siddha & Ayurvedha Clinic,clinic,12.9504065,79.1387112,node/7825122275
Abitha Fertility Clinic,clinic,12.903342,79.13197,node/7825122276
Dr. Pari's Hospital,hospital,12.9030108,79.1324839,node/7825122277
Rama Clinic,clinic,12.9527599,79.1400263,node/7825122278
Dr. Mohan's Diabetes Specialities Centre,clinic,12.9571623,79.141955,node/7825122279
Dr. Ashok Clinic,clinic,12.9586875,79.139021,node/7825122280
Gowtham Clinic Child Care,clinic,12.8942521,79.1266602,node/7825122281
Fathima Hospital,hospital,12.9170061,79.138924,node/7825122282
Vellore Speciality Centre,clinic,12.926369,79.133473,node/7825122283
Dr. Imran's Al-Afiya Clinic,clinic,12.9005046,79.1268956,node/7825122284
Guru Clinic,clinic,12.9059584,79.1356261,node/7825122285
Dhinesh Hospitals,hospital,12.9086238,79.133113,node/7825122286
VB Hospital,hospital,12.935049,79.156067,node/7825122287
Nirmal Eye Hospital,hospital,12.9148799,79.134335,node/7825122288
Kavin's Skin Clinic,clinic,12.9000045,79.1298127,node/7825122289
Gita Mathai Hospital,hospital,12.9159232,79.1400221,node/7825122290
Aravind Heart Centre,clinic,12.9366802,79.1648202,node/7825122291
Jayanthi Hospital,hospital,12.9362461,79.1671117,node/7825122292
Sri Ragav Neuro Clinic,clinic,12.9152754,79.1340561,node/7825122293
Christian Medical College Schell Eye Hospital,hospital,12.9130671,79.1334476,node/7825122294
DSF Hospital,hospital,12.9366943,79.1626536,node/7825122295
Vignesh Urology Clinic,clinic,12.9153215,79.1336849,node/7825122297
Jansi Hospital,hospital,12.9218139,79.1127269,node/7825122298
Mm Clinic,clinic,12.9027903,79.1229312,node/7825122300
Mother's Care Diabetes Centre,clinic,12.936481,79.161111,node/7825122301
Malar Clinic,clinic,12.9094519,79.1391983,node/7825122303
Satish Eye Hospital,hospital,12.9106339,79.1332837,node/7825122304
Lakshmi Hospital,hospital,12.9002559,79.1271585,node/7825122305
Aruna Eye Hospital,hospital,12.9112511,79.1317331,node/7825122306
Shree Sai Heart Centre,clinic,12.9532734,79.1439111,node/7825122307
Dr. Vajjiravelu's Clinic,clinic,12.9509089,79.1393886,node/7825122308
AA Child Care Centre,clinic,12.953283,79.138843,node/7825122309
Jeevan Siddha Clinic,clinic,12.9273097,79.1363179,node/7825122310
JJ Ravi Hospital,hospital,12.8923296,79.1354165,node/7825122311
Balaji Hospital,hospital,12.8716238,79.085893,node/7825122312
Jothi Hospital,hospital,12.9031171,79.1359967,node/7825122313
Ramana Cardiac & Diabetes Centre,clinic,12.9061025,79.1260559,node/7825122314
Siddhavanam Health Care,clinic,12.922758,79.1081674,node/7825122315
J. Supriya Clinic,clinic,12.9057921,79.1358799,node/7825122316
Naruvi Hospitals,hospital,12.9341391,79.1413316,node/7825122317
Anush Clinic,clinic,12.9521876,79.1438956,node/7825122318
Premji Neuro Hospital,hospital,12.876936,79.118794,node/7825122319
Suraksha Healthcare Clinic,clinic,12.9583015,79.140908,node/7825122321
Annamalai Hospital,hospital,12.9060705,79.137064,node/7825122322
BPR Hospital,hospital,12.916289,79.1363165,node/7825122323
Om Murugan Siddha Hospital,hospital,11.9368241,79.4864315,node/7825220315
Saranya Skin Care Clinic,clinic,12.2395056,79.6487587,node/7825220316
Dr. Kalaimani Hospital,hospital,12.2531841,79.414742,node/7825220317
Prabavathi Clinic,clinic,12.231111,79.650897,node/7825220318
KM Child Clinic,clinic,11.9408885,79.4911722,node/7825220319
Malar Hospital,hospital,11.9490291,79.4903261,node/7825220320
Vinodhini Hospital,hospital,11.8639995,79.3671146,node/7825220322
Sundara Pandian Bone and Joint Hospital,hospital,11.931296,79.48513,node/7825220323
Tamilnadu Multispeciality Clinic,clinic,11.9387394,79.4860442,node/7825220324
Sri Ramachandra Dental Hospital,hospital,12.2175351,79.6629202,node/7825220325
RJR Hospital,hospital,11.9308979,79.4858312,node/7825220326
Sivanandhammal Siddha Hospital,hospital,11.9315482,79.4861485,node/7825220327
Annai Clinic,clinic,12.221965,79.6543537,node/7825220329
Melolakkur Hospital,hospital,12.3431116,79.4867042,node/7825220331
Sri Sai Siddha Clinic,clinic,12.2533846,79.4132598,node/7825220332
Orthodontic and Dental Hospital,hospital,12.2302888,79.6489103,node/7825220334
Sakthi Child Hospital,hospital,12.2314084,79.6521122,node/7825220335
Krishna ENT Clinic,clinic,12.251062,79.416556,node/7825220336
Villupuram Herbocare Hospital,hospital,11.9321959,79.485712,node/7825220337
Dr. S Karthik Bhandary Hospital,hospital,11.9414736,79.4961439,node/7825220338
Jessly Eye Clinic,clinic,11.939462,79.489929,node/7825220339
i-MED Super Speciality Hospital,hospital,12.2189008,79.6575392,node/7825220340
Sri Ranga Hospital,hospital,11.9312456,79.4851451,node/7825220341
Dhanusri Clinic,clinic,12.3379818,79.241174,node/7825220342
Raja Clinic,clinic,12.2555215,79.4167998,node/7825220343
C.R. Women and Child Health Centre,hospital,12.231188,79.651731,node/7825220344
Sri Kumaran Physiotherapy and Peadiatric Clinic,clinic,11.9315719,79.4863357,node/7825220345
Apollo Hospitals,hospital,11.931492,79.486364,node/7825220346
Baby Hospital,hospital,11.9417223,79.486858,node/7825220347
Aravind Eye Hospital,hospital,12.2585348,79.4170137,node/7825220348
Maternity Hospital,hospital,12.2309422,79.6499296,node/7825220351
Sashi Clinic,clinic,11.9285596,79.4830436,node/7825220352
Palaniraj Clinic,clinic,11.9381657,79.4875371,node/7825220353
Varun Fertility and Maternity Hospital,hospital,12.2366173,79.6514228,node/7825220355
Subham Clinic,clinic,12.255162,79.418066,node/7825220356
Link Hospital,hospital,11.941443,79.493422,node/7825220357
Royar Hospital,hospital,12.231769,79.6521931,node/7825220358
Selvaraj Hospital,hospital,11.9289053,79.4847866,node/7825220359
Shivam Multispeciality Hospital,hospital,11.9461082,79.489042,node/7825220360
RK Eye Hospital,hospital,11.9345871,79.4824456,node/7825220361
Dr. Jothy Mother Care Hospital,hospital,11.9412498,79.4874043,node/7825220362
Sanjeevi Clinic,clinic,12.257518,79.416729,node/7825220364
Devaki Hospital,hospital,11.9399605,79.4875405,node/7825220365
Aparna Speciality Clinic,clinic,11.8630687,79.3654135,node/7825220366
Parvathi Women Centre,clinic,11.9387973,79.4873146,node/7825220367
Subrayan Hospital,hospital,12.2525869,79.4187571,node/7825220369
Krishna Clinic,clinic,11.9319823,79.4882725,node/7825220372
Dr. Thambirajah Hospital,hospital,12.236916,79.6493161,node/7825220374
Government Hospital,hospital,12.1191555,79.3841561,node/7825220375
Jayaram Clinic,clinic,12.2530362,79.4149924,node/7825220377
Dr.K. Vinoth Clinic,clinic,11.9306487,79.4840763,node/7825220379
K.M. Arokkya Herbal Clinic,clinic,11.9300639,79.4850362,node/7825220380
Malar Clinic,clinic,12.2549427,79.4171491,node/7825220382
Bharathi Homeopathi Clinic,clinic,12.2367451,79.6492614,node/7825220384
Dr.Sampath's Diabetes and General Health Care Centere,hospital,12.230447,79.649053,node/7825220385
Mars Health Clinic,clinic,12.2362607,79.651525,node/7825220386
Nalam Kidney Centre,clinic,11.9386374,79.4897152,node/7825220388
Deepham Hospital,hospital,12.238396,79.647438,node/7825220389
Sree Venkateshwara Hospital,hospital,12.337827,79.24354,node/7825220390
Vasantham Health Center,clinic,11.9467084,79.4936219,node/7825220391
Royal Hospital,hospital,11.93711,79.4855233,node/7825220392
Sudha Clinic,clinic,11.7600988,79.7635495,node/7825396669
Kapila Hospital,hospital,11.759948,79.752602,node/7825396671
Janaki Nursing Home,clinic,11.7575519,79.7577457,node/7825396673
Sri Ragavendera Eye Hospital,hospital,11.7609921,79.7641783,node/7825396674
Mind Care Clinic,clinic,11.7445867,79.7679163,node/7825396676
Child Health Clinic,clinic,11.759432,79.764444,node/7825396677
Veludaiyaan Hospital,hospital,11.7648349,79.764176,node/7825396679
Jayakodi Hospital,hospital,11.7479061,79.7502482,node/7825396680
Subi Dental Hospital,hospital,11.7607715,79.7641528,node/7825396682
Vasantham Hospital,hospital,11.753695,79.76033,node/7825396683
Anboli Eye Care,clinic,11.7505082,79.7611361,node/7825396684
Deepam Hospital,hospital,11.76027,79.752718,node/7825396685
Devaki Hospital,hospital,11.7466873,79.7507784,node/7825396687
Jayam Ortho & Skin Clinic,clinic,11.7577611,79.7584186,node/7825396688
Neo Life Hearing Aid Centre,hospital,11.7593031,79.7638536,node/7825396689
Dr. Sethu Clinic,clinic,11.749947,79.761625,node/7825396690
Dr. M. Velumani Clinic,clinic,11.761345,79.762307,node/7825396691
Sri Dhavamani Siddha Hospital,hospital,11.757349,79.7598777,node/7825396692
Lakshmi Hospital,hospital,11.7617458,79.7622612,node/7825396693
R.K Skin and Dental Clinic,clinic,11.7576988,79.764068,node/7825396694
Valli Vilas Hospital,hospital,11.750637,79.760603,node/7825396695
Veltrivel ENT Clinic,clinic,11.7615438,79.7624468,node/7825396698
Haridanvantre Physiotherapy Clinic,clinic,11.7639404,79.7643984,node/7825396699
ECHS Polyclinic,clinic,11.748389,79.7678801,node/7825396700
The Zusaanli Acupuncture and Ayurveda Hospital,hospital,11.7598356,79.7647551,node/7825396701
Namachivayam Clinic,clinic,11.7618712,79.7618892,node/7825396702
Dr. Sucharitas Shivani Skin Clinic,clinic,11.7620209,79.7638739,node/7825396704
Dr. CM Skin Clinc,clinic,11.7580976,79.7581408,node/7825396705
Dhanlakshmi Clinic,clinic,11.7428428,79.7490386,node/7825396707
Dr.Jamesh Clinic,clinic,11.6342257,79.2789519,node/7825396708
R.R Speciality Hospital,hospital,11.7496981,79.7461239,node/7825396709
Dr. Latha Clinic,clinic,11.7467958,79.7349405,node/7825396711
Almaa Siddha Care Clinic,clinic,11.7599745,79.7641631,node/7825396712
Anandha Physiotherapy Clinic,clinic,11.7466282,79.7497948,node/7825396714
Sai Eye Clinic,clinic,11.7575089,79.7579901,node/7825396715
Saravanan ENT,clinic,11.7447403,79.768012,node/7825396717
Dr. R.K. Baskaran Hospital,hospital,11.7609511,79.7638694,node/7825396718
Kovan's Chest and Sleep Care Centre,hospital,11.7585866,79.7636821,node/7825396720
Maternity Hospital,hospital,11.7467423,79.7539971,node/7825396721
Modern Eye Hospital,hospital,11.7617557,79.7619691,node/7825396723
Sakthi Healing Centre,clinic,11.7641111,79.7502605,node/7825396725
Jayalakshmi Hospital,hospital,11.7561853,79.7617619,node/7825396728
S.D. Clinic,clinic,11.748099,79.76569,node/7825396729
Meenakshi Clinic,clinic,11.7468783,79.7474383,node/7825396731
Sris Skin Care,clinic,11.75916,79.763724,node/7825396732
Arun Surgical Clinic,clinic,11.747713,79.738476,node/7825396733
Dr. V.G.K. Memorial Clinic,clinic,11.751545,79.746867,node/7825396734
Dr. P. Ram Mohan Hospital,hospital,11.748029,79.763311,node/7825396735
Dhanalakshmi Health Centre,clinic,11.7575013,79.7584268,node/7825396737
Chellammaa Ortho Physiotherapy Clinic,clinic,11.746739,79.7389758,node/7825396738
JKR Piles Fistula Hospital,hospital,11.7592559,79.7640816,node/7825396739
Dr. Namakshivayam Clinic,clinic,11.7559699,79.7632359,node/7825396741
Kandamathan Hospital,hospital,11.4683007,78.9510047,node/7825396742
Ganesh Maternity Hospital,hospital,12.520064,78.2198424,node/7825526314
Shree Ramachandra ENT Centre,clinic,12.5290096,78.2037359,node/7825526315
Arthya Clinic,clinic,11.6901869,79.2920147,node/7825526316
Soorya Multi Speciality Hospital,hospital,11.632948,78.871799,node/7825526317
Sristi Children's Hospital,hospital,12.519915,78.219104,node/7825526318
Sri Ram Hospital,hospital,11.9551659,79.1925599,node/7825526319
SJ Nursing Home,clinic,11.693257,79.287758,node/7825526320
Balaji Hospital,hospital,11.6353931,78.8763682,node/7825526321
Sai Speciality Hospital,hospital,11.7391158,78.9601303,node/7825526322
VV Hospital,hospital,11.966499,79.207182,node/7825526323
Lotus Hospital,hospital,11.7209048,78.9557125,node/7825526324
Krishna Hospital,hospital,12.5269707,78.2032162,node/7825526325
Pugazh Hospital,hospital,11.7383208,78.9673615,node/7825526326
Ramacharan ENT Hospital,hospital,12.5192713,78.2187027,node/7825526327
Dr.Raj Kumar Hospital,hospital,11.7370481,78.9654128,node/7825526329
Eye Hospital,hospital,11.6918517,79.2904783,node/7825526330
Sri Siva Sakthi Siddha Orthopaedic Hospital,hospital,11.737854,78.9674324,node/7825526331
Kaveri Children Hospital,hospital,12.5191998,78.2185048,node/7825526332
Vedikaa Child Care,clinic,12.5275217,78.2025239,node/7825526333
Marudham Siddha Clinic,clinic,11.9655936,79.2051728,node/7825526334
Dr.Manivannan Hospital,hospital,11.634686,78.875931,node/7825526335
Poorvi Dental Hospital,hospital,12.5242567,78.2015892,node/7825526336
Nalam ENT Hospital,hospital,11.7376029,78.9675536,node/7825526337
Deepavel Clinic,clinic,12.5278432,78.2022061,node/7825526338
N.S Hospital,hospital,11.7393579,78.9594834,node/7825526341
Meenatchi Child Clinic,clinic,11.6919205,79.2886608,node/7825526342
AMC Multi Speciality Hospital,hospital,11.738376,78.975572,node/7825526343
Akbar Ali Hospital,hospital,11.9674951,79.2047302,node/7825526344
Siva Poly Clinic,clinic,11.8853491,78.9173517,node/7825526345
Sabari Eye Hospital,hospital,12.5190949,78.2190115,node/7825526346
Sowndharya Clinic,clinic,11.6369284,78.8773759,node/7825526347
Siddhalaya Hospital,hospital,11.7397121,79.0773317,node/7825526348
Shifa Unani Herbal Clinic,clinic,12.5219008,78.2041485,node/7825526350
MG Poly Clinic,clinic,11.691503,79.284204,node/7825526351
NG Nursing Home,clinic,11.744296,79.073402,node/7825526353
Sri Lakshmi Hospital,hospital,11.737873,78.9614835,node/7825526354
Gokulam Clinic & Scans,clinic,12.5207976,78.2162023,node/7825526355
Shri Krishna Cardiac Care Centre,clinic,12.525904,78.2017717,node/7825526356
Palanivel Hospital,hospital,11.7367187,78.9571445,node/7825526357
Sri Balaji Hospital,hospital,11.728092,78.9618703,node/7825526358
Srinivasa Clinic,clinic,12.520975,78.215755,node/7825526359
Rangachari Eye Hospital,hospital,12.5195444,78.2178012,node/7825526360
Dr.Rajmohan Hospital,hospital,11.6888836,79.2885399,node/7825526361
Razack Homoeo Clinic,clinic,11.881926,78.918813,node/7825526362
Shri Narayana Bone & Joint Clinic,clinic,12.523617,78.210613,node/7825526363
Dr. SG Ashok Kumar Homeopathy Clinic,clinic,11.7389676,78.9617916,node/7825526364
Sri Mahalakshmi Siddha Hospital,hospital,11.7396311,78.9614296,node/7825526365
Meenakshi Hospital,hospital,11.691345,79.2824928,node/7825526366
Uma Maheswari Hospital,hospital,11.8864516,78.9165142,node/7825526367
KVS Hospital,hospital,12.5277857,78.2055049,node/7825526368
Sri Ramakrishna Hospital,hospital,11.889528,78.918422,node/7825526369
TV Hospital,hospital,11.9589153,79.1906767,node/7825526371
Maharishi Siddha Hospital,hospital,12.5192281,78.2186874,node/7825526372
Kathiravan Hospital,hospital,11.635704,78.8755498,node/7825526374
Agathiyar Siddha Clinic,clinic,11.9646558,79.2010239,node/7825526375
Olga Siddha Multi Speciality Hospital,hospital,11.9679441,79.2040271,node/7825526376
Rajamaiyammal Pediatric Hospital,hospital,11.6356956,78.8751899,node/7825526377
Ga Heart Hospital,hospital,12.5287708,78.2055336,node/7825526378
Baby Childrens Hospital,hospital,11.7391017,78.9605598,node/7825526379
Lingam Hospital,hospital,11.6348249,78.8764365,node/7825526380
Sakthi Hospital,hospital,11.7359507,78.9654322,node/7825526381
AZ Family Clinic,clinic,12.5234942,78.2127422,node/7825526382
Kalyani ENT Hospital,hospital,12.5202161,78.2191611,node/7825526383
Aswini Hospital,hospital,11.7412641,79.0743866,node/7825526385
Chennai Diabetic Centre,clinic,12.520646,78.2168832,node/7825526386
Lakshmi Clinic,clinic,12.5260521,78.2012459,node/7825526387
Nathan Speciality Hospital,hospital,12.5220057,78.2150095,node/7825526388
Psychiatric Centre,clinic,12.529476,78.205064,node/7825526389
Janani Hospital,hospital,11.7395673,78.9612076,node/7825526390
J.R.R. Hospital,hospital,11.635708,78.876255,node/7825526391
KMS Child Care,clinic,12.520149,78.2182649,node/7825526393
Ganesh Hospital,hospital,12.519586,78.2182549,node/7825526394
Madura Dental Care Hospital,hospital,11.8844985,78.9176173,node/7825526395
Dr. Getwell Hospital,hospital,11.9690114,79.2036957,node/7825526396
Rakshana Hearing Aid Centre,clinic,12.519233,78.218876,node/7825526397
Muthu Hospital,hospital,11.7386564,78.9617902,node/7825526398
Sri Sivasakthi Dental Hospital,hospital,11.738727,78.961808,node/7825526399
Krishna Hospital,hospital,11.739402,79.078362,node/7825526400
Dr. Anbalagan Clinic,clinic,12.5208366,78.2160593,node/7825526401
Muthuvel Hospital,hospital,11.8836721,78.9176618,node/7825526402
Sri Arunai Homeo Clinic,clinic,12.2268956,79.0797963,node/7825741071
Shiva Eye Hospital,hospital,12.230536,79.072143,node/7825741075
MMS Hearing care,clinic,12.254932,79.070565,node/7825741076
Durai Hospital,hospital,12.234183,79.067855,node/7825741077
Malar Clinic,clinic,12.2274111,79.0665072,node/7825741078
Dr. Ushakalayani Clinic,clinic,12.2360334,79.0746907,node/7825741079
S.B Child Care,clinic,12.675489,79.286276,node/7825741080
Surya Speciality Clinic,clinic,12.2192634,79.0638455,node/7825741082
GMS Dental Hospital,hospital,12.236981,79.071526,node/7825741084
Tamilnadu Neuro & Mind Care,hospital,12.2299003,79.0660745,node/7825741085
Baba Eye Hospital,hospital,12.221239,79.0607587,node/7825741087
Deepam Clinic,clinic,12.2308178,79.0726587,node/7825741088
Sai Bali Clinic,clinic,12.2359237,79.0731627,node/7825741089
Vasan Eye Care Hospital,hospital,12.2306794,79.0718298,node/7825741091
Deepaoli Clinic,clinic,12.223808,79.082554,node/7825741092
Star Hospitals,hospital,12.2361742,79.0733649,node/7825741095
K.S. Surgical Clinic,clinic,12.2381033,79.072913,node/7825741096
Sugasthala Hospital,hospital,12.23064,79.078259,node/7825741097
Deepam Speciality Clinic,clinic,12.2337473,79.0689491,node/7825741098
Krishna Fertility Centre,clinic,12.2344719,79.0726313,node/7825741100
Neomed Heart Preventive Care Hospital,hospital,12.2499062,79.0746357,node/7825741101
Dr. Gunasekaran Clinic,clinic,12.2338317,79.0706844,node/7825741102
Sree Guruji Sundhararam Swamigal Sitha Hospital,hospital,12.2250155,79.0786594,node/7825741103
A S Clinic,clinic,12.2414797,79.0706306,node/7825741104
ARC Fertility Hospitals,hospital,12.2498639,79.0708251,node/7825741105
Balagi Hospital,hospital,12.233519,79.070575,node/7825741106
Swathi Diabetic Research Centre,clinic,12.2375692,79.0717847,node/7825741107
Dhan Laxmi Hospital,hospital,12.2424394,79.0725441,node/7825741109
Neomed Hospital,hospital,12.2546575,79.0695738,node/7825741110
MRK ENT Clinic,clinic,12.2543699,79.070544,node/7825741111
Nethra Hospital,hospital,12.2322255,79.0728823,node/7825741112
Nethra Hospitals,hospital,12.2340133,79.0692599,node/7825741113
PT Chest Clinic,clinic,12.2419678,79.0723691,node/7825741114
Puyangam Vaithiya Thalam Varma & Ayurveda,clinic,12.223128,79.059095,node/7825741115
Gayathri Hospital,hospital,12.66814,79.2896859,node/7825741116
Dr Tamilmani Child Specialists,clinic,12.2362932,79.0739611,node/7825741117
G G Hospital,hospital,12.2499416,79.0718232,node/7825741118
Jeevana Hospital,hospital,12.2202315,79.058076,node/7825741119
Sekar Bhavani Clinic,clinic,12.2219559,79.067877,node/7825741120
Dr. G Dental & Implant Hospital,hospital,12.2341083,79.0684055,node/7825741121
Maiyura Clinic,clinic,12.2185318,79.0732174,node/7825741122
Sri Vinayaka Homeopathy Hospital,hospital,12.6642917,79.2840253,node/7825741123
Bhuvaneshwari Hospital,hospital,12.2301632,79.0668075,node/7825741124
Jai Clinic,clinic,12.233674,79.071753,node/7825741125
Malar Health Care and Acupuncture Clinic,clinic,12.2334451,79.0748262,node/7825741126
Dhanabakkiyam Multi Speciality Hospital,hospital,12.2250374,79.0778544,node/7825741128
Shree Raghavendra Dental Care Hospital,hospital,12.2337641,79.0691111,node/7825741129
Archana Hospital,hospital,12.2257014,79.0661539,node/7825741130
Dr.Marimuthu Clinic,clinic,12.672687,79.2859877,node/7825741132
Sri Vaishnavi Hospital,hospital,12.2337066,79.069233,node/7825741133
Usharani Diabetic and General Clinic,clinic,12.22969,79.066972,node/7825741134
Sri Ramnashram Clinic,clinic,12.2241304,79.0566645,node/7825741135
KVS Hospital,hospital,12.2298607,79.0649209,node/7825741137
Anandh Clinic,clinic,9.8532682,78.4962017,node/7829301178
Government Hospital,hospital,10.289446,78.47758,node/7829301179
Rai Clinic,clinic,9.8280219,78.2538724,node/7829301180
The Leprosy Mission Community Hospital,hospital,9.71276,78.459929,node/7829301181
Murugan Skin Clinic,clinic,9.8521621,78.4869611,node/7829301182
Matha Mission,hospital,9.6996656,78.462862,node/7829301183
Sri Bohar Siddha Hospital,hospital,10.321326,78.510342,node/7829301184
Baba Clinic,clinic,10.114454,78.6011303,node/7829301185
Circumcission Clinic,clinic,10.1143707,78.6001345,node/7829301186
Divakar ENT Clinic,clinic,9.850748,78.4898927,node/7829301189
Naveen Hospital,hospital,9.8274653,78.2543075,node/7829301190
Primary Government Hospital,hospital,10.324853,78.507898,node/7829301191
Central Care Clinic,clinic,9.913232,78.445782,node/7829301192
Gandeepam Siddha Hospital and Research Center,hospital,10.32634,78.456334,node/7829301193
Karthik Multispeciality Hospital,hospital,9.8484056,78.4847093,node/7829301194
Dr. Rahima Usman Hospital,hospital,9.629762,78.627635,node/7829301195
Vimala Ganesan Poly Clinic,clinic,9.851921,78.484722,node/7829301196
Abinov Physio Center,clinic,9.8516735,78.4863461,node/7829301197
Lifecare Siddha Clinic Centre,clinic,9.6294196,78.6261144,node/7829301198
Abi Homoeo Care,clinic,10.1084781,78.597285,node/7829301199
Swedish Mission Hospital,hospital,10.1134418,78.5961351,node/7829301200
Jeevarathinam Hospital,hospital,9.695296,78.4556228,node/7829301201
Niranjan Skin Hospital,hospital,9.8498154,78.4900806,node/7829301202
Nirupa Rajan Life Care Hospital,hospital,9.697922,78.448907,node/7829301203
Femina Hospital,hospital,9.984855,78.537283,node/7829301204
Chellamuthu Hospital,hospital,10.1105232,78.599072,node/7829301205
Nalam Clinic,clinic,9.8440437,78.4857285,node/7829301206
Maya Health Clinic,clinic,9.853731,78.48572,node/7829301207
Lakshmi Clinic,clinic,9.8582174,78.2784647,node/7829301208
Jeyabal Nursing Home,clinic,9.692295,78.4525144,node/7829301209
Vasan Eye Care,clinic,9.8487722,78.4857712,node/7829301211
Annai Meenakshi Hospital,hospital,9.8291257,78.2528088,node/7829301212
Maheswaran Clinic,clinic,9.8477596,78.486513,node/7829301213
Government District Hospital,hospital,9.840094,78.485332,node/7829301214
Sivagangai Eyecare Centre,clinic,9.848419,78.484384,node/7829301215
Psychiatric Centre,clinic,9.8500336,78.4846938,node/7829301216
Rahima Usman Hospital,hospital,9.6270629,78.6257328,node/7829301217
Joy Clinic,clinic,9.8517838,78.4875995,node/7829301218
CSI Hospital Kilanjunai,hospital,9.6711431,78.7560578,node/7829301219
Baskar Hospital,hospital,9.824046,78.258846,node/7829301221
Thaisei Nala Viduthi,hospital,10.294461,78.45884,node/7829301222
Selva Hospital,hospital,9.6897896,78.4493352,node/7829301225
Sahul Hameed Clinic,clinic,9.7650001,78.6392394,node/7829301226
Aravind Vision Centre,clinic,9.626228,78.626124,node/7829301227
Dr. Sundarajan Hospital,hospital,9.695613,78.455486,node/7829301229
Mithra Ent Clinic,clinic,9.8481937,78.4843843,node/7829301230
Unnamalai Childrens Hospital,hospital,9.6885363,78.452294,node/7829301232
Dr. Jamal Hospital,hospital,9.6278033,78.6240014,node/7829301234
Dr. Murugan Hospital,hospital,9.6298732,78.6263011,node/7829301235
Raja Clinic,clinic,9.9869124,78.5361351,node/7829301237
Sem Perai Hospital,hospital,9.627159,78.624142,node/7829301238
Government Hospital,hospital,9.828522,78.52089,node/7829301239
Thulavoor Nuda Vaithiya Salai Hospital,hospital,9.850863,78.4901106,node/7829301242
ECHS Polyclinic,clinic,9.865524,78.489222,node/7829301244
Apollo Hospital,hospital,9.6932958,78.7203813,node/7829301246
Aravind Vision Centre,clinic,9.8234431,78.2606591,node/7829301247
Jeyapal Hospital,hospital,9.6920958,78.4525046,node/7829301248
Pillur Government Primary Hospital,hospital,9.8387486,78.4137465,node/7829301249
Almaa Siddha Care,clinic,9.8512746,78.4888603,node/7829301250
Sri Thandeeshwarar Hospital,hospital,9.824178,78.258489,node/7829301254
Veera's ENT Care,clinic,9.6963574,78.4552724,node/7829301257
Dr. A Mutthu Mahesh Clinic,clinic,10.7497264,79.112244,node/7829528813
Army Hospital,hospital,10.7791503,79.1411588,node/7829528814
KDR Hospital,hospital,10.772509,79.137518,node/7829528815
Kannan Hospital,hospital,10.7534726,79.1205694,node/7829528816
Abraham Pandithar Siddha Clinic,clinic,10.7844038,79.1431498,node/7829528817
Dr. Muthiah Pandian Eye Hospital,hospital,10.78456,79.1415259,node/7829528818
"Dhanam Hospital, Thanjavur",hospital,10.7542554,79.121432,node/7829528819
Sudhakar Child Hospital,hospital,10.7931236,79.1419772,node/7829528820
Heart Care Centre,clinic,10.7764167,79.137216,node/7829528824
Dr.C. Rajasekaran ENT Clinic,clinic,10.773288,79.133962,node/7829528825
Dr.Anusuya Gynecologist EBK CLINIC,clinic,10.7869864,79.135636,node/7829528826
Marudupandiyar Hospital,hospital,10.7634249,79.1476612,node/7829528828
Dr. K. Balamurali.Neurologist,clinic,10.787027,79.1337,node/7829528829
Vaigarai Hospital,hospital,10.7805865,79.1317938,node/7829528831
ECHS Polyiclinic,clinic,10.8076595,79.139497,node/7829528832
Dr. Anandha Kavi Children's Care Hospital,hospital,10.786435,79.133247,node/7829528833
Nagar Puram Sugadhara Nilayam,hospital,10.7812285,79.1256093,node/7829528834
Nisha Hospital,hospital,10.7634994,79.1315147,node/7829528835
Dr. R. R. Ashokkumar General Hospital,hospital,10.7864612,79.1333475,node/7829528836
Dr.Babu ENT,clinic,10.761495,79.1265242,node/7829528837
Gowri Sankar Kidney Care Centre,clinic,10.7722472,79.1366217,node/7829528838
Vijaya ENT Hospital,hospital,10.776386,79.12678,node/7829528840
G.M Hospital,hospital,10.7765582,79.1269782,node/7829528841
Government Eye Hospital,hospital,10.7853614,79.1385707,node/7829528842
Samattva Naturopathy Yoga Clinic,clinic,10.7533578,79.1225981,node/7829528843
Rani Clinic,clinic,10.7621389,79.1358462,node/7829528846
Surya Siddha Varma Clinic,clinic,10.7681802,79.1116146,node/7829528848
SDA Hospital,hospital,10.7368492,79.1040406,node/7829528849
RK Hospital for Women and Children,hospital,10.775351,79.138256,node/7829528851
Anna Hospital,hospital,10.7769685,79.1479821,node/7829528852
Santhe Multi-Speciality Hospital,hospital,10.788383,79.134988,node/7829528853
National Clinic,clinic,10.777907,79.146195,node/7829528854
Vijay Hospital,hospital,10.7608246,79.1400739,node/7829528856
Dr.Senthil Skin and Hair Clinic,clinic,10.7660107,79.1297471,node/7829528857
Saravana Speciality Hospital,hospital,10.774742,79.135591,node/7829528858
Thanga Saradha Nursing Home,hospital,10.7884215,79.1352656,node/7829528859
Abayam Hospital,hospital,10.774129,79.1370851,node/7829528860
Dr.Rajalakshmi clinic,clinic,10.786839,79.1383721,node/7829528861
"Dr.Agarwals Eye Hospital, Tanjore",clinic,10.7744774,79.1376454,node/7829528863
Guru Clinic,clinic,10.8043289,79.1378124,node/7829528864
Herbo Care Hospital,hospital,10.762537,79.132465,node/7829528865
Dr. V. Marimuthu Hospital,hospital,10.784485,79.121339,node/7829528867
Railtree Railway Hospital,hospital,10.7760385,79.139928,node/7829528869
NM Hospital,hospital,10.7696972,79.1339606,node/7829528870
Thirumalai Ortho Centre,clinic,10.7750474,79.1380033,node/7829528871
Apex Heart Hospital,hospital,10.7763502,79.1263039,node/7829528873
Dr. Ashok Kumar Skin and Hair Care Clinic,clinic,10.7634501,79.1285249,node/7829528874
Rajavinayagar Sidha Hospital,hospital,10.8042231,79.1387267,node/7829528875
Mohan ENT Centre,clinic,10.786515,79.133767,node/7829528876
KG Multi Speciality Hospital and Research Centre,hospital,10.776716,79.136724,node/7829528877
Dr. K. Balamurugan Brain Specialist,clinic,10.786472,79.133202,node/7829528878
RJR Herbal Hospital,hospital,10.7493157,79.109748,node/7829528879
Original Mahalingam Piles & Fistula Clinic,clinic,10.7896132,79.1421443,node/7829528880
Umarani Hospital,hospital,10.7697787,79.1124216,node/7829528881
Murali Gastro Clinic,clinic,10.7640082,79.1288429,node/7829528882
Thirumai Hospital,hospital,10.7741968,79.1354053,node/7829528883
Dr. R.G.K Eye Care Centre,clinic,10.7543274,79.1213034,node/7829528885
Venkatesan Psychotic Hospital,hospital,10.793863,79.129953,node/7829528886
Shri Lakshmi Scans and Clinic,clinic,10.7872749,79.1314014,node/7829528887
Dr. Manimegalai Clinic,clinic,10.7514509,79.1195749,node/7829528888
K. Kanda Pazhanivel Poly Clinic,clinic,10.7880394,79.1335232,node/7829528889
Dr. M. Priya Children's Care,clinic,10.786426,79.132487,node/7829528890
Sri Selva Clinic,clinic,10.7506252,79.1147185,node/7829528892
Santhosh Ayurveda Hospital,hospital,10.7696357,79.1131654,node/7829528893
Dr. Vinnarasan Skin Specialist,clinic,10.7622772,79.1374166,node/7829528894
Arut Jothi Siddha Clinic,clinic,10.7531228,79.1229823,node/7829528896
Arun Hospital,hospital,10.426847,79.3159308,node/7830060108
Thiravidan Multi Speciality Hospital,hospital,10.425529,79.318004,node/7830060109
Dr. Baskaran Clinic,clinic,10.427498,79.314004,node/7830060110
Homeopathy Hospital,hospital,10.4270483,79.3161066,node/7830060111
Palani Murugan Clinic,clinic,10.4228439,79.3157585,node/7830060112
Mariya Homoeo & Siddha Clinic,clinic,10.4210574,79.3183927,node/7830060113
Poovalingam Clinic,clinic,10.430386,79.3098604,node/7830060114
Shri Jayendral Homeo Free Hospital,hospital,10.4124409,79.3276129,node/7830060115
Kousalya Hospital,hospital,10.4205968,79.3193522,node/7830060117
KTP Hospital,hospital,10.427079,79.316989,node/7830060118
LMS Hospital,hospital,10.4226409,79.3227835,node/7830060119
Sabarish Hospital,hospital,10.427037,79.317748,node/7830060120
Krishna Hospital,hospital,10.4293152,79.3200118,node/7830060122
Dravidian Speciality Hospital,hospital,10.425805,79.317598,node/7830060123
SR Poly Clinic,clinic,10.4205502,79.3202266,node/7830060124
Balakrishnan Hospital,hospital,10.422394,79.3209206,node/7830060125
PVS.Velan Multi Speciality Hospital,hospital,10.424084,79.312554,node/7830060126
Rajagopalan Clinic,clinic,10.422811,79.320407,node/7830060127
Meera Mohaideen Hospital,hospital,10.4228743,79.3182816,node/7830060128
TAK Hospital,hospital,10.4237096,79.3185066,node/7830060129
Venkateswara Siddha Hospital,hospital,10.357689,79.181816,node/7830060130
Sunthararani Homoepathic Clinic,clinic,10.2777879,79.3099965,node/7830060131
Dr. jameal Hospital,hospital,10.282775,79.201023,node/7830060132
Chandra Labor Hospital,hospital,10.4254347,79.3196866,node/7830060133
Shabana Hospital,hospital,10.4227869,79.3205685,node/7830060135
Vennila Clinic,clinic,10.4265886,79.3157232,node/7830060136
Harish Hospital,hospital,10.3633342,79.1995314,node/7830060138
Care Hospital,hospital,10.4270749,79.3167662,node/7830060139
Saravanan Hospital,hospital,10.425292,79.3140909,node/7830060140
Karthik Supraj Clinic,clinic,10.4191958,79.3187448,node/7830060141
Dr. Showkatali Hospital,hospital,10.2834584,79.1973168,node/7830060142
Rathi Skin Clinic,clinic,10.4270255,79.317905,node/7830060143
Tharshana Hospital,hospital,10.2869173,79.2035655,node/7830060144
Viveganandha Hospital,hospital,10.286082,79.20051,node/7830060145
J.M.Child Care Hospital,hospital,10.4217573,79.3178295,node/7830060146
Dr. Ayyasamy Children Hospital,hospital,10.4267929,79.318006,node/7830060147
Ayyappa Hospital,hospital,10.289352,79.198536,node/7830060148
Sridharbabu Hospital,hospital,10.4202371,79.3201851,node/7830060149
Rajeshwari Hospital,hospital,10.420348,79.3218584,node/7830060150
Arun Homoeo Hospital,hospital,10.425013,79.312194,node/7830060151
Nesam Hospital,hospital,10.286363,79.205032,node/7830060152
Tamilmaniam Hospital,hospital,10.4244536,79.3198093,node/7830060153
Dr. Selvi Hospital,hospital,10.286058,79.199456,node/7830060154
SIiva Siddha Clinic,clinic,10.330548,79.139157,node/7830060155
Aishwarya Hospital,hospital,10.427261,79.317183,node/7830060156
Janki Hospital,hospital,10.4270549,79.3173932,node/7830060157
Nazriya Clinic,clinic,10.4327415,79.3121149,node/7830060158
Government Hospital,hospital,10.2490969,79.2791107,node/7830060159
Dhanabal Clinic,clinic,10.2876645,79.2030475,node/7830060160
Thoncy Hospital,hospital,10.363575,79.199209,node/7830060161
Appasamy Hospital,hospital,10.4270013,79.318079,node/7830060162
Sri Subarakkamma Clinic,clinic,10.1711649,79.2326422,node/7830060163
Maha Hospital,hospital,10.424144,79.3157914,node/7830060164
M Karuppaiya Clinic,clinic,10.4246223,79.3156026,node/7830060165
Kuthaperumal Hospital,hospital,10.422895,79.320832,node/7830060168
Sri Eazhumalayan Hospital,hospital,10.422795,79.320802,node/7830060169
Pranna Hospital,hospital,10.4192926,79.3213414,node/7830060170
Amirtha Hospital,hospital,10.285628,79.200159,node/7830060171
Dr. C V Padmanandan Skin Clinic,clinic,10.423388,79.3208226,node/7830060172
Vedha Hospital,hospital,10.4203037,79.3199838,node/7830060173
Dr. A Rajendran Clinic,clinic,10.4245088,79.3159354,node/7830060174
"Dr.A.Anbalagan.,Child Health Clinic",clinic,10.4218448,79.3211023,node/7830060175
Sakthi Kumaran Pediatrics and Neonatal Care Hospital,hospital,10.423156,79.31918,node/7830060176
Velmurugan Hospital,hospital,10.427081,79.316111,node/7830060177
Dr. Rajendran Hospital,hospital,10.432769,79.308232,node/7830060178
Arun Homeo Clinic,clinic,10.285748,79.200256,node/7830060180
ArasiI Physio Care,clinic,10.4197834,79.3202662,node/7830060181
Anu Clinic,clinic,10.4255035,79.3199365,node/7830060184
Senthamil Selvan Clinic,clinic,10.4245112,79.3158311,node/7830060185
Dr. Shahul Hameed Eye Hospital,hospital,10.4203684,79.319462,node/7830060186
Sri Ranganathan Hospital,hospital,10.4217647,79.3210115,node/7830060187
Sivaraj hospital,hospital,10.422721,79.3191311,node/7830060188
A J Hospital,hospital,10.2872928,79.2018551,node/7830060189
Selvam hospital,hospital,10.427042,79.315965,node/7830060190
Thamizharasan Clinic,clinic,10.4270712,79.317236,node/7830060191
Dr. V.P. Arun Hospital,hospital,10.285453,79.199971,node/7830060192
Srinivasa Hospital,hospital,10.4267804,79.3174162,node/7830060193
Dharshana Hospital,hospital,10.286677,79.203238,node/7830060194
Ganesa Thevar Hospital,hospital,10.4223193,79.3210942,node/7830060195
Devasena Ortho Clinic,clinic,10.426765,79.3169,node/7830060197
KK Hospital,hospital,10.4223866,79.3209951,node/7830060198
Ranganathan Child Hospital,hospital,10.4186239,79.3205391,node/7830060201
Nila Hosptial,hospital,10.2449579,79.2758175,node/7830060202
ARM Hospital,hospital,10.4228199,79.3191439,node/7830060203
Dravidan Hospital,hospital,10.4270693,79.3183126,node/7830060204
Sharmila Hospital and Lab,hospital,10.4267164,79.3181478,node/7830060205
Jamal Hospital,hospital,10.2804985,79.196596,node/7830060206
Dr . Rayappan Kumar Clinic,clinic,10.3783808,78.8239602,node/7831252043
PLS Hospital,hospital,10.380345,78.81352,node/7831252044
Sri Thoorka Hospital,hospital,10.2671799,78.5387743,node/7831252045
Thangam Hospital,hospital,10.605609,78.419321,node/7831252047
Matrisadan Hospital,hospital,10.3660748,78.8256986,node/7831252048
Tamil Hospital,hospital,10.2358243,79.1413057,node/7831252049
Jayaraja Hospital,hospital,10.3784151,78.8075896,node/7831252050
Jaya Veda Clinic,clinic,10.376914,78.821212,node/7831252051
Sugam Hospital,hospital,10.604587,78.418333,node/7831252052
Vasantham Clinic,clinic,10.39001,78.802237,node/7831252053
Sri Rama Hospital,hospital,10.3858207,78.8184805,node/7831252054
Pudugai Diabetes Centre,clinic,10.3810369,78.8148182,node/7831252055
Guna Nature Cure Hospital,hospital,9.924586,79.1470336,node/7831252056
Genis Hospital,hospital,10.3616468,78.835761,node/7831252057
Srinivasan Hospital,hospital,10.382118,78.823761,node/7831252058
Newgen Clinic,clinic,10.3965849,78.82841,node/7831252059
Anbu Hospital,hospital,10.3677073,78.8155926,node/7831252060
Sri Venkateshwara Homeo Clinic,hospital,10.377455,78.826167,node/7831252061
C.S.R. Hospital,hospital,10.085772,79.148607,node/7831252062
Hussesna Begam's Hospital,hospital,10.3765259,78.833754,node/7831252063
Government Hospital,hospital,10.1760577,79.1217053,node/7831252064
Keerthana Clinic,clinic,10.2743331,78.5377649,node/7831252065
Thangam Clinic,clinic,10.3868461,78.8229124,node/7831252067
BM Hospital,hospital,10.385173,78.380426,node/7831252068
Shahul Hameed Clinic,clinic,9.919286,79.139679,node/7831252069
Dr. Muthuraja's Multispeciality Hospital,hospital,10.3816219,78.8149157,node/7831252070
Vijayalakshmi Eye Hospital,hospital,10.605085,78.418982,node/7831252071
Padmini Hospital,hospital,10.387822,78.819116,node/7831252072
Rukmani Clinic,clinic,10.360298,78.836378,node/7831252073
MMK Hospital,hospital,10.604419,78.418258,node/7831252074
Dr. VKR Hospital,hospital,10.3853975,78.8241042,node/7831252075
Ramajayam Hospital,hospital,10.134728,79.222137,node/7831252076
Mano Health Centre,clinic,10.3819505,78.8178723,node/7831252077
BGM Dental & General Clinic,clinic,10.3734675,78.8289143,node/7831252079
Ravi Doctor Hospital,hospital,10.1737674,78.9132133,node/7831252080
Vaitheeswara Hospital,hospital,10.3899148,78.8062681,node/7831252081
Retna Dhas Hospital,hospital,10.602121,78.415127,node/7831252082
Dr. Thiyagarajan Hospital,hospital,10.386305,78.822533,node/7831252084
Dr. Santhi Arulamuthan Hospital,hospital,10.376821,78.82175,node/7831252085
Rafi Hospital,hospital,10.172204,78.996009,node/7831252086
Sri Abirami Hospital,hospital,10.382157,78.818343,node/7831252087
Mohammed Ismail Clinic,clinic,10.383653,78.822886,node/7831252088
Abi Skin & Neuro Clinic,clinic,10.3869283,78.8226564,node/7831252089
Dr.Usha Kannan Hospital,hospital,10.3768284,78.8221094,node/7831252090
Thamizhini Clinic,clinic,10.3793576,78.8236163,node/7831252091
Dr. K.R. Ramanathan,clinic,10.369636,78.813067,node/7831252092
Papaya Achchi Hospital,hospital,10.27924,78.5317924,node/7831252093
Victory Mission Hospital,hospital,10.1903101,78.6905167,node/7831252094
Senthil Clinic,clinic,9.922656,79.142583,node/7831252095
Olive Urology Clinic,clinic,10.3768563,78.8219791,node/7831252096
Sri Kumaran Hospital,hospital,10.6058775,78.4286822,node/7831252097
Veena Clinic,clinic,10.3816452,78.8193101,node/7831252098
Dr.Rajendran.Clinic,clinic,10.326747,79.131667,node/7831252099
Shanti Clinic,clinic,10.3901429,78.8031582,node/7831252100
R.R. Hospital,hospital,10.3785006,78.8216731,node/7831252101
Ezhilarasan Hospital,hospital,10.376223,78.825945,node/7831252102
Noor Hospital,hospital,10.382828,78.388712,node/7831252104
Ramachandra Hospital,hospital,10.385707,78.824306,node/7831252105
ACC Hospital,hospital,10.359032,78.83961,node/7831252106
Ratna Doss Hospital,hospital,10.605768,78.419283,node/7831252108
SS Hospital,hospital,10.3786478,78.815732,node/7831252109
Sri Balaji Clinic,clinic,10.3738518,78.8071244,node/7831252110
Senpagam Hospital,hospital,10.052795,79.23119,node/7831252111
Sri Durga Surgical Clinic and Research Centre,clinic,10.267321,78.538779,node/7831252113
RJR Hospital,hospital,10.3833003,78.8004997,node/7831252114
Arunagiri Hospital,hospital,10.3807868,78.8182792,node/7831252115
AJ Hospital,hospital,10.60704,78.4214745,node/7831252116
AGS Hospital,hospital,10.3728696,78.8140908,node/7831252117
Marimuthu Clinic,clinic,9.919044,79.139924,node/7831252118
S.S. Speciality Clinic,clinic,10.377012,78.82263,node/7831252119
Muthu Meenakshi Hospitals,hospital,10.3793683,78.8217657,node/7831252120
Veeradipatti Hospital,hospital,10.5753776,79.0707097,node/7831252121
SVS Clinic,clinic,10.379542,78.822724,node/7831252122
Dr. Ramdoss Child Hospital,hospital,10.3898784,78.8063825,node/7831252123
Valliappa Hospital,hospital,10.2536046,78.6593185,node/7831252124
Dr. J.Santhanam Psychiatric Clinic,clinic,11.09912,79.652588,node/7832015547
Kiruthika Clinic,clinic,11.094891,79.635947,node/7832015548
Sudhan Hospital,hospital,11.140418,79.075115,node/7832015549
Annai Eye Hospital,hospital,11.1020521,79.6485355,node/7832015550
Ganesh Hospital Athur,hospital,11.1746271,79.5775265,node/7832015551
Adc Skin Clinic,clinic,11.143715,79.077505,node/7832015552
Vairam Multi Speciality Hospital,hospital,11.098352,79.652974,node/7832015553
Prem Sidhika Hospital,hospital,11.097285,79.652939,node/7832015554
Karaparaksha Clinic,clinic,11.1389196,79.0745639,node/7832015555
Sarojini Children's and Women's Hospital,hospital,11.101075,79.65225,node/7832015556
JKR Piles Fistula Hospital,hospital,11.101344,79.653119,node/7832015559
Vidusha Hospital,hospital,11.102667,79.650633,node/7832015560
Venkades Nursing Home,clinic,11.0979659,79.6528077,node/7832015561
Dr. Padmarajan Clinic,clinic,11.0950982,79.6509196,node/7832015562
Raja Clinic,clinic,11.1373795,79.0742329,node/7832015563
Selvamangala Clinic,clinic,11.1049828,79.646369,node/7832015564
Pazhani Physiotherapy Clinic,clinic,11.1259942,79.0903447,node/7832015565
Rajasekhar Clinic,clinic,11.0944709,79.6347502,node/7832015566
KVS Hospital,hospital,11.13724,79.07433,node/7832015569
Almaa Sidha Care Clinic,clinic,11.10481,79.647363,node/7832015570
Maruti Siddha Hospital,hospital,11.0970981,79.6424075,node/7832015572
As Hospiital,hospital,11.1410538,79.0721399,node/7832015573
S. Elangovam,hospital,11.144266,79.078433,node/7832015574
Sri Sakthi Hospital,hospital,11.09723,79.642438,node/7832015576
Kumaran Hospital,hospital,11.0967084,79.6573404,node/7832015578
Raguraman Children Clinic,clinic,11.0996478,79.6539384,node/7832015579
Shanti Nuring Home,clinic,11.1016641,79.652425,node/7832015580
Kannan Clinic,clinic,11.101816,79.6523854,node/7832015581
Dr. Nagakeerthana Clinic,clinic,11.095513,79.651539,node/7832015583
ABA Clinics,clinic,11.138648,79.074238,node/7832015584
Joseph Eye Hospital,hospital,11.137742,79.0799142,node/7832015585
Rasi Clinic,clinic,11.1405014,79.0745346,node/7832015587
Dr. Nandagopalan Clinic,clinic,11.099184,79.652845,node/7832015588
Suha Priya Hospital,hospital,11.1035958,79.6472522,node/7832015589
Arun Maternity and Child Care Centre,clinic,11.1027711,79.648219,node/7832015590
ESI Hospital,hospital,11.1387235,79.0781279,node/7832015592
Shri Shanmugahomeoclinic,clinic,11.137264,79.074399,node/7832015593
Krupa Clinic,clinic,11.1010116,79.6540178,node/7832015594
Gnanam's Dental Clinic,clinic,11.13978,79.074945,node/7832015595
Santhi Hospital,hospital,11.140068,79.078638,node/7832015596
Ceragem Hospital,hospital,11.09982,79.646531,node/7832015597
Deepam Homoeo Clinic,clinic,11.098802,79.644169,node/7832015598
Little Kirsnha Hospital,hospital,11.103106,79.646342,node/7832015599
Mayiladuthurai Herbocare Hospital,hospital,11.097799,79.658915,node/7832015600
Dr. Ravichandran Clinic,clinic,11.094158,79.6340259,node/7832015601
Dr. Sharran Clinic,clinic,11.096721,79.655154,node/7832015602
Sai Hospital,hospital,11.1022796,79.6480088,node/7832015604
Ayyub ENT Hospital,hospital,11.101862,79.653826,node/7832015605
Sri Balaji Clinical,clinic,11.099243,79.652831,node/7832015606
Dr. Rajesh Kanna Clinic,clinic,11.0992076,79.6535271,node/7832015607
SR Multi Speciality Hospital,hospital,11.0980615,79.6527983,node/7832015608
Dr. S.Vijayakumar Clinic,clinic,11.0988411,79.6442984,node/7832015609
Nalam Hospital,hospital,11.103755,79.650316,node/7832015610
Suga Priya Hospital,hospital,11.1033798,79.6487139,node/7832015611
Bismi Hospital,hospital,11.092435,79.648159,node/7832015613
VGR Hospital,hospital,11.13999,79.070714,node/7832015614
Subaitha Dental Clinic,clinic,11.1013851,79.6521566,node/7832015615
Dr. Ramamoorthy Hospital,hospital,11.1009447,79.6522514,node/7832015616
Dr. Sowmithya Banu Clinic,clinic,11.099811,79.65475,node/7832015617
Sidharth Eye and ENT Hospital,hospital,11.143425,79.069005,node/7832015618
Ponnusamy Hospital,hospital,11.1363755,79.0723104,node/7832015619
Shri Kamatchi Physiotherapy Clinic,clinic,11.102994,79.64898,node/7832015621
Karthikeyan Clinic,clinic,11.0929402,79.6482756,node/7832015623
Punnagai Dental Hospital,hospital,11.1009819,79.6525225,node/7832015624
AS Physiotherapy Clinic,clinic,11.136262,79.075407,node/7832015625
Bhuvaneswari Hospital,hospital,10.780637,79.632445,node/7832218573
Suresh Kumar Clinic,clinic,10.777341,79.634752,node/7832218574
Deepam Homoeo Clinic,clinic,10.7779906,79.634686,node/7832218576
Government Hospital,hospital,10.7640017,79.639955,node/7832218577
Medall Care Centre Plus,clinic,10.7600172,79.8407061,node/7832218578
Psk Hospital,hospital,10.774901,79.840678,node/7832218581
Dr. Balakumaravelu Hospital,hospital,10.8571394,79.4830277,node/7832218583
Dr. G Sethuraman Clinic,clinic,10.9328808,79.6521421,node/7832218584
Amirtha Homoeo Clinic,clinic,10.773914,79.6356713,node/7832218585
Ramanan Hospital,hospital,10.763601,79.842683,node/7832218586
Cahandra Laka Nursing Homes,hospital,10.774226,79.633858,node/7832218588
Sugam Clinic,clinic,10.962308,79.661816,node/7832218589
Dr. T Jayakumari Hospital,hospital,10.76533,79.676238,node/7832218590
Sri Rudra Clinic,clinic,10.933546,79.650764,node/7832218591
Health Care Centre,clinic,10.8144227,79.6070566,node/7832218592
AKR Hospital,hospital,10.7766606,79.6381227,node/7832218593
Herbocare Hospital,hospital,10.78103,79.8400124,node/7832218594
Moon Clinic,clinic,10.961696,79.660687,node/7832218595
Nalam Acupuncture Clinic,clinic,10.774845,79.635991,node/7832218596
Santhra Segar Hospital,hospital,10.774674,79.8397,node/7832218597
Primary Hospital,hospital,10.870176,79.595111,node/7832218598
Sri Vasavi Baby clinic,clinic,10.777525,79.635082,node/7832218599
Ortho Care Clinic,clinic,10.775485,79.840193,node/7832218600
Vandampalai Lions Eye Hospital,hospital,10.80912,79.637739,node/7832218601
Kumaraguru Hospital,hospital,10.7748849,79.616972,node/7832218602
DM Clinic,clinic,10.7770839,79.6295916,node/7832218603
Sri Revathi Siddha Clinic,clinic,10.774752,79.61726,node/7832218604
Meenakshi Clinic,clinic,10.98191,79.689613,node/7832218605
Sankara Danvanthiri Hospital,hospital,10.857678,79.482981,node/7832218606
G.K. Clinic,clinic,10.7775612,79.6267097,node/7832218609
Nava Jeevan Hospital,hospital,10.779545,79.609903,node/7832218610
Murugappan Hospital,hospital,10.774713,79.840272,node/7832218611
Mother Medi Care,clinic,10.7774839,79.6268781,node/7832218612
Gnanam Clinical,clinic,10.7672448,79.6393344,node/7832218613
Dr.Dev ENT Clinic,clinic,10.773921,79.634133,node/7832218614
Dr. Praveen Kumar Clinic,clinic,10.933338,79.651239,node/7832218615
Chandrasekar Hospital,hospital,10.774919,79.8384182,node/7832218617
Park Hospital,hospital,10.7610454,79.8408982,node/7832218618
SMK Neuro Clinic,clinic,10.7777622,79.6292176,node/7832218619
Amk Hospital,hospital,10.7652282,79.8405213,node/7832218621
Dr. Rajesh Kidney Stone Centre,clinic,10.7770498,79.6307608,node/7832218622
Vijayas Superspeciality Dental Centre,hospital,10.779481,79.840216,node/7832218623
Sri Maaruthi Siddha and Ayurvedic Clinic,clinic,10.770515,79.635971,node/7832218626
Abinidhi Scans,clinic,10.768834,79.841386,node/7832218628
AB Nursing Home,hospital,10.773541,79.636119,node/7832218629
Dr. Jagadeesan Clinic,clinic,10.7745091,79.6326205,node/7832218630
SP Ortho Clinic,clinic,10.7634098,79.8407408,node/7832218632
SRK Physio Clinic,clinic,10.776494,79.637011,node/7832218633
Shek Dawth Hospital,hospital,10.765595,79.842405,node/7832218634
Dr. M.C. Surgical Clinic,clinic,10.774327,79.8396118,node/7832218635
Dr. Vignesh Ortho Care Centre,clinic,10.7769619,79.6309246,node/7832218637
Karmel Clinic,clinic,10.9587825,79.7076214,node/7832218638
Thiyagaraja Clinic,clinic,10.775503,79.636809,node/7832218639
Sri Maha Physio & Acupuncture Clinic,clinic,10.7759745,79.6186309,node/7832218640
Dr. NMI Sahul Clinic,clinic,10.7638732,79.6831992,node/7832218641
RJR Hospital,hospital,10.7770791,79.838248,node/7832218643
Srivaris Hospital,hospital,10.762093,79.839897,node/7832218644
Aaira Eye Hospital,hospital,10.781074,79.634239,node/7832218645
Tharanika Clinic,clinic,10.727239,79.629986,node/7832218646
V K Ayurveda Hospital,hospital,10.7747396,79.6289664,node/7832218647
Sri Jeyam Hospital,hospital,10.759569,79.640025,node/7832218648
Shri AP Siddha Hospital,hospital,10.754015,79.63592,node/7832218650
Dr. Bhat's Nursing Home,clinic,10.9624811,79.6618708,node/7832218651
Siddha Hospital,hospital,10.77768,79.634273,node/7832218653
NSS Hospital,hospital,10.763828,79.843334,node/7832218654
Government Hospital,hospital,10.443537,79.589063,node/7832738740
Rangeshwara Clinic,clinic,10.665497,79.447763,node/7832738743
Sri Ramajayam Clinic,clinic,10.667163,79.446526,node/7832738744
Sri Venkateshwara Clinic,clinic,10.6634898,79.4484601,node/7832738745
Ananya Fertility Centre,clinic,10.532604,79.639485,node/7832738746
Saravanakkumar Clinic,clinic,10.663187,79.44754,node/7832738747
Siru Korukkai,hospital,10.527145,79.694403,node/7832738748
GSK Physiotherapy Clinic,clinic,10.5363239,79.6387394,node/7832738749
Government Hospital,hospital,10.596984,79.425105,node/7832738750
Monimala Clinic,clinic,10.5369613,79.6380445,node/7832738752
Arul Vijay Clinic,clinic,10.6627292,79.4529869,node/7832738753
Mithra Clinic,clinic,10.666879,79.445208,node/7832738754
Dr.Vengadachalapathi Hospital,hospital,10.548498,79.521422,node/7832738755
Korakar Sidha Research Centre,clinic,10.672918,79.440392,node/7832738756
AMA Clinic,clinic,10.5149164,79.6299557,node/7832738757
Veeramani Clinic,clinic,10.444823,79.558508,node/7832738760
Keerthi Clinic,clinic,10.661034,79.450453,node/7832738762
Primary Hospital,hospital,10.5896473,79.3865413,node/7832738763
Dr.Bose Clinic,clinic,10.6628297,79.4529831,node/7832738764
MK Hospital,hospital,10.662356,79.449919,node/7832738765
Sadhik Hospital,hospital,10.50106,79.661566,node/7832738766
Santhosh Hospitals,hospital,10.663304,79.452983,node/7832738767
Abdul Kavi Clinic,clinic,10.663128,79.445994,node/7832738770
Amburose Clinic,clinic,10.5008731,79.661853,node/7832738771
M.S Hospital,hospital,10.6635936,79.4465559,node/7832738773
Dr.Srinivasaraghavan Ortho Clinic,clinic,10.664986,79.4468546,node/7832738774
Rengeshwara Clinic,clinic,10.666277,79.448044,node/7832738775
G N Eye Hospital,hospital,10.6621746,79.4566966,node/7832738776
Marimuthu Clinic,clinic,10.598043,79.4137011,node/7832738777
Dr. Ganesan Hospital,hospital,10.3999594,79.4968062,node/7832738778
Dharmarajan Clinic,clinic,10.662599,79.451916,node/7832738779
Kamatchi Hospital,hospital,10.663999,79.448481,node/7832738780
Chandrasekar Childrens Clinic,clinic,10.6619358,79.4584096,node/7832738782
Yasoda Hospital,hospital,10.399427,79.495263,node/7832738783
Karunagaran Clinic,clinic,10.6637666,79.4481828,node/7832738784
Indira Hospital,hospital,10.532221,79.640463,node/7832738785
Dr. Vijayakumar Hospital,hospital,10.399379,79.497518,node/7832738787
R.K. Hospital,hospital,10.663276,79.4480238,node/7832738788
Parvathi Clinic,clinic,10.5346,79.638336,node/7832738789
Ashok Physiotherapy Clinic,clinic,10.66906,79.44348,node/7832738791
Kamakshi Hospital,hospital,10.663492,79.4465617,node/7832738793
Dr.Dev ENT Clinic & G.T Medicals,clinic,10.536861,79.6380021,node/7832738795
Dr. Ravindran Clinic,clinic,10.66374,79.453723,node/7832738796
Jaya Child Care Hosptial,hospital,10.5361279,79.6350956,node/7832738797
Aravind Clinic,clinic,10.6628921,79.4520441,node/7832738798
Thaiyal Nayagi Clinic,clinic,10.6628779,79.4484061,node/7832738799
Saravana Clinic,clinic,10.663104,79.452792,node/7832738800
Sugam Siddha Hospital,hospital,10.666597,79.3930518,node/7832738801
Ponmalligai Multi Speciality Hospital,hospital,10.3987599,79.4971012,node/7832738802
Vedhika Clinic,clinic,10.6583867,79.4452125,node/7832738803
Natharsha Clinic,clinic,10.663135,79.451796,node/7832738805
Gowri Shankar Clinic,clinic,10.662889,79.451686,node/7832738806
Sarathy Hospital,hospital,10.536433,79.638343,node/7832738807
Jeeva Hospital,hospital,10.531634,79.640476,node/7832738808
Deeksha Clinic,clinic,10.6613281,79.4522005,node/7832738809
Cherish Psychological Counselling Centre,clinic,10.66293,79.452908,node/7832738810
Abby Clinic,clinic,10.66213,79.456422,node/7832738814
Bharathiselvan Heart Hospital,hospital,10.6604908,79.4450247,node/7832738816
Dr. Prakash Murthy Clinic,clinic,10.6619,79.4563689,node/7832738818
Athiyaman Hospital,hospital,10.534985,79.638295,node/7832738819
Raj Clinic,clinic,10.5982881,79.4142499,node/7832738820
K Sumathi Clinic,clinic,10.6640776,79.4536472,node/7832738822
Bogars Health Centre,clinic,10.5362651,79.6389868,node/7832738823
Government Hospital,hospital,10.6035449,79.5642488,node/7832738825
Devendran Clinic,clinic,10.536148,79.634937,node/7832738826
Dr. Thaiyalnayaki Thangamani Hospital,hospital,10.662878,79.449038,node/7832738827
Rukmani Hospital,hospital,10.3998581,79.4990654,node/7832738828
Muthamizh Physiotherapy Clinic,clinic,10.662808,79.451744,node/7832738830
Sri Vindh Clinic,clinic,10.6635191,79.4536281,node/7832738832
Neelakandan Clinic,clinic,10.926347,79.264076,node/7832933529
MK Sivaguru Physio Clinic,clinic,10.927323,79.262553,node/7832933530
Dr. Anthonysamy Hospital,hospital,10.9597669,79.3325202,node/7832933531
MK Physiotheraphy Clinic,clinic,10.9269252,79.2628657,node/7832933532
Palani Swami Hospital,hospital,10.9459427,79.2643821,node/7832933534
JB Hospital,hospital,10.7040454,79.5232933,node/7832933535
Pasumai 24 hours Hospital,hospital,10.741375,79.504647,node/7832933538
Neela Sundaram Clinic,clinic,10.985419,79.398434,node/7832933539
Thilagavathy Poly Clinic,clinic,10.9271599,79.2625096,node/7832933540
Puththur Hospital,hospital,10.948469,79.374131,node/7832933541
Sanmugaraajaa Clinic,clinic,10.9266106,79.2631897,node/7832933542
S R Baby Clinic,clinic,10.9239582,79.2634159,node/7832933543
Faridha Hospital,hospital,10.9196222,79.2419179,node/7832933545
Gayatri Hospital,hospital,10.9886126,79.4355322,node/7832933546
Sellamuthu Ayurvedic Ortho Treatment Centre,clinic,10.926877,79.261026,node/7832933547
AMS Clinic,clinic,10.7078505,79.5206269,node/7832933549
Rubha Siddha Clinic,clinic,10.7733598,79.4159765,node/7832933551
Government Hospital,hospital,10.9373179,79.243103,node/7832933554
MMR Siddha Hospital,hospital,11.0934241,79.4538105,node/7832933555
Velumathi Homoeo Clinic,clinic,10.7133013,79.5122584,node/7832933556
Sugam Clinic,clinic,10.9200492,79.2438698,node/7832933557
Aswa Hospital,hospital,10.8917212,79.395332,node/7832933558
Ramani Clinic,clinic,10.917289,79.444738,node/7832933560
K J Maternity Home,clinic,11.1317863,79.5178908,node/7832933561
Athikkadai Hospital,hospital,10.7509725,79.5001345,node/7832933562
Elango Clinic,clinic,10.698003,79.325909,node/7832933564
Suldhan Habiba Hospital,hospital,10.7351686,79.5070521,node/7832933565
Arul Hospital,hospital,11.0139607,79.4815777,node/7832933566
Sacred Heart Hospital,hospital,10.9555173,79.4050757,node/7832933567
Dr. K V Ramkumar Clinic,clinic,11.0553938,79.4131822,node/7832933568
Annai Aadhuraham Hospice,hospital,10.960847,79.342261,node/7832933569
Dr. Arunachalam Hospital,hospital,11.0542052,79.412163,node/7832933570
St. Paul's Hospital,hospital,10.929973,79.287802,node/7832933571
G J H Herbals Hair Care Clinic,clinic,11.0554078,79.4127153,node/7832933572
Orthopaedic Clinic,clinic,10.9274965,79.262545,node/7832933573
Saromani Hospital,hospital,11.054086,79.4121471,node/7832933574
Annai Hospital,hospital,11.091394,79.455289,node/7832933575
R. R. Clinic,clinic,11.1318148,79.5176092,node/7832933576
Government Hospital,hospital,10.926099,79.262681,node/7832933577
Mehaboop Hospital,hospital,11.0181,79.481596,node/7832933579
Kudanthai Hospital,hospital,10.986026,79.398814,node/7832933580
Dr. Sambasivam Childrens Hospital,hospital,11.017575,79.47967,node/7832933581
Dr.Nilagiri Sargi Clinic,clinic,10.9264577,79.264167,node/7832933583
Government Hospital,hospital,10.9588954,79.3275842,node/7832933584
Dr. R. Kalanithi Clinic,clinic,11.0934489,79.4536001,node/7832933585
Annadurai Hospital,hospital,10.772889,79.415822,node/7832933586
Government Hospital,hospital,10.773405,79.416816,node/7832933587
Arun Clinic,clinic,11.0937069,79.4534836,node/7832933589
Ko.C.Mani Madhi Clinic,clinic,11.1325509,79.4538589,node/7832933590
Thaiyanayaki Clinic,clinic,10.713348,79.513541,node/7832933591
Skin Clinic,clinic,11.055866,79.41209,node/7832933592
Nedumaran Hospital,hospital,10.770698,79.416214,node/7832933594
Tharaghai Clinic,clinic,10.8976387,79.3257982,node/7832933595
Radha Clinic,clinic,11.0173444,79.4792206,node/7832933596
Medway Hospital,hospital,10.97848,79.41375,node/7832933597
Jayalakshmi Clinic,clinic,10.95588,79.327749,node/7832933599
Pavunpaappa Hospital,hospital,10.926535,79.260185,node/7832933600
Government Hospital,hospital,10.905856,79.3308162,node/7832933601
Kumaran Clinic,clinic,10.959628,79.331658,node/7832933602
Surabi Ayurveda Clinic,clinic,10.9502363,79.356973,node/7832933603
Annai Naturopathy Hospital,hospital,11.030524,79.412666,node/7832933604
Saradha Memorial Poly Clinic,clinic,10.9564979,79.3842674,node/7836354418
Prithvi Clinic Suresh Kumar,clinic,10.958005,79.390694,node/7836354419
Cancer Hospital,hospital,10.9641495,79.3927394,node/7836354420
MKS Clinic,clinic,10.956841,79.3745528,node/7836354422
Pattus Hospital,hospital,10.957929,79.380754,node/7836354423
Anandham Heart Care Clinic,clinic,10.9592296,79.3896416,node/7836354424
Sha Ahamed Hospital,hospital,10.958578,79.390299,node/7836354426
Sriram Homeo Clinic,clinic,10.960565,79.395886,node/7836354427
Sri Kamala Nenthra Eyes Hospital,hospital,10.962433,79.378441,node/7836354429
Mathimalar Clinic,clinic,10.958625,79.390289,node/7836354431
Arundhathi Clinic,clinic,10.9589831,79.3893013,node/7836354432
Dhamotheran Child Hospital,hospital,10.960273,79.393457,node/7836354433
Sandha Clinic,clinic,10.954852,79.381012,node/7836354434
Dr. Arun Peadiatric Physiotherapy,clinic,10.9649079,79.3880814,node/7836354435
Dr.C. Balaji Clinic,clinic,10.9568441,79.3644982,node/7836354437
Herbocare Hospital,hospital,10.964416,79.393248,node/7836354438
Vasan Eye Care,clinic,10.959284,79.380889,node/7836354439
Vejaiyea Hospital,hospital,10.959441,79.381463,node/7836354440
Rishicase Hospital,hospital,10.9594157,79.3897504,node/7836354441
Chirsthuraj Clinic,clinic,10.9558632,79.3888415,node/7836354442
"Dr.Malik, Ilham Clinic",clinic,10.9578984,79.3764979,node/7836354443
Kumbakonam Fertility Centre,clinic,10.9567636,79.3792624,node/7836354444
Arogya Siddha Hospital,hospital,10.9536685,79.3871316,node/7836354445
Habisabi Hospital,hospital,10.967431,79.369959,node/7836354446
Sri Siddhar Garden,hospital,10.956652,79.383052,node/7836354447
Dr.Rajasekaran Clinic,clinic,10.956689,79.375401,node/7836354449
Diabetic Care Centre,clinic,10.960398,79.389508,node/7836354451
Raja Bone Hospital,hospital,10.9709,79.3795366,node/7836354453
Dr. Arvind Vision Care,clinic,10.966773,79.377854,node/7836354454
Sarathalayam Ayurvedic Hospital,hospital,10.959098,79.390046,node/7836354455
M.S. Clinic,clinic,10.956279,79.386678,node/7836354456
Amirthaalaya Siddha and Ayurveda Hospital,hospital,10.959176,79.389242,node/7836354457
MAN Hospital,hospital,10.961832,79.382114,node/7836354458
Bhagavan Dental Clinic,clinic,10.958216,79.372636,node/7836354459
Royal Clinic,clinic,10.954358,79.380771,node/7836354460
Dr. T.P.R Hospital,hospital,10.956878,79.3755665,node/7836354462
N.M Hospital,hospital,10.958696,79.38892,node/7836354463
Thuya Irudhaya Hospital,hospital,10.957515,79.390195,node/7836354464
MS Clinic,clinic,10.955542,79.38892,node/7836354465
Sri Gurunathar Clinic,clinic,10.9553591,79.3713551,node/7836354466
SAR Hospital,hospital,10.958436,79.37942,node/7836354469
Arul Hospital,hospital,10.9566501,79.3656874,node/7836354470
Physiotherapy Clinic,clinic,10.965121,79.377993,node/7836354471
Ashwin Surgi Clinic,clinic,10.9560558,79.3870046,node/7836354472
GKM Eye Hospital,hospital,10.958996,79.380532,node/7836354473
Youth Hospital,hospital,10.958408,79.373633,node/7836354474
Aaysha Clinic,clinic,10.964037,79.383668,node/7836354475
SV Clinic,clinic,10.9579527,79.3695452,node/7836354476
K. Nilamagam Hospital,hospital,10.962332,79.370174,node/7836354478
Kumar Hospital,hospital,10.969216,79.377375,node/7836354480
Sriram Chest Clinic,clinic,10.9604576,79.3959235,node/7836354481
St. Martin's Hospital,hospital,10.956352,79.383189,node/7836354482
Hindu Mission Hospital,hospital,10.9642024,79.3927065,node/7836354485
Shruthi Health Centre,clinic,10.957229,79.393147,node/7836354486
Balasubramanian Doctor Clinic,clinic,10.957986,79.37152,node/7836354487
Kathir Hospital,hospital,10.961672,79.386569,node/7836354488
Saratha Hospital,hospital,10.9566324,79.3841146,node/7836354489
Neomed Hospital,hospital,10.9572767,79.3917893,node/7836354490
Mangai Sivan Hospital,hospital,10.9570557,79.3825497,node/7836354492
Dr. Virudhagiri Hospital,hospital,10.963526,79.397686,node/7836354493
Srinivasa Vaithiyar Siddha Hospital,hospital,10.8810823,79.1074185,node/7836402140
GTM Health Care,clinic,10.718525,79.0622771,node/7836402142
KK Clinic,clinic,10.484537,79.396047,node/7836402144
Velayuthem Hospital,hospital,10.6226047,79.2544668,node/7836402145
Government Hospital,hospital,10.421764,79.424862,node/7836402146
Msk Clinic,clinic,10.8968805,79.1975272,node/7836402148
Government Hospital,hospital,10.863755,79.005244,node/7836402149
RCP Hospital,hospital,10.6226114,79.2532918,node/7836402150
Apsara Best Physiotheraphy Centre,clinic,10.3998108,79.3833486,node/7836402152
Government Hospital,hospital,10.861862,79.03943,node/7836402153
Muthukumaran Clinic,clinic,10.6277482,79.2534084,node/7836402154
Thamarai Hospital,hospital,10.485245,79.396418,node/7836402155
Sri Vishnu Clinic,clinic,10.6262648,79.2526469,node/7836402156
Keerthi Hospital,hospital,10.627533,79.253079,node/7836402157
PNPPCT Hospital,hospital,10.790809,79.303349,node/7836402158
Pushpa Hospital,hospital,10.484043,79.39431,node/7836402160
Sri Venkateswara Hospital,hospital,10.484552,79.395811,node/7836402161
Meenakshi Hospital,hospital,10.9051876,79.2056556,node/7836402162
Krishnan Hospital,hospital,10.7873614,78.9797146,node/7836402163
Razia Clinic,clinic,10.9015622,79.1956721,node/7836402164
Mullai Hospital,hospital,10.387469,79.461608,node/7836402165
Danapal Hospital,hospital,10.48024,79.3931102,node/7836402166
Al Raahath Hospital,hospital,10.896193,79.1990049,node/7836402167
Dr. R.Mahalingam Hospital,hospital,10.8605313,79.1089035,node/7836402168
Sornamullai Hospital,hospital,10.484021,79.39467,node/7836402169
Iyyaru Poly Clinic,clinic,10.8800379,79.1042345,node/7836402170
Rural Micro Health Centre,clinic,10.637405,79.347567,node/7836402171
Sivaguru Physio Clinic,clinic,10.900114,79.193905,node/7836402173
Maryam Hospital,hospital,10.8989035,79.1977059,node/7836402176
BM Clinic,clinic,10.7602818,79.3115641,node/7836402177
Annai Clinic,clinic,10.4842498,79.3957412,node/7836402178
Government Hospital,hospital,10.771673,79.050058,node/7836402179
R.R. Hospital,hospital,10.87405,79.104608,node/7836402180
Surya Hospital,hospital,10.789422,78.979433,node/7836402182
Shree Sai Clinic,clinic,10.8809073,79.1078751,node/7836402183
AJ Clinic,clinic,10.8608256,79.0791759,node/7836402185
Jamaliya Hospital,hospital,10.485137,79.396369,node/7836402186
M.N.Clinic,clinic,10.897649,79.1875785,node/7836402187
Dr. Hanif Hospital,hospital,10.3431618,79.383939,node/7836402188
Padmavathy Hospital,hospital,10.485014,79.396056,node/7836402190
Ahanya Hospital,hospital,10.5343859,79.2823989,node/7836402193
Selvaraj Clinic,clinic,10.340771,79.383789,node/7836402195
Government Primary Hospital,hospital,10.76659,79.071235,node/7836402196
Government Hospital,hospital,10.397753,79.4088372,node/7836402197
Raja Hospital,hospital,10.4843505,79.3950439,node/7836402200
Dr. Sugapriya Clinic,clinic,10.7185859,79.0604326,node/7836402201
Ponmalligai Hospital,hospital,10.387387,79.461409,node/7836402202
Government Hospital,hospital,10.520079,79.398261,node/7836402203
DKS Clinic,clinic,10.781978,79.274013,node/7836402204
Dr. Sundar Raman Clinic,clinic,10.858089,79.238098,node/7836402205
Dr. Rani Hospital,hospital,10.858197,79.007463,node/7836402206
Dr. S Prakasam Clinic,clinic,10.4801599,79.3957501,node/7836402208
Dr.R.Rajendran Clinic,clinic,10.627672,79.253453,node/7836402209
Balakrishnan Hospital,hospital,10.3415497,79.3872294,node/7836402210
Nila Psychiatric Hospital,hospital,10.704411,79.052821,node/7836402212
ABC Clinics,clinic,12.129608,78.157027,node/7838884098
Ap Hospital,hospital,12.128501,78.157373,node/7838884099
Nagaraj Hospital,hospital,12.1106251,78.1518148,node/7838884100
Vinod Child Care,clinic,12.1281934,78.1578389,node/7838884101
Vishal Hospital,hospital,12.1067011,78.1361487,node/7838884102
Kamala Nehru Hospital,hospital,12.13404,78.1633476,node/7838884103
Jyothi Laser Eye Hospital,hospital,12.1324296,78.1643197,node/7838884104
Shyam Sundar Hospital,hospital,12.1311917,78.1638458,node/7838884105
The Light Eye Hospital,hospital,12.1321184,78.1594,node/7838884106
Bee Tee Clinic,clinic,12.138889,78.1576748,node/7838884107
Janani Maternity and Child Health Clinic,clinic,12.1251513,78.1582696,node/7838884108
Ammakannu Hospital,hospital,12.119828,78.1566101,node/7838884109
Sheela Clinic,clinic,12.138725,78.1573436,node/7838884110
BGR Hospital,hospital,12.1308406,78.1610398,node/7838884111
Dr. Asokan Skin and ENT Care,clinic,12.1321209,78.1639804,node/7838884112
Ramesh Clinic,clinic,12.1272995,78.1582422,node/7838884113
S.K. Clinic,clinic,12.0969793,78.1400279,node/7838884114
Sri Sai Sakthi Siddha Hospital,hospital,12.0965297,78.1396218,node/7838884115
Venkatesh Ortho Trauma Hospital,hospital,12.1301667,78.1614714,node/7838884116
Nagaraj Hospital,hospital,12.1313002,78.1637853,node/7838884117
Bharani Neurologist,clinic,12.135969,78.16255,node/7838884118
SSS Hospital,hospital,12.1313019,78.1603435,node/7838884119
Vinayaga Poly Clinic,clinic,12.1255515,78.15816,node/7838884120
Sanjith Cilinic,clinic,12.1298762,78.1531084,node/7838884121
Sri Maruthi Clinic and Scans,clinic,12.095525,78.1386931,node/7838884123
Sri Annai Hospital,hospital,12.1299576,78.1614455,node/7838884124
Sugam Hospital,hospital,12.0950124,78.1247908,node/7838884125
Arul Hospital,hospital,12.1309667,78.157854,node/7838884126
D N V Polyclinic,clinic,12.1130163,78.1520119,node/7838884127
Sri Dhaya Clinic,clinic,12.1314423,78.1622991,node/7838884130
MMM Children & Skin Care Hospital,hospital,12.1282265,78.1576734,node/7838884131
Ssk Hospital,hospital,12.1188726,78.1565367,node/7838884133
Kumudha Hospital,hospital,12.1324596,78.1620599,node/7838884134
D.N.V Hospital,hospital,12.1351328,78.162869,node/7838884135
Ayisha Ayurvedic Clinic,clinic,12.1203099,78.1514403,node/7838884136
Gowri Eye Hospital,hospital,12.1327566,78.1618526,node/7838884137
Sri Dhahalakshmi Child Care Centre,clinic,12.1308627,78.1640471,node/7838884139
Mahendran Dental Hospital,hospital,12.1328544,78.1615842,node/7838884141
Maruthi Mind Care,clinic,12.1335944,78.1592428,node/7838884142
Pragadeesh Hospital,hospital,12.135284,78.1591867,node/7838884143
Dharmapuri Cancer Centre,hospital,12.1252142,78.1574084,node/7838884144
Usha Hospital,hospital,12.1259805,78.1586924,node/7838884145
M.K Speciality Clinic,clinic,12.1252999,78.1583306,node/7838884147
Sonushree Clinic,clinic,12.1105445,78.1519637,node/7838884148
Samvruth Hospital,hospital,12.1145527,78.1550961,node/7838884149
Rajarajan Hospital,hospital,12.1308139,78.1614702,node/7838884150
Ragavendra Physiotherapy Clinic,clinic,12.135569,78.1635247,node/7838884151
Apollo Homeo Clinic,clinic,12.104278,78.147159,node/7838884152
Kamatchi Hospital,hospital,12.1350608,78.1594841,node/7838884153
Guru Bone & Joint Care,clinic,12.127949,78.157032,node/7838884154
Samyuktha Hospital,hospital,12.1283621,78.1606407,node/7838884155
Suguna Clinic,clinic,12.1386752,78.1575468,node/7838884156
Nalam Hospital,hospital,12.1099261,78.1515817,node/7838884157
Homoeopathy & Herbal Clinic,clinic,12.1040673,78.1471714,node/7838884158
Sundaramurthy Hospital,hospital,12.131624,78.155903,node/7838884159
Sugam Polyclinic,clinic,12.1323296,78.1629319,node/7838884160
Alex Ortho Care,clinic,12.125915,78.1586122,node/7838884161
Raaj Ortho Care Hospital,hospital,12.1325581,78.163019,node/7838884162
Navina Hospital,hospital,12.1367521,78.1610296,node/7838884163
Kala Eye Hospital,hospital,12.1208845,78.1582225,node/7838884165
Vijaya Hospital,hospital,12.1399758,78.1532115,node/7838884166
Guru Hospital,hospital,12.1229939,78.1587116,node/7838884167
Med Health Superspeciality Clinic,clinic,12.1312842,78.1592494,node/7838884168
Malar Siddha Clinic,clinic,12.1350485,78.159226,node/7838884169
Govindaraj Clinic,clinic,12.1344914,78.1642372,node/7838884170
Almaa Siddha Care Clinic,clinic,12.1100673,78.1512294,node/7838884171
Sree Dhanalakshmi Hospital,hospital,12.1323769,78.1631872,node/7838884172
Sri Priya Hospital,hospital,12.135347,78.164391,node/7838884174
Divyasri Clinic,clinic,9.8476856,78.6322095,node/7839252113
Dr. Alagappan's Kidney Care Center,clinic,10.0764497,78.7736582,node/7839252114
Arulmani Clinic,clinic,10.0740001,78.7739092,node/7839252115
Dr. Babu Skin Clinic,clinic,10.073668,78.775165,node/7839252116
Jedaiah Steve Hospital,hospital,10.077245,78.784929,node/7839252117
RJR Herbal Hospital,hospital,10.0768347,78.7813266,node/7839252118
Naane Naana Skin Clinic & Hospital,clinic,10.073571,78.775775,node/7839252119
Varshini Hospital,hospital,10.0720261,78.7749887,node/7839252120
Chettinad Bone and Joint Centre,clinic,10.073891,78.778266,node/7839252121
Lakshmi Clinic,clinic,10.0717392,78.7884336,node/7839252122
Meenakshi Nursing Home,hospital,10.0832455,78.7670744,node/7839252124
Srinivas Children Hospital,hospital,10.07272,78.777909,node/7839252125
Kochadaiyan Hospital,hospital,10.0769744,78.7733618,node/7839252126
Annai Hospital & Diabetic Care Centre,hospital,10.076688,78.76402,node/7839252127
Archana Clinic,clinic,9.9871127,78.6670465,node/7839252128
Anandhi Hospital,hospital,10.0744825,78.7760589,node/7839252129
German Clinic,clinic,10.081818,78.7671279,node/7839252130
Rathnaa Fertility Centre,clinic,10.078971,78.775613,node/7839252131
Lakshmi Fertility Centre,clinic,10.0748,78.775449,node/7839252132
Kval Hospital,hospital,10.107743,78.7948,node/7839252133
Sri Lakshmi Surgical Clinic,clinic,10.08569,78.775762,node/7839252134
Hemalatha Hospital,hospital,9.8431361,78.6379554,node/7839252135
Dr. Manivannan Hospital,hospital,10.075287,78.7636158,node/7839252137
Raj Childerns Hospital,hospital,10.078287,78.779199,node/7839252138
Sahayarani Hospital,hospital,9.845606,78.6411362,node/7839252139
Natesan Hospital,hospital,10.102346,78.845004,node/7839252140
Kaanal Koviloor Eye Hospital,hospital,10.079208,78.744695,node/7839252142
Jalal Dental Multispeciality Hospital,hospital,10.0885247,78.7800039,node/7839252143
Sri Sai Clinic,clinic,10.0757592,78.7805553,node/7839252145
Global Kidney Stone Centre,clinic,10.0760104,78.7741055,node/7839252146
Maraiyapan Clinics,clinic,10.0717504,78.7885443,node/7839252147
Abdulla Mission Hospital,hospital,10.0729261,78.7727491,node/7839252150
Vasan Eye Care Hospital,hospital,10.079139,78.781419,node/7839252151
Vinayaga Neuro Speciality Hospital,hospital,10.071853,78.7651635,node/7839252152
Sahaya Serin Ayurvedic Health Centre,clinic,9.8483843,78.6428084,node/7839252153
Aravind Eye Hospital,hospital,9.8449261,78.637713,node/7839252154
Mullai Clinic,clinic,10.0801348,78.7777109,node/7839252155
SP Homeo Care,clinic,10.079014,78.775676,node/7839252156
Sri Rajamani Clinic,clinic,9.8442278,78.638007,node/7839252157
Veera Ortho Care Hospital,hospital,10.0789186,78.7775129,node/7839252158
Sivakami Surgical Clinic,clinic,9.843116,78.638087,node/7839252160
Rasu Doctor Clinic,clinic,10.0692727,78.7757983,node/7839252161
TKS Hospital,hospital,10.072556,78.779364,node/7839252162
Om Herbals,hospital,10.075801,78.780713,node/7839252165
Benny Hospital,hospital,10.081488,78.774577,node/7839252166
Government Hospital,hospital,10.013091,78.697266,node/7839252167
Boopathy Clinic,clinic,10.1010615,78.8439802,node/7839252168
Rithika Clinic,clinic,10.0820793,78.7757657,node/7839252169
Dr.Pandiyarajan Clinic,clinic,10.1000386,78.8437502,node/7839252170
Health Center,clinic,10.0832551,78.7963881,node/7839252171
Devakumar Hospital,hospital,10.085212,78.775126,node/7839252172
Mayalagu Clinic,clinic,9.846123,78.642867,node/7839252173
Aravind Vision Centre,clinic,9.8442384,78.6376987,node/7839252174
Sagayarani Hospital,hospital,9.8452411,78.6407961,node/7839252177
Jp Ortho Hospital,hospital,10.0749278,78.7746338,node/7839252178
ENT Hospital,hospital,10.0738914,78.7738027,node/7839252179
Kallal Clinic,clinic,9.987477,78.6659,node/7839252180
Abhidevi Physiotherapy Clinic,clinic,10.085114,78.775132,node/7839252181
Manoharan Hospital,hospital,10.071364,78.780549,node/7839252182
Homoeo Clinic,clinic,10.0835126,78.783646,node/7839252184
Shiva Poly Clinic,clinic,10.0709888,78.7647174,node/7839252185
Narayana Moorthi Hospital,hospital,9.8442089,78.6379852,node/7839252186
Sridhar Eye Hospital,hospital,10.0698756,78.7837188,node/7839252187
Kishore Clinic,clinic,9.986947,78.667027,node/7839252188
Mani Clinic,clinic,10.0732898,78.7744672,node/7839252191
Raju Physiotherapy Clinic,clinic,9.848262,78.636627,node/7839252192
Peerkalaikadu Government Hospital,hospital,10.10273,78.915361,node/7839252194
Marutha Kanmoi Hospital,hospital,9.87177,78.661558,node/7839252195
Srimadhi Hospital,hospital,9.8441884,78.63801,node/7839252196
RR.Ortho Clinic,clinic,12.4912278,78.5643301,node/7839263811
Alex Ortho Care,clinic,12.4908419,78.5668835,node/7839263812
Dr.Balasubramanian Clinic,clinic,12.4905745,78.5637684,node/7839263813
Muhammad Clinic,clinic,12.4925059,78.5731555,node/7839263814
Dr. Balasubramaniyan Hospital,hospital,12.490453,78.5642669,node/7839263816
Mithra Clinic,clinic,12.4877481,78.563195,node/7839263817
Sri Kumaran Clinic,clinic,12.6260288,78.7518589,node/7839263818
Dr. A. Chandranathan Clinic,clinic,12.4901106,78.5672786,node/7839263819
Akshaya Fertility Centre,clinic,12.4904082,78.5643013,node/7839263820
Dr. Senthil Child Care Specialist,clinic,12.4961129,78.567501,node/7839263821
Reva Hospital,hospital,12.6434241,78.5667522,node/7839263822
Sapthaghiri Hospital,hospital,12.49228,78.565861,node/7839263823
Dr. Boopathi Hospital,hospital,12.4926708,78.5685641,node/7839263824
Dr. Vinodhini Eye Care Specialist (MBBS DO),clinic,12.4862337,78.5657862,node/7839263825
VMG Hospital,hospital,12.5149589,78.5674981,node/7839263826
Palani Hospital,hospital,12.5055071,78.5658639,node/7839263827
Kumaran Hospital,hospital,12.4889511,78.5700966,node/7839263830
Government Hospital,hospital,12.5621758,78.6423285,node/7839263831
KS Kidz Clinic,clinic,12.4899188,78.5637041,node/7839263832
Siva Nursing Home,hospital,12.5633783,78.5735385,node/7839263834
Lakshmipati ENT Hospital,hospital,12.492166,78.562654,node/7839263835
Government Hospital,hospital,12.5932764,78.5205618,node/7839263839
J.N. Clinic,clinic,12.5107037,78.5687476,node/7839263840
Chandhiralingam Hospital,hospital,12.4853855,78.6009199,node/7839263843
Herbo Care,hospital,12.4965958,78.5670083,node/7839263845
SK Orthopaedic Clinic,clinic,12.492655,78.564288,node/7839263846
Ragaven Hospital,hospital,12.4927591,78.5682625,node/7839263847
Sri Vinayaga Hospital,hospital,12.5012932,78.5449399,node/7839263848
GBR Clinic,clinic,12.5084723,78.5690291,node/7839263849
Balaji Hospital,hospital,12.4808679,78.5543479,node/7839263850
Dr. Arockiyam Hospital,hospital,12.5416472,78.5279253,node/7839263852
Eye Care Clinic & Nursing Home,clinic,12.4983981,78.5633003,node/7839263853
Vijay Srishti Fertility Centre,clinic,12.4893735,78.5640039,node/7839263855
KC Hospital,hospital,12.6342956,78.5697502,node/7839263857
Dr. P.Rajamayil Skin Specialist,clinic,12.492574,78.564269,node/7839263858
VTB Hospital,hospital,12.4927386,78.5682209,node/7839263859
Alnoor Hospital,hospital,12.5135598,78.5645133,node/7839263860
Dr. Govindaswamy Puttur Hospital,hospital,12.4998272,78.5703112,node/7839263861
Shri Siddha Clinic,clinic,12.6251264,78.7517253,node/7839263862
GBR Fertility Centre and Hospital,hospital,12.486158,78.5617151,node/7839263863
Girija Hospital,hospital,12.5913396,78.5118242,node/7839263864
Vimala Eye Hospital,hospital,12.4906345,78.5708338,node/7839263867
Nikkin Hospital,hospital,12.5706809,78.573184,node/7839263869
Shampaka Ayurveda Clinic,clinic,12.492898,78.561363,node/7839263870
Ranjitham Baby Care Hospitals,hospital,12.5076822,78.5677521,node/7839263871
Ahmadiya Health Care,clinic,12.4907152,78.5720629,node/7839263873
Thangaraj Hospital,hospital,12.490593,78.570914,node/7839263874
Nethaji Bone Clinic,clinic,12.6500339,78.5932002,node/7839263875
NMSI Christukula Ashram Hospital,hospital,12.5010134,78.5438995,node/7839263881
Dr. Palani Childrens Clinic,clinic,12.5007564,78.570886,node/7839263882
Hari Physiotherapy Clinic,clinic,12.49395,78.5601164,node/7839263883
Jothi Hospital,hospital,12.5081263,78.5702042,node/7839263884
Dr. Sundar Hospital,hospital,12.6232574,78.7533526,node/7839263887
Susi Health Care Centre,clinic,12.506759,78.569187,node/7839263888
Annaitherasa Hospital,hospital,12.5324991,78.5099322,node/7839263889
Sundaram Hospital,hospital,9.550139,78.582793,node/7839655708
Narumugai Hospital,hospital,9.943948,78.821886,node/7839655709
Syed Ammal Hospital,hospital,9.635895,78.845007,node/7839655710
Sai Vidhya Clinic,clinic,9.728254,79.009272,node/7839655711
AVK Clinic,clinic,9.7429137,79.0169129,node/7839655712
City Hospital,hospital,9.5444123,78.593481,node/7839655713
S.M Hospital,hospital,9.954777,78.8214332,node/7839655714
Vinodhini Hospital,hospital,9.5586505,78.5699182,node/7839655715
Nalam Child Clinic,clinic,9.9488693,78.8196033,node/7839655716
Jayabharathi Children's Hospital,hospital,9.5451301,78.5879269,node/7839655717
VM Clinic,clinic,9.5456503,78.9167947,node/7839655718
Theivaanai Hospital,hospital,9.5486264,78.5887463,node/7839655719
Senthil Nayagam Hospital,hospital,9.635971,78.845733,node/7839655720
Mohana Clinic,clinic,9.948376,78.819416,node/7839655721
Pradeepa Hospital,hospital,9.543262,78.594008,node/7839655722
Raja Clinic,clinic,9.5411077,78.5958252,node/7839655724
Veera Clinic,clinic,9.9488147,78.8196679,node/7839655725
Muthiah Hospital,hospital,9.544328,78.58823,node/7839655726
Rasi Hospital,hospital,9.9611888,78.8070988,node/7839655727
Aravind Eye Hospital,hospital,9.946747,78.821895,node/7839655728
Meera Bhai Clinic,clinic,9.74026,79.014232,node/7839655729
Nalamagam Siddha Clinic,clinic,9.9491205,78.8186848,node/7839655731
Indian Hospital,hospital,9.9511849,78.8201923,node/7839655732
Sri Meenakshi Siddha Hospital,hospital,9.544328,78.596613,node/7839655733
Arockia Hospital,hospital,9.862991,78.75548,node/7839655734
Senthil Multi Speciality Hospital,hospital,9.948321,78.822195,node/7839655735
Kavya Mental Hospital,hospital,9.849786,78.725172,node/7839655736
Crescent Clinic,clinic,9.743711,79.018764,node/7839655738
Krishna Moorthy Hospital,hospital,9.5423103,78.596277,node/7839655739
Immiarcarya Hospital,hospital,9.545101,78.587158,node/7839655740
Annai Hospital,hospital,9.74225,79.013607,node/7839655741
Roja Children Hospital,hospital,9.541595,78.59146,node/7839655743
Sadayappa Homeo Clinic,clinic,9.548084,78.589979,node/7839655745
Varnnaa Hospital,hospital,9.5444,78.58923,node/7839655747
Jeevan Hospital,hospital,9.5509585,78.5872413,node/7839655749
Aishwarya Clinic,clinic,9.9482353,78.8219472,node/7839655751
Senkathir- Sudha Clinic,clinic,9.9503378,78.8155802,node/7839655752
Jayarani Hospital,hospital,9.950157,78.818053,node/7839655753
Balavinayagar Hospital,hospital,9.5404973,78.5946543,node/7839655755
Dharshana Hospital,hospital,9.9621542,78.8008729,node/7839655756
BG Hospital,hospital,9.543168,78.589598,node/7839655757
Sri Mathi Hospital,hospital,9.5426789,78.5899907,node/7839655758
Naganathan Clinic,clinic,9.555928,78.596752,node/7839655759
Arcarya Hospital,hospital,9.5450395,78.5871061,node/7839655760
Vasuki Paediatric Clinic,clinic,9.950303,78.82112,node/7839655762
Sri Suba Kowsik Hospital,hospital,9.950882,78.816915,node/7839655763
Aram Clinic,clinic,9.9493503,78.8212728,node/7839655764
Tanishka Clinic,clinic,9.786623,78.891381,node/7839655765
Priya Hospital,hospital,9.5463343,78.5870652,node/7839655766
Government Hospital,hospital,9.6379838,78.8586968,node/7839655767
Aravind Eye Hospital,hospital,9.548398,78.591627,node/7839655769
Anbhu Ramachandran Speciality Hospital,hospital,9.948384,78.818512,node/7839655770
Grace Homoeo Clinic,clinic,9.9433499,78.8232777,node/7839655771
Dr. Vengatachalapathy Hospital,hospital,9.5416308,78.5954023,node/7839655772
Priya Surgical Hospital,hospital,9.5475076,78.5912765,node/7839655773
Government Hospital,hospital,9.7875524,78.8255109,node/7839655774
Shree Vinayaka Clinic,clinic,9.5408978,78.596019,node/7839655776
Dr. D K Krishnamoorthy Clinic,clinic,9.5431861,78.5963997,node/7839655777
Ganeshamoorthi Hospital,hospital,9.5409777,78.5957703,node/7839655778
Homeopathy Clinic,clinic,9.549597,78.585553,node/7839655780
Jothi Physiotherapy,clinic,9.947118,78.819833,node/7839655781
Nivetha Clinic,clinic,9.545494,78.586794,node/7839655782
Kaniyan Hospital,hospital,9.962012,78.8007942,node/7839655783
Kaniskha Multi Speciality Hospital,hospital,9.1695987,78.444998,node/7839794238
S.K.C,hospital,9.4081419,78.3686127,node/7839794239
Rajeswari Clinic,clinic,9.281549,79.150285,node/7839794240
Sarojini Clinic,clinic,9.169208,78.4417543,node/7839794243
Gopalakrishna Clinic,clinic,9.281341,79.154328,node/7839794244
Durga Siddha Hospital,hospital,9.4422136,78.4382325,node/7839794245
Anbu Clinic,clinic,9.284572,79.252001,node/7839794246
Selvi Clinic,clinic,9.345136,78.516162,node/7839794248
Government Hospital,hospital,9.273859,78.748382,node/7839794249
Vellari Oodai Hospital,hospital,9.287177,78.956423,node/7839794250
Venkateswara Clinic,clinic,9.4080332,78.3684144,node/7839794252
Jefrina Phyciotherapy Clinic,clinic,9.44037,78.441649,node/7839794253
Durga Clinic,clinic,9.31101,79.014435,node/7839794254
Vinita Clinic,clinic,9.286725,79.314118,node/7839794256
Aravind Eye Hospital,hospital,9.287566,79.3142518,node/7839794257
Aravind Vision Centre,clinic,9.28766,79.311526,node/7839794258
Kumaran Hospital,hospital,9.310729,79.01464,node/7839794259
Aravind Vision Centre,clinic,9.348752,78.514341,node/7839794260
Sree Kumaran Electro Homeopathy Hospital,hospital,9.319361,78.624668,node/7839794261
R.C. Hospital,hospital,9.1681479,78.4449296,node/7839794262
Fakhrudin Clinic,clinic,9.2296328,78.7828975,node/7839794264
Sri Venkateshwara Clinic,clinic,9.1693656,78.4439007,node/7839794265
Pakkiam Clinic,clinic,9.4416271,78.4400616,node/7839794267
Arumugam Child Care Hospital,hospital,9.344257,78.516364,node/7839794268
Gopi Clinic,clinic,9.2850903,79.3132009,node/7839794270
Safi Clinic,clinic,9.2842107,79.3127535,node/7839794271
Seyhuna Clinic,clinic,9.440863,78.441065,node/7839794272
Kumaran Clinic,clinic,9.282811,79.312499,node/7839794273
Hayarnisha Hospital,hospital,9.346048,78.516409,node/7839794274
Nethaji Clinic,clinic,9.4105494,78.3686209,node/7839794275
PG Hospital,hospital,9.346732,78.514636,node/7839794276
Jeya Shanmuga Hospital,hospital,9.347091,78.515538,node/7839794277
Government Hospital,hospital,9.282445,78.823109,node/7839794278
Child Care Clinic,clinic,9.235892,78.784678,node/7839794279
Kanmani Hospital,hospital,9.2200594,78.4960474,node/7839794280
Xavier Hospital,hospital,9.2846275,79.2172179,node/7839794281
Manikandan Hospital,hospital,9.2849511,79.2486184,node/7839794282
Helen Hospital,hospital,9.371001,78.616658,node/7839794283
Infant Jesus Hospital,hospital,9.270048,78.91814,node/7839794284
Saravanan Hospital,hospital,9.1694971,78.4508797,node/7839794285
Dharani Hospital,hospital,9.247775,78.64155,node/7839794287
SPS Clinic,clinic,9.2885347,79.3128689,node/7839794288
Jinna Hospital,hospital,9.440917,78.440986,node/7839794289
Sankar Physiotherapy Clinic,clinic,9.34702,78.515911,node/7839794290
Government Malaria Hospital,hospital,9.2871911,79.3104069,node/7839794291
Aysha Clinic,clinic,9.234336,78.783601,node/7839794292
Parveen Clinic,clinic,9.346058,78.516402,node/7839794293
Al-Bader Hospital,hospital,9.3564863,78.9661889,node/7839794294
Kandhasamy Clinic,clinic,9.2846103,79.2510865,node/7839794295
Ruhaiya Clinic,clinic,9.168088,78.4447936,node/7839794297
Hanika Physio Clinic,clinic,9.285285,79.255976,node/7839794298
Krishna Hospital,hospital,9.411367,78.368094,node/7839794299
Dr. Lingarajan Clinic,clinic,9.4413741,78.4390525,node/7839794301
Henry Prince Hospital,hospital,9.2990399,78.9227908,node/7839794302
Health Care Centre,clinic,9.284319,79.249664,node/7839794304
Sindhu Clinic,clinic,9.282705,79.31246,node/7839794305
Jase Hospital,hospital,9.363167,78.8468446,node/7840023928
Jannath Hospital,hospital,9.3629193,78.8461234,node/7840023931
Ganesh Nero Clinic,clinic,9.3634712,78.8346128,node/7840023932
Ramnad Neuro Care,clinic,9.363561,78.833144,node/7840023935
Ak Salma Hospital,hospital,9.3624534,78.8498631,node/7840023936
Cattle Hospital,hospital,9.3848922,78.8244781,node/7840023937
Singapore Specialist Hospital,hospital,9.3647686,78.8317834,node/7840023938
Anandh Hospital,hospital,9.3630824,78.8340446,node/7840023939
Prema Clinic,clinic,9.368981,78.826611,node/7840023940
Balaji Clinic,clinic,9.3702589,78.8375139,node/7840023941
Santhya Healthcare Centre,clinic,9.364038,78.832786,node/7840023942
R.S. Clinic,clinic,9.362988,78.845801,node/7840023943
Sethu Raman Hospital,hospital,9.3672238,78.827914,node/7840023944
Shanmugaraja Clinic,clinic,9.366964,78.827769,node/7840023946
Rjm Siddha Clinic,clinic,9.3683156,78.8402765,node/7840023947
Sai Varun Clinic,clinic,9.363079,78.833846,node/7840023948
Anm Homoeopathic Clinic,clinic,9.3603452,78.8497041,node/7840023949
VG Hospital,hospital,9.3705299,78.8336772,node/7840023950
JK Hospital,hospital,9.361624,78.844726,node/7840023951
Madurai Ganesh Priya Hospital,hospital,9.363635,78.834644,node/7840023952
Nathersha Homeo Clinic,clinic,9.368434,78.8274134,node/7840023953
Kavitha Hospital,hospital,9.365786,78.82775,node/7840023954
Arogya Hospital,hospital,9.371553,78.838873,node/7840023955
Guru Hospital,hospital,9.3636832,78.8340245,node/7840023956
RJR Hospital,hospital,9.358402,78.848002,node/7840023957
Lakshmi Hospital,hospital,9.3709937,78.8416663,node/7840023959
Dr. Ajmalkhan Clinic,clinic,9.3702191,78.8380025,node/7840023961
Siddharth Ortho Care,clinic,9.365677,78.836975,node/7840023962
Anand Eye Hospital,hospital,9.366384,78.834823,node/7840023963
Viswanathan Hospital,hospital,9.37085,78.838233,node/7840023964
Thiya Clinic,clinic,9.369231,78.825561,node/7840023965
Eswar Hospital,hospital,9.3639444,78.8332387,node/7840023966
Ananth Chest Clinic,clinic,9.364283,78.829139,node/7840023969
N.N K Clinic,clinic,9.369329,78.827467,node/7840023971
Raju Nursing Home,clinic,9.36782,78.828721,node/7840023972
Kesavan Hospital,hospital,9.3739784,78.8275385,node/7840023973
Dr. Babu Pediatric Clinic,clinic,9.365619,78.836801,node/7840023974
Shaji Ortho Clinic,clinic,9.358163,78.84043,node/7840023975
Farook Hospital,hospital,9.3642307,78.8388159,node/7840023978
Gautam Skin Care Clinic,clinic,9.3705531,78.8335857,node/7840023979
Preetha Clinic,clinic,9.3628967,78.84765,node/7840023980
Syed Sathya Hospital,hospital,9.3604014,78.8373896,node/7840023981
Chetty Hospital,hospital,9.3613011,78.836931,node/7840023982
Sri Annamalai Shivani Hospital,clinic,9.3700338,78.8316493,node/7840023983
JJ Lungs Hospital,hospital,9.365413,78.837089,node/7840023984
Lena Building,hospital,9.36145,78.844604,node/7840023985
Shifan Clinic,clinic,9.36677,78.836068,node/7840023986
Government Hospital,hospital,9.448381,78.895991,node/7840023987
Gani Hospital,hospital,9.3717021,78.8389411,node/7840023988
CSI Jones Hospital,hospital,9.3647981,78.8270803,node/7840023989
Latha Clinic,clinic,9.3667216,78.8277742,node/7840023990
Annai Eye Hospital,hospital,9.3641544,78.8336116,node/7840023991
Aasi Multi Speciality Hospital,hospital,9.361288,78.853593,node/7840023992
ECHS Polyclinic,clinic,9.3687701,78.836979,node/7840023993
Sai Eye Hospital,hospital,9.361717,78.833945,node/7840023995
Vinasya Clinic,clinic,9.428672,78.899601,node/7840023996
Leelaa Hospital,hospital,9.370321,78.828588,node/7840023997
Dindigul Care Centre,clinic,10.366682,77.970689,node/7840098185
Ranga Clinic,clinic,10.3665053,77.9731879,node/7840098186
Lakshmi Chikitchaalaya Siddha Hospital,hospital,10.1633034,77.7381933,node/7840098187
Jeevan Clinic,clinic,10.364448,77.9823464,node/7840098188
Maharishi Clinic,clinic,10.363015,77.971194,node/7840098189
Prasithi Hospital,hospital,10.36439,77.972361,node/7840098191
Agasthiyar Sidhdha Hospital,hospital,10.126435,77.741646,node/7840098192
Madurai Surgical Hospital,hospital,10.365751,77.971634,node/7840098193
Chellathurai Baby Hospital,hospital,10.369071,77.981442,node/7840098194
Chyavana Ayurveda Clinic,clinic,10.376596,77.971991,node/7840098196
Ashwa Health Care,clinic,10.364521,77.982332,node/7840098197
Dr. Sokkaiyan Hospital,hospital,10.366307,77.972937,node/7840098198
S.S. Hospital,hospital,10.366574,77.976708,node/7840098200
Anbu Clinic,clinic,10.367977,77.984176,node/7840098201
Swasam Lung Clinc,clinic,10.3652416,77.9825061,node/7840098202
Abhirami Eye Hospital,hospital,10.368453,77.979709,node/7840098204
ENT Hospital,hospital,10.36514,77.979624,node/7840098205
Dr. L. Aravind Narayanan Clinic,clinic,10.365495,77.977584,node/7840098206
Sushila Nursing Home,clinic,10.368403,77.9788236,node/7840098208
Dharshini Hospital,hospital,10.362381,77.969441,node/7840098209
Dr. A. Rajesh Clinic,clinic,10.3718669,77.9875678,node/7840098210
Nethra Ortho Clinic,clinic,10.3679812,77.9817453,node/7840098211
Lakshmi Children Hospital,hospital,10.368831,77.981296,node/7840098214
Guru Homeo Clinic,clinic,10.374413,77.988365,node/7840098215
Thangam Physiotherapy Clinic,clinic,10.373762,77.987842,node/7840098217
Ganga Prakash Dental Clinic,clinic,10.366255,77.975853,node/7840098218
Arunachalam Children's Hospital,hospital,10.3659445,77.9755646,node/7840098219
Mohanadurga Hospital,hospital,10.366173,77.9712518,node/7840098220
Mission Mental Health Hospital,hospital,10.3735161,77.9885065,node/7840098221
Dr. Ramachandran Child Clinic,clinic,10.3661491,77.9750086,node/7840098222
Annai Home Health Centre,clinic,10.375066,77.969426,node/7840098223
Dr. Geetha's Classic Homoeo Clinic,clinic,10.3731973,77.97978,node/7840098225
Sammuka Nursing Home,clinic,10.36724,77.9791731,node/7840098226
Nivi Children Clinic,clinic,10.3659765,77.9783785,node/7840098227
Durairaj Hospital,hospital,10.3654381,77.9727599,node/7840098228
Shanmuga Nurshing Home,clinic,10.3673524,77.9795008,node/7840098229
Dr. Raja Rasool Mohamed,clinic,10.3657569,77.9821695,node/7840098230
Drake Hospital,hospital,10.366328,77.975978,node/7840098232
Nirvin Lung Care Hospital,hospital,10.3726269,77.9811695,node/7840098233
Dr. M. Palanivel Clinic,clinic,10.36674,77.982497,node/7840098234
Dr. Mudassir's AL Ameen Clinic,clinic,12.6824791,78.6165471,node/7840140505
Dr. Tamilselvi Clinic,clinic,12.671491,78.624036,node/7840140506
Vijaya Ortho Care,clinic,12.677242,78.6185662,node/7840140507
Yashfeen Clinic,clinic,12.78752,78.712924,node/7840140508
KM NU Hospitals,hospital,12.7602587,78.7016854,node/7840140509
K.K.S.Clinic,clinic,12.7849842,78.7147919,node/7840140510
Sugam Child Clinic,clinic,12.6845149,78.618203,node/7840140511
Harjeet General and Sugar Clinic,clinic,12.785717,78.712362,node/7840140514
Dr.Joel's Clinic,clinic,12.7868648,78.7152004,node/7840140515
Kasthuri Siddha Ayurveda Clinic,clinic,12.6909265,78.6059919,node/7840140517
David Hospital,hospital,12.6800933,78.6217087,node/7840140518
Al Aqsa Unani Hospital,hospital,12.783167,78.718244,node/7840140519
Dr. D Ejaz Ahmed Clinic,clinic,12.680371,78.6150574,node/7840140520
Bethel Eye and General Hospital,hospital,12.7805901,78.7162115,node/7840140522
Dinesh Hospital,hospital,12.7825224,78.7135087,node/7840140526
Sai Senthil Hospital,hospital,12.675338,78.622303,node/7840140527
Aysha Hospital,hospital,12.6822087,78.6162192,node/7840140528
KM Hospital,hospital,12.7859642,78.7217934,node/7840140529
Dr. Yasir Unani Herbal Hospital,hospital,12.680914,78.6204016,node/7840140530
Dr. Akbar Kausar's Herbal Hospital,hospital,12.6735932,78.6274915,node/7840140531
Aamina Clinic,clinic,12.7831104,78.7186184,node/7840140532
Sana Hospital and Health Care,hospital,12.6774423,78.6141207,node/7840140533
Riya Hospital,hospital,12.7106852,78.6521219,node/7840140534
Newtown Government Hospital,hospital,12.6743086,78.6260034,node/7840140535
JPR Unani Speciality Clinic and Hijama Centre,clinic,12.7796071,78.7231022,node/7840140536
He Cures Polyclinic,clinic,12.7860509,78.7189078,node/7840140538
Al Kausar Herbal Hospitals,hospital,12.6750494,78.6258247,node/7840140539
Gem Hospital,hospital,12.7817382,78.7156351,node/7840140541
Danu's Home,hospital,12.787306,78.716517,node/7840140545
Al-Amaan Clinic,clinic,12.793971,78.707032,node/7840140546
T.G.P. Hospital,hospital,12.7922173,78.7181067,node/7840140547
Nagaraja Skin Hospital,hospital,12.7846618,78.714598,node/7840140548
Dr. Parvathi Hospital,hospital,12.6786712,78.6166689,node/7840140549
Tahseen Clinic,clinic,12.6741296,78.6099444,node/7840140550
Sruthi Speciality Hospital,hospital,12.7869527,78.7222034,node/7840140551
Indira Eye Clinic,clinic,12.680626,78.615383,node/7840140552
Vaniyambadi Multi Speciality Hospital,hospital,12.6801561,78.6217264,node/7840140553
Shruthi Clinic,clinic,12.783932,78.711514,node/7840140554
Sruthi Clinic,clinic,12.7816196,78.7151873,node/7840140557
Vasan Eye Care,clinic,12.7819462,78.7154841,node/7840140558
Raffah Hospital,hospital,12.6762221,78.614,node/7840140559
Ikram Hospital,hospital,12.681111,78.6149774,node/7840140560
Government Hospital,hospital,12.6500792,78.6938792,node/7840140562
Dr. Saifudin Clinic,clinic,12.7896833,78.7182539,node/7840140563
Dr.Asrar's Shaafi Unani Herbal Clinic,clinic,12.7968088,78.7165942,node/7840140567
Pulippani Siddha Hospital,hospital,12.6796389,78.6182802,node/7840140568
Kafeel Multispeciality Hospital,hospital,12.6815276,78.6160666,node/7840140569
Al Hakeem Unani Clinic & Hijamah Centre,clinic,12.6770321,78.615209,node/7840140571
Shifa Poly Clinic,clinic,12.681515,78.615649,node/7840140572
Agarval Eye Hospital,hospital,12.7783023,78.7165746,node/7840140573
Dr. Ifthi's Unani Herbal Hospital,hospital,12.6769021,78.6183925,node/7840140574
"SR Hospital, Vaniymbadi",hospital,12.6808002,78.6216025,node/7840140575
Ambur Bone & Child Clinic,clinic,12.7840044,78.7115205,node/7840140576
Dr.Ather Sayeed's Multi Speciality Clinic,clinic,12.673572,78.6130743,node/7840140577
AR Hospital,hospital,12.6810937,78.6150643,node/7840140578
AN Nasr Clinic,clinic,12.6817361,78.607525,node/7840140579
AA Ramhan Hospital,hospital,12.6812889,78.6204972,node/7840140581
Government Hospital,hospital,12.7967638,78.6900285,node/7840140582
Vittal Hospital,hospital,12.788082,78.7222018,node/7840140583
M.V. Clinic,clinic,12.7900431,78.7166362,node/7840140584
Pain and Spine Care,clinic,12.7845027,78.7116186,node/7840140585
Maryam Clinic,clinic,12.6751883,78.6162843,node/7840140587
Bethesda Mission Hospital,hospital,12.7780521,78.7202772,node/7840140588
Tharun Kudil Hospital,hospital,9.9212969,78.1615189,node/7840285460
Vikram Multispeciality Hospital,hospital,9.9305749,78.16973,node/7840285461
Pranav Clinic,clinic,9.9030175,78.1065633,node/7840285462
Rameshraja Hospital,hospital,9.9352872,78.09157,node/7840285463
KKR ENT Hospital,hospital,9.936116,78.096756,node/7840285464
Anbu Poly Clinic,clinic,9.8708259,78.1983295,node/7840285465
Sugam Clinic,clinic,9.9175338,78.1579159,node/7840285466
Sri Bala Hospital,hospital,9.9366638,78.0969709,node/7840285467
JK Children Hospital,hospital,9.938282,78.0953868,node/7840285468
Deepak Nursing Home,clinic,9.929936,78.089804,node/7840285469
Vinayak Nursing Home,clinic,9.8958042,78.1191797,node/7840285471
Madhavas Siddha Ayurveda Clinic,clinic,9.8995185,78.0963422,node/7840285472
Lakshmi Hospital,hospital,9.8999689,78.1012687,node/7840285473
Madurai Neuro Centre,clinic,9.934361,78.0905319,node/7840285474
Advanced Dental Inplant Centre,clinic,9.938322,78.084917,node/7840285475
Svr Speciality Hospital,hospital,9.896372,78.11267,node/7840285476
Dhanvanthri Nilayam Ayurveda Vaidyasalai,clinic,9.8974199,78.0971918,node/7840285477
Hari Bala Clinic,clinic,9.9398849,78.0909088,node/7840285478
Subam Dental Clinic,clinic,9.8817246,78.1141577,node/7840285480
Dr. Rajesh Kumar,clinic,9.89845,78.096566,node/7840285481
Rio Hospital For Women and Children,hospital,9.9258352,78.1697767,node/7840285482
Zidhuri Health Centre,clinic,9.9355082,78.0939356,node/7840285483
JK Hospital,hospital,9.9361397,78.0965492,node/7840285486
Dharun Homeo Care Clinic,clinic,9.883539,78.11374,node/7840285487
Mariya Magaperu Hospital,hospital,9.8955197,78.1182082,node/7840285488
Dr. Prabhu Homeo Clinic,clinic,9.905823,78.105924,node/7840285490
Kokila Siddha Hospital and Research Centre,hospital,9.905763,78.1072282,node/7840285491
Gayathri Hospital,hospital,9.935155,78.096547,node/7840285492
Sahana Speciality Clinic,clinic,9.9004391,78.1016342,node/7840285494
Sri Saradha Clinic,clinic,9.9349781,78.0841618,node/7840285495
Sri Kanna Clinic,clinic,9.892492,78.116935,node/7840285496
Healer Ashokan Hospital,hospital,9.8920876,78.1194898,node/7840285497
Kavitha Hospital,hospital,9.937704,78.091982,node/7840285499
Saradha Clinic,clinic,9.9374052,78.0859902,node/7840285501
Government Hospital,hospital,9.982645,77.7337233,node/7840285502
GV Dental Hospital,hospital,9.9004396,78.1012896,node/7840285503
Kishore Hospital,hospital,9.893505,78.117191,node/7840285504
GR Dental Clinic,clinic,9.938777,78.0849198,node/7840285505
Akil Yoga Physiotherapy Clinic,clinic,9.871026,78.1988151,node/7840285506
Vishalakshi Clinic,clinic,9.8799728,78.116823,node/7840285507
Avani Hospital,hospital,9.8814015,78.1143092,node/7840285508
Shreedevi Clinic,clinic,9.937669,78.0856704,node/7840285509
Vennila Homoeo Clinic,clinic,9.8810053,78.1141019,node/7840285510
Om Muruga Clinic,clinic,9.899407,78.106858,node/7840285511
Vidhya Hospital,hospital,9.8718256,78.197628,node/7840285512
Altab Hospital,hospital,9.9371857,78.0970744,node/7840285513
GK Clinic,clinic,9.896699,78.118707,node/7840285514
Suganth Child Care Clinic,clinic,9.9352536,78.0903298,node/7840285515
ESI Hospital,hospital,9.872738,78.193315,node/7840285516
Nivetha Clinic,clinic,9.9135349,78.1561216,node/7840285517
Lakshmi Gastro & Laproscopy Hospital,hospital,9.896912,78.11886,node/7840285518
Vasanth Homeo Clinic,clinic,9.8972132,78.1137848,node/7840285519
Arogya Multispeciality Hospital,hospital,9.9365041,78.0968704,node/7840285520
Pandian Dental Hospital,hospital,9.8966221,78.1176786,node/7840285521
Perumal Clinic,clinic,9.8847763,78.1157457,node/7840285522
Agatheesh Physiotherapy Clinic,clinic,9.940063,78.08432,node/7840285523
Sridevi Hospital,hospital,9.9369226,78.0971186,node/7840285524
Vedhamann Homoeo Clinic,clinic,9.8930551,78.1214304,node/7840285525
Dhiraviyam Pillai Hospital,hospital,9.9091459,78.1207956,node/7840423812
Jain Hospital and Lab,hospital,9.9116468,78.1164928,node/7840423813
Azhagumuthu Skin Clinic,clinic,9.9285045,78.0937857,node/7840423814
Harish Hospital,hospital,9.9137658,78.0971219,node/7840423815
Sri Sai Physiotherapy Clinic,clinic,9.9222833,78.0927437,node/7840423816
Dr. A. Koteeswaran Skin Clinic,clinic,9.9180602,78.1249981,node/7840423817
Green Care Ayurvedic Panchakarmatreatment Centre,clinic,9.9137678,78.1033415,node/7840423818
Gurumithrren Hospital,hospital,9.92174,78.09211,node/7840423819
Aathi Eye Hospital,hospital,9.912715,78.124782,node/7840423820
Jawahar Joint and Bone Clinic,clinic,9.9173795,78.1255327,node/7840423823
Abhiman Kidney Centre,clinic,9.913992,78.13179,node/7840423825
Daisy Hospitals,hospital,9.9248063,78.0933925,node/7840423826
Sorna Hospital,hospital,9.911665,78.1132588,node/7840423827
Apollo Skin Hospital,hospital,9.911095,78.1186081,node/7840423828
D Care Dental Hospital,hospital,9.9128264,78.124435,node/7840423829
Chandra Bai Hospital,hospital,9.913943,78.098275,node/7840423830
Arya Homeo Centre,clinic,9.9175478,78.1264767,node/7840423831
St. Anthony's Hospital,hospital,9.918787,78.103896,node/7840423832
Anugraham Hospital,hospital,9.9141612,78.1237842,node/7840423833
Dr. Ravisankar Children Hospital,hospital,9.911745,78.119082,node/7840423835
Green Life Siddha Hospital,hospital,9.9159336,78.0966468,node/7840423836
Rathna Mental Healthcare,clinic,9.923518,78.093798,node/7840423837
Joy Physiotherapy,clinic,9.9110784,78.1230267,node/7840423838
Skin Care Hospital,hospital,9.911496,78.11733,node/7840423839
Priyam Clinic,clinic,9.920789,78.101898,node/7840423841
Thirumal Clinic,clinic,9.920396,78.127462,node/7840423842
Kennedy Maternity Hospital,hospital,9.914239,78.129882,node/7840423843
Balaji Nursing Home,clinic,9.917043,78.133585,node/7840423844
Vijaya Hospital,hospital,9.915456,78.1157338,node/7840423845
Blue Modern Hospital,hospital,9.9176654,78.1323496,node/7840423846
Husaineya Banu Skin Clinic,clinic,9.915565,78.124131,node/7840423847
Ajith Nursing Home,clinic,9.9175398,78.134018,node/7840423848
Dr. Oks ENT Clinic,clinic,9.918055,78.124746,node/7840423849
Sivakasi Nadar Hospital,hospital,9.918846,78.124499,node/7840423850
AV Shanmugam Hospital,hospital,9.9171019,78.125569,node/7840423851
Raj Hospital,hospital,9.915934,78.090646,node/7840423852
Vijayarajan Homeo Clinic,clinic,9.918915,78.103838,node/7840423853
Dr. Kathiresan Clinic,clinic,9.9139622,78.1025474,node/7840423854
Manian Clinic,clinic,9.918595,78.130411,node/7840423855
Pr Hospital,hospital,9.9206863,78.1286734,node/7840423856
Surya Hospital,hospital,9.9157761,78.1305495,node/7840423857
Santosh Clinic,clinic,9.914872,78.128568,node/7840423859
Aravind Eye Hospital,hospital,9.9139784,78.1249392,node/7840423860
Silvester Asan Hospital,hospital,9.9245415,78.0985946,node/7840423861
Lakshmi Clinic,clinic,9.91204,78.113085,node/7840423862
Navamani Hospital for Children,hospital,9.926151,78.100503,node/7840423863
Sandeep Memorial Hospital,hospital,9.9159407,78.1251246,node/7840423864
NCS Clinic,clinic,9.9167425,78.1255864,node/7840423865
Dr. Palanivelayutham Clinic,clinic,9.9181508,78.1037355,node/7840423866
Madurai Multispeciality Hospital,hospital,9.9252048,78.091984,node/7840423867
Dr. Srinivasan Neuro,clinic,9.9213557,78.0939838,node/7840423868
Dr. Nainar Hospital,hospital,9.9131231,78.1124,node/7840423869
K.K Hospital,hospital,9.926662,78.092173,node/7840423870
Dr. Ramesh Babu Childrens Clinic,clinic,9.9171876,78.1336497,node/7840423871
Aathmika ENT Centre,clinic,9.9175684,78.1262544,node/7840423872
Sri Kamakshi Vasantham Hospital,hospital,9.9107008,78.1218416,node/7840423873
Siva Jyothi Childrens Hospital,hospital,9.9173119,78.1321905,node/7840423874
Madurai Heart Centre,clinic,9.9170723,78.0952574,node/7840423875
Dr. Bharathi Clinic,clinic,11.5189993,78.0893479,node/7840527174
Poornima Hospital,hospital,11.215533,78.16911,node/7840527176
Dhanvantri Multi Speciality Hospital,hospital,11.451362,77.766602,node/7840527177
Nagarajan Hospital,hospital,11.2171673,78.1718618,node/7840527178
Vasantham Hospital,hospital,11.2187521,78.161599,node/7840527180
Thangavel Skin Care,clinic,11.2253765,78.1644957,node/7840527182
Kathiravan Hospital,hospital,11.226651,78.167351,node/7840527184
Alpha Life Urology & Andrology Centre,hospital,11.2394378,78.165596,node/7840527185
Kiruba Hospital,hospital,11.2107891,78.1677358,node/7840527186
Dr. Saravanakumar Clinic,clinic,11.5842002,78.4441223,node/7840527187
Ramesh ENT & Skin Care,clinic,11.217133,78.171071,node/7840527189
P.N Hospital,hospital,11.212276,78.170878,node/7840527190
Sugam Children's Hospital,hospital,11.2060083,78.1854033,node/7840527191
B.M Hospital,hospital,11.242188,78.166518,node/7840527193
Rudhra Hospital,hospital,11.226569,78.163216,node/7840527194
SMK Hospital,hospital,11.2172759,78.1706866,node/7840527195
Pranauv Clinic,clinic,11.215361,78.1484232,node/7840527196
Krishnan Urology Clinic,clinic,11.2184523,78.1643654,node/7840527197
Aburvaa Ayurveda Hospital,hospital,11.2228807,78.1640453,node/7840527198
Rajendran Children's Hospital,hospital,11.2251887,78.1649142,node/7840527199
Sri Ramana Hospital,hospital,11.223503,78.1685433,node/7840527200
Dhanvanthri Hospital,hospital,11.4496712,77.7593772,node/7840527201
Sri Swastha Psychiatric Clinic,clinic,11.2085069,78.1677043,node/7840527202
ENT Clinic,clinic,11.215786,78.170545,node/7840527203
Hari Chest Clinic,clinic,11.2162053,78.1710093,node/7840527204
Ram Clinic,clinic,11.2090922,78.1790782,node/7840527206
Lung Care Centre,clinic,11.2276789,78.1638586,node/7840527207
Vignesh Hospital,hospital,11.224818,78.1621315,node/7840527209
Prasith Clinic,clinic,11.208902,78.180957,node/7840527212
Natasan Hospital,hospital,11.2202016,78.1639129,node/7840527213
Vanitha Child Care & Skin Hospital,hospital,11.2243378,78.16811,node/7840527214
Vishnu Ayurveda Clinic,clinic,11.224262,78.164173,node/7840527215
Pragalath Hospital,hospital,11.2022482,78.1679145,node/7840527216
Dr. Kandasamy Hospital,hospital,11.216051,78.172052,node/7840527217
Dhanvanthiri Physiotheraphy,clinic,11.2245256,78.1638528,node/7840527218
Primecare Diabetic Clinic,clinic,11.213992,78.1737091,node/7840527219
Maharishi Eye Hospital,hospital,11.219304,78.1610484,node/7840527220
Dr. Ramya's Clinic,clinic,11.2367012,78.1730278,node/7840527221
Rithiksha Physio Care,clinic,11.2189918,78.159957,node/7840527222
Venkat Hospital,hospital,11.2253645,78.1646159,node/7840527225
Dr. Shanmugam ENT Clinic,clinic,11.218762,78.171206,node/7840527226
Government Hospital,hospital,11.4525596,77.7749426,node/7840527227
Sri Sara ENT Clinic,clinic,11.218949,78.159922,node/7840527228
Shree Akhshaya Hospital,hospital,11.2356716,78.165237,node/7840527229
Children's Clinic,clinic,11.217004,78.171504,node/7840527230
Children's Hospital,hospital,11.220084,78.1639673,node/7840527232
Imayam Speciality Hospital,hospital,11.2078899,78.1797861,node/7840527233
Namakkal Neurocare Hospital,hospital,11.218663,78.15976,node/7840527235
Sri Dhanvanthries Hospital,hospital,11.2241181,78.1678614,node/7840527236
Dr. A. Nagarajan Children's Hospital,hospital,11.212765,78.1747068,node/7840527237
Krishiv's Dental Care & Orthodontic Centre,clinic,11.2184886,78.1713346,node/7840527238
Aburvaa Multi Special Herbal Clinic,clinic,11.207568,78.183483,node/7840527240
Shree Meenakshi Dental Hospital,hospital,11.225269,78.164275,node/7840527241
Annai Hospital,hospital,11.4437321,78.4858654,node/7840647142
RK Clinic,clinic,11.59969,78.5941386,node/7840647143
Rk Memorial Hospital,hospital,11.5975972,78.5993824,node/7840647144
Sri Vinayaga Physiotherapy Clinic,clinic,11.598134,78.597401,node/7840647145
Government Hospital,hospital,11.572472,78.497407,node/7840647146
Sri Andavhar Nursing Home,hospital,11.6010351,78.5974614,node/7840647147
Attur ENT and Dental Care Centre,clinic,11.5991073,78.5962503,node/7840647148
Lavanya Clinic,clinic,11.652121,78.4795146,node/7840647149
Sri Chinnathambi Clinic,clinic,11.5005099,78.6447664,node/7840647150
Government Hospital,hospital,11.5617651,78.6762531,node/7840647151
Government Hospital,hospital,11.6631983,78.4765825,node/7840647152
Arun Clinic,clinic,11.4790653,78.7349495,node/7840647153
Pannerselvam Hospital,hospital,11.587014,78.755058,node/7840647155
Sri Balaji Hospital,hospital,11.4954588,78.6981634,node/7840647157
Abhi Eye Hospital,hospital,11.5980207,78.6003698,node/7840647158
Government Hospital,hospital,11.597079,78.600619,node/7840647161
Panneerselvam Hospital,hospital,11.598067,78.599939,node/7840647163
Sri Shakthi Clinic,clinic,11.5868967,78.7555902,node/7840647164
Sub Health Centre,clinic,11.3279018,78.5651328,node/7840647165
Sugam Clinic,clinic,11.5832481,78.7496438,node/7840647166
Anugraha Hospital,hospital,11.5963566,78.5941161,node/7840647168
Lakshitha Hospital,hospital,11.5952715,78.6094785,node/7840647169
Dr. Ramdoss Clinic,clinic,11.595518,78.600865,node/7840647172
Government Hospital,hospital,11.5385058,78.4835909,node/7840647173
Kalyani Memorial Hospital,hospital,11.599983,78.596223,node/7840647174
Sri Dhanvantari Children Hospital,hospital,11.5991194,78.5999856,node/7840647175
Health Sub Centre,clinic,11.5711091,78.7097023,node/7840647176
Shifa Clinic,clinic,11.5054488,78.6434006,node/7840647177
Thai Hospital,hospital,11.4424776,78.4894516,node/7840647178
Government Hospital,hospital,11.4974141,78.6899663,node/7840647180
Sub Health Centre,clinic,11.550048,78.484973,node/7840647181
Selvam Hospital,hospital,11.585978,78.748761,node/7840647182
Meenachi Hospital,hospital,11.6370665,78.7556702,node/7840647184
Panchayat Hospital,hospital,11.550238,78.485025,node/7840647185
Jayaraj Memorial Clinic,clinic,11.4415635,78.4890421,node/7840647186
Ohm Sakthi Hospital,hospital,11.475373,78.737558,node/7840647187
Arul Gandhi Physiotherapy Hospital,hospital,11.5979315,78.6003262,node/7840647188
St. Joseph Hospital,hospital,11.5990918,78.6003644,node/7840647190
Dr. Ramu Life Care Hospital,hospital,11.4426079,78.4879762,node/7840647191
Dr. Prabhusankar Hospital,hospital,11.586292,78.755837,node/7840647192
Sibi Physiotherapy Clinic,clinic,11.6561305,78.3994263,node/7840647193
Mother's Ortho Clinic,clinic,11.6002438,78.594053,node/7840647194
SS Clinic,clinic,11.5975084,78.5979036,node/7840647195
Mugamadhu Absal Hospital,hospital,11.51225,78.643016,node/7840647196
Amn Hospital,hospital,11.5052982,78.6434003,node/7840647197
Amsh Agathiyar Sidha Hospital,hospital,11.650564,78.483542,node/7840647198
Shreetejo Ayurveda Clinic,clinic,11.444915,78.485868,node/7840647199
Sri Ragavendhra Siddha Clinic,clinic,11.5610046,78.7877509,node/7840647201
Vinola Hospital,hospital,11.4439899,78.4857585,node/7840647202
Sakthi Sivam Hospital,hospital,11.5959889,78.5941723,node/7840647203
G.V. Homeo Clinic,clinic,11.596099,78.600999,node/7840647204
Gokulam Hospital,hospital,11.597356,78.598403,node/7840647205
Government Hospital,hospital,11.5967429,78.6384016,node/7840647206
Abi Hospital,hospital,11.59319,78.560129,node/7840647207
Arun Hospital,hospital,11.599848,78.596343,node/7840647208
Vasan Clinic,clinic,11.6529601,78.4019943,node/7840647209
Bawaa Clinic,clinic,11.597934,78.597143,node/7840647210
Arokiyamatha Hospital,hospital,11.5051929,78.6432548,node/7840647211
Government Hospital,hospital,11.3501634,78.6138846,node/7840647212
"Saraswathi Hospital, Valapady",hospital,11.6563505,78.4009062,node/7840647213
Prabushankar Hospital,hospital,11.584239,78.7490323,node/7840647215
Sudha Polyclinic,clinic,11.647825,78.508537,node/7840647216
Saroja Clinic,clinic,11.5027823,78.6443962,node/7840647217
Kavery Hospital,hospital,11.5037127,78.647366,node/7840647219
The Chirist Hospital,hospital,11.4443163,78.4862134,node/7840647220
Malar Hospital,hospital,11.6567854,78.3928345,node/7840647222
Chiranjeevi Hospital,hospital,11.5998283,78.594309,node/7840647223
Devaki Hospital,hospital,11.6564189,78.402376,node/7840647225
Government Hospital,hospital,11.437014,78.5247325,node/7840647226
Kumar Eye Hospital,hospital,11.5978065,78.5984006,node/7840647227
RSP Siddha and Varma Hospital,hospital,11.6727719,78.1418429,node/7840770065
Krishna Fertility and Laparoscopy Hospital,hospital,11.6643332,78.1459989,node/7840770066
Dr. Latha's Hospital,hospital,11.6564429,78.1606806,node/7840770067
Thamilchelvi Hospital,hospital,11.6587954,78.1686235,node/7840770068
Venkatesh Hospital and Urology Centre,hospital,11.6759517,78.1324029,node/7840770069
Dr. Ramu Life Care Hospital,hospital,11.656645,78.164504,node/7840770070
London Ortho Speciality Hospital,hospital,11.6597962,78.1507714,node/7840770071
Fairlands Eye Cure,hospital,11.677959,78.1415897,node/7840770072
Malar Maternity Hospital & Arul Eye Care,hospital,11.6711265,78.1554168,node/7840770073
Dr. Agarwal Vasans Eye Hospital,hospital,11.6696681,78.1417073,node/7840770075
Dr. P. Sundarrajan Neuro Hospital,hospital,11.6742791,78.1499738,node/7840770076
Mahadevas Ayurvedic Hospital,hospital,11.6752045,78.1517396,node/7840770078
KS Siddha & Varma Hospital,hospital,11.666952,78.141606,node/7840770080
Sugam Homoeo Clinic,clinic,11.6655186,78.1518049,node/7840770082
Andandhammal Hospital,hospital,11.669873,78.14765,node/7840770083
Ayush Care Siddha Centre,clinic,11.6731195,78.1351967,node/7840770084
Dr. Kanaks Skin Hair & Cosmetology Clinic,clinic,11.6722777,78.1375557,node/7840770085
Vignesh Hospital,hospital,11.656657,78.164504,node/7840770086
Amutha Physiotherapy Clinic,clinic,11.6656079,78.156006,node/7840770087
Omega Clinic,clinic,11.660922,78.150292,node/7840770089
Kattabomma Hospital,hospital,11.6689589,78.1371173,node/7840770090
Pramilagurunathan Hospital,hospital,11.6544063,78.1464484,node/7840770091
Aravind Vision Centre,clinic,11.670354,78.151069,node/7840770092
Konlampatty Enocall Hospital,hospital,11.6642816,78.1459647,node/7840770093
Dr. S. S. Meera Vasudevan Clinic,clinic,11.6634071,78.1457976,node/7840770094
Ramalingam Hospital,hospital,11.6689149,78.1311615,node/7840770095
S.P.S. Hospital,hospital,11.6669469,78.1445952,node/7840770096
Salem Heart Clinic,clinic,11.660386,78.1556973,node/7840770097
Ammani Multi Speciality Hospital,hospital,11.671775,78.156181,node/7840770098
Akshaya Fertility Centre,clinic,11.6739088,78.1518657,node/7840770099
Kavin Eniyan Hospital,hospital,11.677643,78.144129,node/7840770100
Saravana E.N.T Hospital,hospital,11.6720221,78.1394629,node/7840770101
Radhai Speciality Clinics,clinic,11.67228,78.159115,node/7840770102
Surya Sugalaya Hospital,hospital,11.6716498,78.1538322,node/7840770103
KS Siddha Hospital,hospital,11.6752685,78.1633063,node/7840770104
Shreevarma Ayurveda & Siddha Hospital,hospital,11.6707338,78.1498149,node/7840770105
Sudha Hospital,hospital,11.6691694,78.142588,node/7840770106
Dr. S. Rajendran Children Hospital,hospital,11.6707079,78.1421878,node/7840770107
Eka Hospital,hospital,11.6691926,78.1425812,node/7840770108
Annapoorna Hospital,hospital,11.6425561,78.1588815,node/7840770109
Vaniyambadi Unani Hospital,hospital,11.6535949,78.1649379,node/7840770110
Life Care Hospital,hospital,11.6452364,78.1546993,node/7840770111
Ayush Multispeciality Homoeopathic Clinic,clinic,11.6770982,78.1395947,node/7840770112
Ak Hospital,hospital,11.6669992,78.1565393,node/7840770113
Dr. Rajenderan Child Clinic,clinic,11.6643448,78.1483264,node/7840770114
NS Hospital,hospital,11.655035,78.161624,node/7840770115
Sri Balaji Clinic,clinic,11.645189,78.154708,node/7840770117
Neuro Foundation,hospital,11.664265,78.13213,node/7840770118
Neelambaal Hospital,hospital,11.655704,78.1625639,node/7840770119
Shree Varma Ayurveda Hospital,hospital,11.656905,78.14717,node/7840770120
Sureka Hospital,hospital,11.676423,78.1550511,node/7840770121
ECHS Polyclinic,clinic,11.670666,78.15013,node/7840770122
Srimaya Child Health Centre,clinic,11.6750852,78.1370646,node/7840770123
Homeopathy Clinic,clinic,11.6691556,78.1434845,node/7840770124
Ravi Eye Clinic,clinic,11.646684,78.1547669,node/7840770125
K.S. Siddha & Varma Clinic,clinic,11.6674481,78.1392422,node/7840770126
Sukumar Hospital,hospital,11.6601745,78.1447516,node/7840770127
Janani Sree Eye Hospital,hospital,11.6445844,78.1543916,node/7840770128
Revathi Hospital,hospital,11.6698571,78.1526859,node/7840770129
Anbu Hospital,hospital,11.6402823,78.152387,node/7840770130
S.K.S. Hospital,hospital,11.670548,78.143109,node/7840770131
Balaji Skin Hospital,hospital,11.676166,78.1379488,node/7840770132
Obuli Hospital,hospital,11.6631739,78.1553803,node/7840770133
Sri Dhanvanthari Siddha Clinic,clinic,11.6634617,78.1477869,node/7840770134
Bismillah Piles Clinic,clinic,11.6755285,78.1343325,node/7840770135
Lavanya Hospital,hospital,11.668831,78.1337965,node/7840770136
Salem Child Care Centre,clinic,11.6706006,78.1421572,node/7840770137
Kathirveel Orthopeadic Hospital,clinic,11.6621451,78.1473041,node/7840770138
Ramana Surgical Hospital,hospital,11.6731205,78.15862,node/7840770139
RJR Hospital,hospital,11.6719465,78.1432779,node/7840770140
Sri Vaari Hospital,hospital,11.6763726,78.1467277,node/7840770141
KSB Speciality Hospital,hospital,11.6578993,78.166628,node/7840770142
Sri Vaari Raja Sidha Hospital,hospital,11.6668535,78.1422245,node/7840770143
Pathanjali Ayurvedha Hospital,hospital,11.671244,78.141525,node/7840770144
Manipal Fertility Hospital,hospital,11.6726603,78.1586522,node/7840770145
Corporation Maternity Hospital,hospital,11.6524437,78.154675,node/7840770147
Ark Hospital,hospital,11.6716723,78.1403218,node/7840770148
Krishna Speciality Hospital,hospital,11.676751,78.145561,node/7840770150
Rainbow Hospital,hospital,11.6722366,78.13774,node/7840770151
JH Cardiac Centre,clinic,11.6707391,78.1421402,node/7840770152
Dr. Sasi Eye Care,hospital,11.6743698,78.1379234,node/7840770153
Saravana Hospital,hospital,11.7409303,78.0458308,node/7840837195
Janani Medical Centre Hospital,hospital,11.675896,78.104826,node/7840837196
GJB Hospital,hospital,11.8713998,78.0980288,node/7840837197
Vinayaka Child Hospital,hospital,11.745812,78.0480225,node/7840837198
Dr. G.R.Thilakam Hospital,hospital,11.746097,78.04769,node/7840837199
GV Jayam Hospital,hospital,11.6684909,78.1810415,node/7840837200
Arun Hospital,hospital,11.7429892,78.0466881,node/7840837201
Nalam Hospital,hospital,11.5315309,78.0533249,node/7840837202
Divyam Child Care Clinic,clinic,11.7447135,78.0473858,node/7840837203
Universal Cancer Hospital,hospital,11.6336739,78.1267767,node/7840837204
Grace Hospital,hospital,11.7742959,78.2092285,node/7840837205
Dr. Nagaraj Hospital,hospital,11.7464035,78.0472401,node/7840837206
Thulasi Hospital,hospital,11.7461516,78.0469984,node/7840837207
Government Hospital,hospital,11.7581107,78.0180657,node/7840837208
E.V.P Vairavel Clinic,clinic,11.6954975,77.9667903,node/7840837209
Lakshmi Hospital,hospital,11.6601357,78.1904563,node/7840837211
Pranav Clinic,clinic,11.8712846,78.0998167,node/7840837213
Momota Clinic,clinic,11.744982,78.047397,node/7840837214
Sun Eye Care,clinic,11.6936242,77.9730948,node/7840837215
Amirthalingam Hospital,hospital,11.7456708,78.0470548,node/7840837216
Malligai Nursing Home,hospital,11.5308602,78.0529837,node/7840837217
Kiran Diabetic Hospital,hospital,11.6957337,78.1625792,node/7840837218
Kamala Clinic,clinic,11.8723673,78.0874195,node/7840837219
SR Hospital,hospital,11.6075985,78.0070051,node/7840837220
Sree Vasantham Hospital,hospital,11.540146,78.0545787,node/7840837221
AMS Clinic,clinic,11.752664,77.974974,node/7840837222
A. Thangavel Physiotherapy Clinic,clinic,11.5314071,78.052862,node/7840837223
Dr. Malathi Anbalaya Hospital,hospital,11.6642243,78.1754526,node/7840837224
Providence Hospital,hospital,11.7706422,78.2015143,node/7840837225
Kamala Hospital,hospital,11.8722588,78.0899189,node/7840837226
Akitha Hospital,hospital,11.6256027,78.1489875,node/7840837227
Sugumar Hospital,hospital,11.7396031,78.0426955,node/7840837229
Dr. Pandiyarajan Hospital,hospital,11.692704,77.969344,node/7840837230
C.M. Hospital,hospital,11.6747345,78.1255034,node/7840837231
Sharan Hospital,hospital,11.7828854,78.2115014,node/7840837232
JSA Clinic,clinic,11.8700619,78.0844982,node/7840837233
Government Hospital,hospital,11.81292,78.265009,node/7840837236
Subam Hospital,hospital,11.6069532,78.0042593,node/7840837237
Dr.Jairaman Homeopathy Hospital,hospital,11.6349272,78.1510927,node/7840837238
Mythili Hospital,hospital,11.533594,78.050881,node/7840837240
Neelamegam Clinics,clinic,11.774293,78.2091327,node/7840837241
Children Hospital,hospital,11.7458377,78.0480205,node/7840837242
Salem Care Foundation,clinic,11.6371946,78.1313713,node/7840837243
Dr. Sithan Hospital,hospital,11.5301463,78.05409,node/7840837244
Malar Hospital,hospital,11.7041061,78.16998,node/7840837245
Government Hospital,hospital,11.624775,78.002583,node/7840837246
Karpagam Siddha Clinic,clinic,11.5311408,78.0551906,node/7840837247
Manimuthu Skin Clinic,clinic,11.7521189,78.0484058,node/7840837248
Thangam Clinic,clinic,11.5314797,78.0536954,node/7840837249
Dr. Sengodan Hospital,hospital,11.6959527,77.9695325,node/7840837250
Deepam Speciality Hospital,hospital,11.6269734,78.1476357,node/7840837252
Sindhu Eye Care Centre,clinic,11.6814684,78.1625895,node/7840837253
Gomathi Clinic,clinic,11.7445293,78.0470401,node/7840837256
Tharamangalam,hospital,11.6916951,77.96677,node/7840837257
Dhanalakshmi Hospital,hospital,11.5318866,78.0514614,node/7840837259
Nesam Medical Centre and Hospital,hospital,11.6078647,78.0073456,node/7840837260
Saratha Clinic,clinic,11.7422818,78.0458175,node/7840837262
Vinayaka Mission's Homeopathic Medical College & Hospital,hospital,11.583617,78.059145,node/7840837264
Udhayam Hospital,hospital,11.625819,78.145958,node/7840837265
Bethel Hospital,hospital,11.8699472,78.1388598,node/7840837266
Prabha Hospital,hospital,8.82487,77.848357,node/7841693857
Habibia Hospital,hospital,8.9315938,78.0895673,node/7841693858
Alwar Clinic,clinic,9.1748114,77.8648912,node/7841693859
Government Hospital,hospital,8.910024,78.021363,node/7841693860
St Annes Hospital,hospital,8.877448,78.025511,node/7841693862
Lochana Clinics,clinic,9.173753,77.865553,node/7841693863
Jeya Shri Hospital,hospital,9.181803,77.860087,node/7841693864
Gopal Children's Hospital,hospital,8.945271,77.771705,node/7841693866
One Rupee Hospital,hospital,9.1633254,77.8665814,node/7841693868
Sri Siddhar Siddha Hospital & Research Centre,hospital,9.184182,77.850617,node/7841693869
Santhi Hospital,hospital,9.1326814,78.1665423,node/7841693870
Dr. S. Perumal Siddha Hospital,hospital,9.296452,78.135617,node/7841693871
Sri Sendur Hospital,hospital,9.174386,77.8663602,node/7841693872
Government Hospital,hospital,9.216457,78.206952,node/7841693873
Anubala Heart Centre & Women Health Clinic,clinic,9.171943,77.86497,node/7841693874
Government Hospital,hospital,9.129046,78.16824,node/7841693876
Meenatchi Hospital,hospital,9.177407,77.872385,node/7841693878
Shri Mariyappa Clinic,clinic,9.17607,77.869416,node/7841693879
Rukumani Hospital,hospital,9.1496729,77.9943643,node/7841693880
Sri Lakshmi Hospital,hospital,9.173894,77.865731,node/7841693881
Selvam Hospital,hospital,9.147583,77.994086,node/7841693882
Murali Nursing Home,hospital,9.1797587,77.8720657,node/7841693884
Dr. Sennakesvan Hospital,hospital,9.174734,77.868017,node/7841693887
Shri Shanthi Clinic,clinic,9.1749493,77.8665108,node/7841693888
J.V. Hospital,hospital,8.663892,77.826694,node/7841693890
Ganga Hospital,hospital,9.1728787,77.864882,node/7841693891
Meenakshi Clinic,clinic,9.1822865,77.8825485,node/7841693892
Selvan Clinic,clinic,9.171408,77.870463,node/7841693893
Kumar Hospital,hospital,9.147513,77.989551,node/7841693894
Abi Clinic,clinic,9.172874,77.860803,node/7841693895
Vasan Poly Clinic,clinic,9.1697206,77.8723601,node/7841693897
RMS Hospital,hospital,9.17461,77.863934,node/7841693898
Srinivasa Hospital,hospital,9.1732982,77.8651038,node/7841693900
Vediyal Hospital,hospital,9.3195279,78.0805765,node/7841693901
Visakan Hospital,hospital,9.175538,77.879661,node/7841693903
Siva Sakthii Hospital,hospital,9.177053,77.866514,node/7841693904
Meenakshi Hospital,hospital,9.176971,77.871751,node/7841693906
Karthik Nursing Home,hospital,9.17563,77.866287,node/7841693907
Surya Hospital,hospital,8.7154667,77.848558,node/7841693908
Raj hospital,hospital,9.132756,78.167931,node/7841693909
Sangeetha Thanaraj Hospital,hospital,8.873539,78.026203,node/7841693910
Aravind Vision Centre,clinic,9.133319,78.167969,node/7841693911
Government Hospital,hospital,8.747166,77.935693,node/7841693913
Parithi Homeopatthi Hospital,hospital,9.1763119,77.8665546,node/7841693914
Lakshmi Siddha Clinic,clinic,9.1738447,77.8672778,node/7841693915
Thulasi Hospital,hospital,9.174867,77.8651564,node/7841693916
Vasan Hospital,hospital,9.174534,77.866054,node/7841693917
Sumathi Homoeopathy Clinic,clinic,9.1732537,77.874286,node/7841693918
Jayashri Hospital,hospital,9.132309,78.1662,node/7841693919
Aravind Eye Hospital,hospital,9.1760067,77.8717781,node/7841693920
Gokulam Clinic,clinic,8.949047,77.77332,node/7841693922
Government Hospital,hospital,8.796133,77.950164,node/7841693923
Aravind Vision Centre,clinic,9.1497441,77.989822,node/7841693924
Government Ayurvedha Hospital,hospital,8.9707417,78.1853066,node/7841693925
Balaji Hospital,hospital,9.1779246,77.8743314,node/7841693926
KR Clinic,clinic,9.1329908,78.1675042,node/7841693927
Bhuvaneswari Hospital,hospital,8.912955,78.021108,node/7841693929
Sri Sairam Acupuncture,clinic,9.1736972,77.8655402,node/7841693930
Gowri Clinic,clinic,9.172189,77.868811,node/7841693931
Priya Hospital,hospital,9.129781,78.164141,node/7841693933
Jai Hospital,hospital,9.163599,77.847711,node/7841693934
Sri Hospital,hospital,9.17317,77.874336,node/7841693935
K.G. Clinic,clinic,9.1726333,77.8731972,node/7841693936
Shakthi Eye Hospital,hospital,9.438203,77.540773,node/7841756202
Sri Ram Hospital,hospital,9.4433941,77.5564398,node/7841756203
Lora Hospital,hospital,9.5887426,77.9521865,node/7841756204
Pavalam Clinic,clinic,9.5541102,77.9541774,node/7841756205
Kanaga Hospital,hospital,9.4546566,77.5488002,node/7841756206
RJPM Govt Maternity & Health Care Centre,hospital,9.4590865,77.5551908,node/7841756207
Ganesh Clinic,clinic,9.4475844,77.5547615,node/7841756208
Ceragem,hospital,9.454065,77.558375,node/7841756209
Panneerselvam ENT Clinic,clinic,9.4545699,77.5571178,node/7841756210
Yuvaraj Clinic,clinic,9.395686,78.105539,node/7841756211
Ramco Hospital,hospital,9.4435847,77.5521026,node/7841756212
Shanmuganathan Eye Hospital,hospital,9.5475012,77.9467473,node/7841756213
Giridharan Hospital,hospital,9.581156,77.953217,node/7841756214
Rajaram Children Hospital,hospital,9.4554333,77.5559955,node/7841756215
St. Luke's Eye Hospital,hospital,9.580234,77.958565,node/7841756217
Alagappa Hospital,hospital,9.4540646,77.5567002,node/7841756218
Ram Prasanna Clinic,clinic,9.423473,78.205936,node/7841756219
Chandra Hospital,hospital,9.2714406,77.822955,node/7841756221
Akash Clinic,clinic,9.46126,77.554737,node/7841756222
Nagarathina Orthopedic Hospital,hospital,9.455881,77.558952,node/7841756223
Aanand Hospital,hospital,9.447643,77.554622,node/7841756224
Madhavan Hospital,hospital,9.455104,77.55915,node/7841756225
GK Homoeopathy Clinic,clinic,9.4541993,77.5526906,node/7841756227
Chidambaram Nagammal Hospital,hospital,9.5785134,77.9602552,node/7841756228
Vimala Hospital,hospital,9.579475,77.956456,node/7841756230
Navamani Hospital,hospital,9.454473,77.558057,node/7841756231
St. Luke's Clinic,clinic,9.450045,77.55907,node/7841756233
Sri Navamani Super Speciality Hospital,hospital,9.4546025,77.5585014,node/7841756234
Sugan Homeo Clinic,clinic,9.585079,77.956951,node/7841756235
Alagusundarammal Hospital,hospital,9.453745,77.552567,node/7841756236
Jeyaram Children's Hospital,hospital,9.447684,77.561925,node/7841756237
Aandal Hospital,hospital,9.45433,77.558224,node/7841756238
Jhanapriya Hospital,hospital,9.543734,77.944851,node/7841756239
VVV Hospital,hospital,9.615482,77.957509,node/7841756240
Pari Hospital,hospital,9.4475621,77.5548936,node/7841756241
Velmurugan Homeo Clinic,clinic,9.5429049,77.9391718,node/7841756244
Bindya Hospital,hospital,9.455384,77.5583589,node/7841756245
Goals Krishna Clinic,clinic,9.4465627,77.553384,node/7841756246
Dr. Dhanapal Hospital,hospital,9.5844845,77.95625,node/7841756247
Santhilal Hospital,hospital,9.4579981,77.5564709,node/7841756248
Elango Hospital,hospital,9.5864124,77.9594752,node/7841756249
Meenakshi Hospital,hospital,9.4417536,77.5610746,node/7841756251
K.L Homoeo Clinic,clinic,9.4582133,77.5602401,node/7841756252
Jayanthi Hospital,hospital,9.577714,77.96403,node/7841756253
Harvy Surgical Home,clinic,9.455174,77.558012,node/7841756254
Government Primary Hospital,hospital,9.413208,78.047839,node/7841756255
ESI Hospital,hospital,9.4376837,77.5686909,node/7841756256
Venus Hospital,hospital,9.588192,77.951498,node/7841756257
Rajkumar Dental & Implant Clinic,clinic,9.452987,77.552962,node/7841756258
Dr. Jeevarajan Hospital,hospital,9.602919,77.956025,node/7841756259
Holycross Hospital,hospital,9.523213,77.944261,node/7841756260
Jhansibhai Hospital,hospital,9.454029,77.558487,node/7841756261
Lakshimi Multi Speciality Hospital,hospital,9.4406214,77.5557895,node/7841756262
Sakthi Bala Hospital,hospital,9.4432964,77.5577872,node/7841756264
Sugam Homeo Care,clinic,9.453773,77.557261,node/7841756266
Bhima Raja Hospital,hospital,9.4447751,77.5522675,node/7841756267
Child Care Clinic,clinic,9.583132,77.956275,node/7841756269
Lakshmi Priya Hospital,hospital,9.587468,77.952076,node/7841756270
Jaisree Hanuman Hospital,hospital,9.585722,77.957568,node/7841756271
R S Ortho Hospital,hospital,9.454815,77.559622,node/7841756272
A.S. Norman Children's Clinic,clinic,9.4487018,77.5585792,node/7841756273
Jana Priya Hospital,hospital,9.543132,77.9430416,node/7841756274
Subam Skin Clinic,clinic,9.588572,77.9558073,node/7841756275
Al Aaliyah Siddha Care,clinic,9.4521243,77.5603243,node/7841756277
Balamrishnan Hospital,hospital,9.5742864,77.9618764,node/7841756278
Veeramani Hospital,hospital,9.425538,78.206008,node/7841756280
Saravana Surgery,clinic,9.4550039,77.5517549,node/7841756281
Arvind Hospital,hospital,9.438297,77.565367,node/7841756282
SNS Clinic,clinic,11.8158191,77.8448772,node/7842133817
SSS Hospital,hospital,11.7501471,77.8832809,node/7842133818
JP Nature Cure Hospital Siddha and Naturopathy,hospital,11.7002949,77.8770897,node/7842133820
Selvakumar Hospital,hospital,11.836215,77.945842,node/7842133821
JV Children's Clinic,clinic,11.7933948,77.798329,node/7842133822
Village Welfare Hospital,hospital,11.7566733,77.895293,node/7842133825
AV Clinic,clinic,11.787386,77.800135,node/7842133826
Parusuraman Hospital,hospital,11.697164,77.877792,node/7842133827
Thangavelu Hospital,hospital,11.8177944,77.856542,node/7842133828
Kasthuri Clinic,clinic,11.812489,77.839604,node/7842133829
Laxmi Narasimar Hospital,hospital,11.816251,77.8449419,node/7842133830
Physiotherapy Clinic,clinic,11.895119,77.954044,node/7842133831
Aarampa Sugathara Nilayam,hospital,11.793117,77.922026,node/7842133832
SK Clinic,clinic,11.83619,77.9457752,node/7842133834
Rajkumar Clinic,clinic,11.695372,77.879705,node/7842133835
Thiagu Memorial Hospital,hospital,11.8490566,77.7518555,node/7842133838
Thiyagaraja Hospital,hospital,11.817091,77.846671,node/7842133839
Sathya Hospital,hospital,11.7864589,77.8004201,node/7842133840
Sri Sakthi Homeo Clinic,clinic,11.7891551,77.7971383,node/7842133841
Suresh Physiotherapy Clinic,clinic,11.804642,77.821786,node/7842133842
Sri Sakthi Hospital,hospital,11.835714,77.9451014,node/7842133843
Duraisamy Eye Clinic,clinic,11.7942636,77.7995843,node/7842133844
DSR Clinic,clinic,11.7603176,77.8908853,node/7842133846
Rishan Hospital,hospital,11.879358,77.9286133,node/7842133847
"Guru Clinic, Raman Nagar",clinic,11.817114,77.846679,node/7842133848
Rajamma Hospital,hospital,11.816234,77.8440199,node/7842133849
S.K.A Hospital,hospital,11.7816111,77.797688,node/7842133850
Devi Hospital,hospital,11.7940977,77.7981799,node/7842133851
Dr.Venu Homoeopathy Clinic,clinic,11.8178121,77.8555956,node/7842133852
Arun Hospital,hospital,11.794117,77.797977,node/7842133853
Shiva Siddha Clinic,clinic,11.794237,77.7995531,node/7842133854
Tarun Clinic,clinic,11.816441,77.8451057,node/7842133858
Vasu Speciality Hospital,hospital,11.8331097,77.943169,node/7842133859
Chinnakavur Hospital,hospital,11.7830314,77.8206836,node/7842133861
Dhanvanthri Clinic,clinic,11.7936896,77.7994075,node/7842133863
Rajamanickam Hospital,hospital,11.8332408,77.9431081,node/7842133864
Child Hospital,hospital,11.833001,77.943415,node/7842133867
Nakul Hospital,hospital,11.6954119,77.8796544,node/7842133868
Dhiviya Siddha Hospital,hospital,11.7159513,77.7100608,node/7842133869
Government Hospital,hospital,11.758158,77.894528,node/7842133870
Smp Medical Center and Hospital,hospital,11.7648873,77.7933172,node/7842133871
Sri Krishna Clinic,clinic,11.835443,77.9450587,node/7842133872
Government Skin Care Clinic,clinic,11.7567037,77.8952813,node/7842133873
Rajeshwaran Hospital,hospital,11.696836,77.879517,node/7842133874
Government Hospital,hospital,11.7396142,77.9166506,node/7842133875
Srilakshmi Hospital,hospital,11.7601,77.892272,node/7842133876
R P Clinic,clinic,11.8077519,77.832373,node/7842133877
Prasath Hospital,hospital,11.7942437,77.7977734,node/7842133879
Mugil Hospital,hospital,11.7809533,77.7941437,node/7842133880
Vinayaka Child Clinic,clinic,11.8189073,77.8553825,node/7842133882
Government Hospital,hospital,11.704048,77.820965,node/7842133883
Naveen Nursing Home,hospital,11.8335355,77.9437441,node/7842133884
Yesumani Clinic,clinic,8.442244,77.917865,node/7842255451
Dr. Sugirtharaj Clinic,clinic,8.6259114,78.0253102,node/7842255452
Narkunam Siddha Hospital,hospital,8.4962638,78.1247532,node/7842255453
Aadhishankarar Clinic,clinic,8.5666315,78.1088064,node/7842255454
Sudar Accupunture Clinic,clinic,8.636346,77.908436,node/7842255455
Murugan Hospital,hospital,8.493247,78.117014,node/7842255456
Aravind Vision Centre,clinic,8.443036,77.913704,node/7842255457
Arasoor Ananthah Hospital,hospital,8.3524188,77.8958285,node/7842255458
Saravanas Hospital,hospital,8.481931,77.925575,node/7842255459
Naduva Kurichi Kashpa Hospital,hospital,8.374123,77.923563,node/7842255460
Karpagam Hospital,hospital,8.428504,78.029092,node/7842255462
Suresh Hospital,hospital,8.6241838,78.0249038,node/7842255463
Kruthick Skin Hospital,hospital,8.497633,78.117751,node/7842255464
Ramachandra Clinic,clinic,8.6257262,78.0209381,node/7842255465
Nava Mudalur Government Hospital,hospital,8.417318,77.945208,node/7842255466
Dr. Sumathi Hospital,hospital,8.442944,77.915233,node/7842255467
Thank Clinic,clinic,8.5928165,78.0442148,node/7842255468
Shifa Clinic,clinic,8.625578,78.022692,node/7842255470
Vasanthi Eye Clinic,clinic,8.499495,78.117656,node/7842255471
Anantha Aparna Hospital,hospital,8.49253,78.045211,node/7842255472
Srithar Hospital,hospital,8.426576,78.032738,node/7842255474
Dr. Venkatachalam Clinic,clinic,8.6300194,77.9120433,node/7842255475
Ayyadurai Hospital,hospital,8.569736,78.095062,node/7842255476
Rajam Hospital,hospital,8.623771,78.023477,node/7842255477
Janaki Raman Hospital,hospital,8.6257952,78.0204223,node/7842255478
Swetha Hospital,hospital,8.6078019,77.9410963,node/7842255479
Rani Tupps Hospital,hospital,8.5665519,78.1088333,node/7842255480
Sumathi Hospital,hospital,8.491627,78.116163,node/7842255481
Sundaram Nallathambi Hospital,hospital,8.5686881,78.0958823,node/7842255485
Dr. Pitchimani Hospital,hospital,8.444489,77.912554,node/7842255486
Arokia Annai Hospital,hospital,8.533076,78.100296,node/7842255487
Jayachandra Hospital,hospital,8.622463,78.069171,node/7842255490
Sandra Hospital,hospital,8.4473342,77.9147515,node/7842255491
Sivaranjani Hospital,hospital,8.431508,78.029483,node/7842255492
Venkada Rengan Hospitals,hospital,8.496037,78.119513,node/7842255493
Kani Hospital,hospital,8.4962534,78.1250702,node/7842255494
Dr. P. Pon Esakki Clinic,clinic,8.6081016,77.9394456,node/7842255495
Dr. Kirubai Hospital,hospital,8.559331,77.973395,node/7842255496
Surya Hospital,hospital,8.509155,78.11664,node/7842255497
Divakaran Hospital,hospital,8.5693554,78.1007079,node/7842255498
Bejan Singh Eye Care Centre,clinic,8.4305428,78.0309037,node/7842255499
Narayan Clinic,clinic,8.531099,78.10381,node/7842255500
Raja Pinheiro Charitable Hospital,hospital,8.633557,78.116605,node/7842255502
Jeya Murugan Hospital,hospital,8.6304551,77.9120952,node/7842255504
Jaikapeesha Hospital,hospital,8.431749,78.028455,node/7842255505
Thambi Hospital,hospital,8.5008338,77.9370627,node/7842255506
Sekar Hospital,hospital,8.4448935,77.9129127,node/7842255507
Aravind Eye Hospital,hospital,8.6319319,77.9118165,node/7842255509
Jaikapisha Hospital,hospital,8.440613,77.9180479,node/7842255510
Kavitha Nursing Home,clinic,8.499672,78.116981,node/7842255511
Bala Hospital,hospital,8.4423,77.905897,node/7842255513
Dr. Karmegaraj Hospital,hospital,8.56156,77.977165,node/7842255514
Sivakami Nursing Home,hospital,8.4364671,77.9192102,node/7842255515
Maragatham Hospital,hospital,8.62441,78.021819,node/7842255516
Suba Hospital,hospital,8.4939588,78.1247016,node/7842255517
Government Hospital,hospital,8.569212,78.093773,node/7842255518
Sri Sankar Hospital,hospital,11.5862984,77.8355021,node/7842281634
Muthu Eyecare Hospital,hospital,11.584736,77.8393794,node/7842281635
Dr. Dhanasekar Clinic,clinic,11.4793113,77.8829247,node/7842281637
Sri Shankar Hospital,hospital,11.5780699,77.7471671,node/7842281638
Meenachi Clinic,clinic,11.591206,77.827035,node/7842281639
Saron Hospital,hospital,11.5703864,77.9144607,node/7842281640
Government Hospital,hospital,11.563699,77.7881936,node/7842281641
Sankari Hospital,hospital,11.4777496,77.873892,node/7842281642
Thilagam Hospital,hospital,11.4753573,77.8685829,node/7842281643
SKM Hospital,hospital,11.5841611,77.8334397,node/7842281644
Adveka Hospital,hospital,11.587877,77.830887,node/7842281645
ESI Hospital,hospital,11.4717067,77.8642668,node/7842281646
S. P. Eye Hospital,hospital,11.5882719,77.829697,node/7842281647
Nivetha Hospital,hospital,11.5858509,77.833451,node/7842281648
Meyyazhagan Clinic,clinic,11.4752254,77.8685671,node/7842281649
Sutha Clinic,clinic,11.473718,77.862614,node/7842281651
Dr. Jaganathan Hospital,hospital,11.4752717,77.8709312,node/7842281652
KGP Clinic,clinic,11.5847763,77.8387488,node/7842281653
Kannan Hospital,hospital,11.5854802,77.8425936,node/7842281654
Krishna Hospital and Clinic,clinic,11.5846542,77.8333239,node/7842281656
Shree Jayasakthi Clinic,clinic,11.5768902,77.9591108,node/7842281657
Rathanasamy Hospital,hospital,11.58583,77.833443,node/7842281660
Sri Advika Hospital,hospital,11.585049,77.834422,node/7842281661
Sri Vellaiyan Hospital,hospital,11.4798876,77.8831394,node/7842281662
Xcellent Homecare Clinic,clinic,11.584762,77.8338085,node/7842281663
Kathir Eye Hospital,hospital,11.4740976,77.8681591,node/7842281666
Ck Hospital,hospital,11.473504,77.8650523,node/7842281668
Arunagiri Hospital,hospital,11.5837095,77.8332129,node/7842281670
Siddha Hospital,hospital,11.5827668,77.8022539,node/7842281671
Nursery Hospital,hospital,11.4974362,77.7847058,node/7842281673
Raj Physiotherapy Clinic,clinic,11.5857357,77.8341218,node/7842281676
"Vasantha Hospital, Koneripatti",hospital,11.580767,77.7446,node/7842281677
Kallampalayam Government Hospital,hospital,11.5388142,77.7871855,node/7842281678
Mahalakshmi Clinic,clinic,11.600105,77.793188,node/7842281680
Uma Clinic,clinic,11.58398,77.83977,node/7842281681
Rakshan Polyclinic,clinic,11.5809367,77.8326223,node/7842281682
Dr. O.S. Subramanium Hospital,hospital,11.584996,77.834235,node/7842281683
Mohan Hospital,hospital,11.5841331,77.8336277,node/7842281684
Aravinthu Eye Hospital,hospital,11.5866631,77.8341465,node/7842281685
KRS Hospital and Diabetic Centre,hospital,11.5848828,77.8449664,node/7842281686
SP Hospital,hospital,11.4708567,77.8654872,node/7842281687
Aravind Hospital,hospital,11.5854615,77.8424165,node/7842281688
Sri Shanthi Hospital,hospital,11.569272,77.901937,node/7842281689
Sri Amman Clinic,clinic,11.275952,77.5868085,node/7842422853
Logeshwaran Homeo Clinic,clinic,11.277675,77.583065,node/7842422854
Priya Hospital,hospital,11.121393,77.792305,node/7842422855
Ravi Clinic,clinic,11.2768201,77.5836969,node/7842422857
Sabari Eye Hospital,hospital,11.0730612,77.8874324,node/7842422858
Sakthi Dental Hospital,hospital,11.2788566,77.5849413,node/7842422859
Shri Devi Clinic,clinic,11.279437,77.58024,node/7842422861
Jai Sri Amman Clinic,clinic,11.1102489,77.8579522,node/7842422862
Senthilvel Doctor Hospital,hospital,11.1220935,77.7890859,node/7842422863
Sarvathaa Siddha Hospital,hospital,11.1184171,77.7870444,node/7842422864
Dr. N Viswanathan Hospital,hospital,11.2412783,77.5005502,node/7842422865
Marutham Hospital,hospital,11.2796906,77.5864262,node/7842422866
Dr. Palanisamy Hospital,hospital,11.161573,77.603607,node/7842422867
Hari Health Care,clinic,11.0788962,77.8868224,node/7842422868
Mag Hospital,hospital,11.2804816,77.5959817,node/7842422870
Abhirami Hospital,hospital,11.1616659,77.6057677,node/7842422871
S.V. Clinic,clinic,11.3021167,77.5492797,node/7842422872
Chrisdella Clinic,clinic,11.1874064,77.6118627,node/7842422873
Gen Siddha Hospital,hospital,11.2375033,77.5059797,node/7842422874
Cattle Hospital,hospital,11.1597961,77.6039276,node/7842422875
Best Acupunture Clinic,clinic,11.274932,77.757192,node/7842422877
Sivakumar Hospital,hospital,11.2770302,77.5852952,node/7842422878
Kavitha Hospital,hospital,11.238653,77.663961,node/7842422879
SR Hospital,hospital,11.2835858,77.5905903,node/7842422880
Pragash Hospital,hospital,11.282087,77.590162,node/7842422881
Thirumurugan Hospital,hospital,11.0771152,77.8845769,node/7842422882
Sri Clinic,clinic,11.27555,77.586134,node/7842422883
Herbert Brough Memorial Hospital,hospital,11.1688371,77.601892,node/7842422884
Anu Child Care,hospital,11.2765928,77.5848408,node/7842422886
Sridar Clinic,clinic,11.2755095,77.5861442,node/7842422887
Sukeerthi Skin Clinic & Dermatologist,clinic,11.162721,77.596329,node/7842422888
Dharani Hospital,hospital,11.1616599,77.605546,node/7842422890
IRT Ramalingam Tuberculosis Hospital,hospital,11.2828419,77.5628621,node/7842422891
Sanitorium Hospital,hospital,11.2828041,77.5629626,node/7842422892
Malar Clinic,clinic,11.2424525,77.5043955,node/7842422894
Aaria Clinic,clinic,11.118832,77.786485,node/7842422896
Thulasi Clinic,clinic,11.2766687,77.5869752,node/7842422897
MNP Nursing Home,clinic,11.281438,77.5739526,node/7842422899
Government Hospital,hospital,11.2343326,77.719226,node/7842422900
Arul Murgan Hospital,hospital,11.161705,77.603603,node/7842422901
Nandha Ayurveda Medical College and Hospital,hospital,11.2855531,77.6205354,node/7842422902
Dr. Banumathy Hospital,hospital,11.0751666,77.8860226,node/7842422903
Kongu Hospital,hospital,11.280273,77.587989,node/7842422904
Dr. Jayakanthan Hospital,hospital,11.2738446,77.5881795,node/7842422905
K.P Siddha Clinic,clinic,11.2827081,77.5903369,node/7842422906
Avm Physiotherapy Clinic,clinic,11.2766435,77.5842715,node/7842422908
Dr. Meghnathan Hospital,hospital,11.1206738,77.7889748,node/7842422910
Chinnusamy Hospital,hospital,11.2414262,77.8216267,node/7842422912
Nataraj Nursing Home,hospital,11.2351682,77.7785956,node/7842422913
Shanmuga Hospital,hospital,11.1650789,77.6036595,node/7842422914
Baby Dental and Poly Clinic,clinic,11.2753902,77.5829593,node/7842422916
KMCH Hospital,hospital,11.2814725,77.5739302,node/7842422917
Govindsamy Charitable Trust Hospital,hospital,11.2613869,77.5856778,node/7842422918
Kaliappan Hospital,hospital,11.318578,77.486926,node/7842422920
Kamalam Clinic,clinic,11.3189333,77.4893492,node/7842422922
Chitra Hospital,hospital,11.0779188,77.8845563,node/7842422923
VP Medical Centre & Eye Foundation,clinic,11.2784922,77.5836374,node/7842422925
Raja Rajeshwari Siddha Hospital,hospital,11.2843579,77.5907941,node/7842422926
Senthil Sengodan Hospital,hospital,11.3190519,77.4893797,node/7842422927
KS Clinic,clinic,11.1179505,77.7870162,node/7842422928
Santhi Hospital,hospital,11.2787879,77.5872993,node/7842422930
Senthil Clinic,clinic,11.163922,77.601461,node/7842422931
Dass Homoeo Clinic,clinic,11.2771706,77.5841177,node/7842422932
Rama Prasad Multispeciality Hospital,hospital,11.2794959,77.5723401,node/7842422933
Madhura Hospital,hospital,11.120712,77.788936,node/7842422934
Government Hospital,hospital,11.083128,77.884008,node/7842422936
Government Hospital,hospital,11.1935282,77.5923131,node/7842422937
Dr. Subburam Clinic,clinic,11.2417484,77.5031796,node/7842422938
N V Nursing Home,hospital,11.2780408,77.5848735,node/7842422939
Kaviraj Ayurveda Hospital,hospital,11.3400349,77.7298199,node/7842748069
Mayil Skin Laser Clinic,clinic,11.33349,77.719062,node/7842748070
Vanalikaa Homoeo Centre,clinic,11.341349,77.717987,node/7842748071
Dr. R Kumaraswamy Sexologist Clinic,clinic,11.3396057,77.7221701,node/7842748072
Om Shakthi Hospital,hospital,11.3108011,77.7259973,node/7842748073
Dr. Jawahar Homeopathy Clinic,clinic,11.336223,77.719616,node/7842748074
KB Hospital,hospital,11.32748,77.708083,node/7842748075
Naveen Balaji Maternity Nursing Home,clinic,11.3319733,77.7152293,node/7842748077
Dr. Snm Siddha Hospital,hospital,11.3306597,77.7196144,node/7842748078
Dr. Padmanaban Heart Clinic,clinic,11.337426,77.7184453,node/7842748079
Sri Vijaya Hitech Hospital,hospital,11.3400011,77.7192251,node/7842748080
Rahat Acu Clinic,clinic,11.3378679,77.7123699,node/7842748081
Dr. R.M. Habibullah Hospital,hospital,11.335246,77.7266028,node/7842748082
Aditi Ent Hospital,hospital,11.3300862,77.7236924,node/7842748083
Nalli Hospital,hospital,11.3463567,77.7171556,node/7842748084
Mercury Hospital,hospital,11.3328384,77.7240531,node/7842748085
Onco Foundation Cancer Hospital,hospital,11.3340957,77.7183601,node/7842748086
Pulze Health Clinic,clinic,11.3179874,77.7288603,node/7842748087
Senthil Prakash Hospital,hospital,11.352639,77.732267,node/7842748088
Arc Fertility Hospital,hospital,11.3397231,77.7130655,node/7842748089
Rathnam Maternity Clinic,clinic,11.3304571,77.7064606,node/7842748090
Suriya Hospital,hospital,11.340248,77.7186452,node/7842748091
Sreedhareeam Eye Hospital,hospital,11.352858,77.722408,node/7842748092
KS Eye Hospital,hospital,11.3465289,77.7175494,node/7842748093
KS Hospital,hospital,11.3138357,77.7158992,node/7842748094
Sakthipriya Hospital,hospital,11.337874,77.711363,node/7842748095
Sri Indra Hospital,hospital,11.328458,77.7128578,node/7842748096
Skin Care Clinic,clinic,11.3409042,77.7178413,node/7842748097
RB Kids Clinic,clinic,11.339221,77.713915,node/7842748098
Kaviraj Siddha Hospital,hospital,11.347153,77.720863,node/7842748099
Agathiyar Siddha Hospital,hospital,11.3174229,77.7254599,node/7842748100
Vasanth Clinic,clinic,11.3195299,77.727194,node/7842748101
Arun Fracture Hospital,hospital,11.3378114,77.7152632,node/7842748102
Roja Hospital,hospital,11.3509181,77.7282478,node/7842748103
Ajay Gastro Hospital,hospital,11.331873,77.720727,node/7842748104
Indrajith Yoga Nature Cure Hospital,hospital,11.3499973,77.732974,node/7842748105
Care Hospital,hospital,11.338443,77.716511,node/7842748106
Dr. Pondiperumal Hospital,hospital,11.3390924,77.7205408,node/7842748107
Bethesda Hospital,hospital,11.3314183,77.7266231,node/7842748108
Bharath Hospital,hospital,11.3370288,77.7186516,node/7842748109
Monika Diabetes Centre,clinic,11.3229084,77.7269179,node/7842748110
Abitha Eye Hospital,hospital,11.34021,77.7187589,node/7842748111
Sri Kumaran Hospital,hospital,11.3310559,77.7183,node/7842748112
Ortho Life Hospital,hospital,11.3395729,77.7167329,node/7842748113
SS Hospital,hospital,11.334839,77.732254,node/7842748114
Maternity Hospital,hospital,11.3299275,77.7065985,node/7842748115
Shri Vijaiah Trauma Care Hospital,hospital,11.3418935,77.7193036,node/7842748116
Srinivasa Speciality Hospital,hospital,11.337577,77.715527,node/7842748117
Sathyavathi Ramalingam Clinic,clinic,11.3380366,77.7166875,node/7842748119
Velavan Hospital,hospital,11.3384075,77.7123677,node/7842748120
SRC Hospital,hospital,11.3413999,77.7177834,node/7842748122
Newlife Fertility Centre,clinic,11.3389396,77.7213358,node/7842748123
R.L Hospital,hospital,11.3340506,77.7158268,node/7842748124
Cauvery Nature Cure Hospital,hospital,11.3459862,77.7171349,node/7842748125
Erode Women and Children Clinic,clinic,11.3420279,77.7116815,node/7842748126
Gnanaganesh Hospital,hospital,11.3340114,77.706332,node/7842748127
Siddhvedam Siddha Hospital,hospital,11.3336526,77.7063319,node/7842748128
Keran Hospital,hospital,11.3400456,77.7154808,node/7842748129
Sukeerthi Skin Care,clinic,11.3342224,77.7051196,node/7842748130
Divisional Railway Hospital,hospital,11.3237354,77.7204487,node/7842748131
Aditya Clinic,clinic,11.3362752,77.7192937,node/7842748132
Priya Hospital,hospital,11.346512,77.718023,node/7842748134
Gem Hospital,hospital,11.338106,77.7155077,node/7842748137
V.S.M. Hospital,hospital,11.337176,77.7113816,node/7842748138
Shubiksha Hospital,hospital,11.3318174,77.7299544,node/7842748139
Dharshaan Hospital,hospital,11.3320016,77.7204888,node/7842748140
Milan Hospital,hospital,11.343591,77.733182,node/7842748143
TAT Ent Hospital,hospital,11.34639,77.716936,node/7842748145
Nalan Hospital,hospital,11.3399703,77.716773,node/7842748146
Ajay Hospital,clinic,11.3318814,77.7205741,node/7842748147
Guhan ENT Hospital,hospital,11.339489,77.721001,node/7842748149
KRN Hospital,hospital,11.330054,77.723136,node/7842748150
Surya Hospital,hospital,11.3400026,77.7190977,node/7842748151
APN Clinic,clinic,11.3515168,77.7135642,node/7842748152
Dr. Chandran Skin Laser Centre,clinic,11.3413527,77.7174891,node/7842748153
Sri Hari Hospital,hospital,11.338357,77.7164204,node/7842748154
"Sri Jai Shakthi Dentistry, Speciality Children Dental Hospital",hospital,11.3476429,77.7186408,node/7842748155
Sri Indhu Hospital,hospital,11.3285353,77.7130688,node/7842748156
Immick Hospital,hospital,11.332617,77.728073,node/7842748157
Curie Hospital,hospital,11.3380517,77.7140038,node/7842748159
Maha Hospital,hospital,11.4372003,77.6781345,node/7843071161
Lrk Hospital,hospital,11.4544553,77.6889783,node/7843071162
Kharthik Hospital,hospital,11.4516542,77.6871221,node/7843071164
Jothikumar Hospital,hospital,11.43687,77.678407,node/7843071166
Child Hospital,hospital,11.395736,77.660736,node/7843071167
Care 24 Medical Centre & Hospital,hospital,11.326585,77.688148,node/7843071168
Ramya Hospital,hospital,11.4512773,77.6870043,node/7843071170
S.N.A. Siddha Hospital,hospital,11.44704,77.682877,node/7843071171
Kandasamy Hospital,hospital,11.4450062,77.6832304,node/7843071172
Sutha Hospital,hospital,11.4365526,77.6796472,node/7843071174
Magalya Varmam & Acupuncture Hospital,hospital,11.3927805,77.6579614,node/7843071175
Ramu Nursing Home,hospital,11.3928734,77.6593531,node/7843071176
Thangam Acupuncture,clinic,11.4418816,77.6832318,node/7843071177
Kavin Hospital,hospital,11.4399114,77.6838194,node/7843071178
Nalamthaa Siddha Hospital,hospital,11.3253867,77.6901722,node/7843071179
Government Hospital,hospital,11.4519113,77.6819742,node/7843071180
Janani Hospital,hospital,11.3611499,77.7011804,node/7843071181
Annusiya Hospital,hospital,11.4432777,77.6813562,node/7843071182
Anbe Sivam Hospital,hospital,11.4508139,77.6854947,node/7843071183
JK Skin Clinic,clinic,11.4508168,77.6865545,node/7843071184
Ram Hospital,hospital,11.3927863,77.6593313,node/7843071185
Vignesh Hospital,hospital,11.4513898,77.6879679,node/7843071186
Vasan Eye Care,clinic,11.3223693,77.6844101,node/7843071187
Government Hospital,hospital,11.371101,77.703436,node/7843071188
Thanish Siddha Hospital,hospital,11.430003,77.674964,node/7843071189
Erode Hospital,hospital,11.3279227,77.6924918,node/7843071190
V.S Eye and Dental Care,clinic,11.4512557,77.686801,node/7843071191
Gokul Hospital,hospital,11.3943597,77.660327,node/7843071192
Shifa Free Hospital,hospital,11.3683589,77.7070167,node/7843071193
Gopikrishnan Eye Hospital,hospital,11.451813,77.687171,node/7843071194
Shri Mani Hospital,hospital,11.44771,77.6838471,node/7843071195
Erode Cancer Centre,clinic,11.3732,77.649152,node/7843071196
Harshitha Clinic,clinic,11.4313207,77.674718,node/7843071197
Sumangali Hospital,hospital,11.4427668,77.6827131,node/7843071198
SKMH Hospital,hospital,11.4379787,77.6780268,node/7843071200
Sri Hari Clinic,clinic,11.4483503,77.6850963,node/7843071201
Sri Dharshan Diabetes Care,clinic,11.437649,77.6778126,node/7843071203
PST Mahaa Hospital,hospital,11.4312903,77.6585751,node/7843071205
Erode Emergency Care Hospital,hospital,11.3321621,77.6825693,node/7843071206
Immiaditya Hospital,hospital,11.4501276,77.6836088,node/7843071207
Sengodan Hospital,hospital,11.3927596,77.6593501,node/7843071208
K.G. Baby Hospital,hospital,11.343848,77.699081,node/7843071209
Sri Kaalangi Siddhar Mooligai Vaithiya Nilayam,hospital,11.432369,77.674894,node/7843071211
Panukudumuti Hospital,hospital,11.3957328,77.6603156,node/7843071212
Christhu Jothi Hospital,hospital,11.364103,77.7098785,node/7843071213
Mahaswaran Hospital,hospital,11.4519883,77.6882952,node/7843071214
G.K Clinic,clinic,11.4297244,77.6749715,node/7843071215
Sakthi Hospital,hospital,11.376385,77.683485,node/7843071217
LVS Eye Hospital,hospital,11.3475062,77.6969254,node/7843071218
KS Homeo Clinic,clinic,11.451398,77.687344,node/7843071219
Karunya Hospital,hospital,11.451637,77.687949,node/7843071221
RKR Neuro Hospital,hospital,11.3278243,77.6991636,node/7843071222
Suriyaraja Siddha Health Care,clinic,11.45133,77.686898,node/7843071223
Jaswanth Arun Hospital,hospital,11.451794,77.687216,node/7843071224
Balakrishna Hospital,hospital,11.4514522,77.688074,node/7843071225
Soorya Hospital Maternity and Child Care,clinic,11.4517604,77.6871956,node/7843071226
Velavan Homoeo Clinic,clinic,11.4367087,77.6761472,node/7843071227
Adithya Hospital,hospital,11.4515977,77.6864105,node/7843071228
Saraswathi Siddha Hospital,hospital,11.451769,77.6865838,node/7843071229
24 Care Hospital,hospital,11.3731527,77.6943299,node/7843071230
SRS Clinic,clinic,11.3952267,77.6560245,node/7843071231
Abinav Clinic,clinic,11.3506795,77.6984595,node/7843071232
Sir Ivan Stedford Hospital,hospital,13.1247933,80.1435476,node/7843239851
Fathima Hospital,hospital,8.8039359,78.1349747,node/7843311747
JSP Dental Clinic,clinic,8.803352,78.13301,node/7843311748
JJ Homeo Clinic,clinic,8.803505,78.149072,node/7843311749
Devi Clinic,clinic,8.8041643,78.1329505,node/7843311751
Diya Clinic,clinic,8.8183791,78.1474103,node/7843311753
Annai Manomani Siddha Clinic,clinic,8.801049,78.140856,node/7843311754
Malar Hospital,hospital,8.8107915,78.1483029,node/7843311755
Skin Hospital,hospital,8.802572,78.147003,node/7843311756
Sri Vigneshvara Eye Hospital,hospital,8.806043,78.148865,node/7843311758
Dr. M. G. Mohandas Clinic,clinic,8.8117366,78.1559262,node/7843311759
Krishna ENT Clinic,clinic,8.804423,78.133506,node/7843311760
Laxmi Multispeciality Hospital,hospital,8.809807,78.13499,node/7843311762
Nisha Hospital,hospital,8.818391,78.147777,node/7843311764
Aravind Eye Hospital,hospital,8.806565,78.139482,node/7843311765
Eye Hospital,hospital,8.8018605,78.1416769,node/7843311767
G.K. Hospital,hospital,8.800014,78.145503,node/7843311770
Alagu Children's Hospital,hospital,8.80493,78.1446,node/7843311771
Rajeshwari Hospital,hospital,8.808811,78.158401,node/7843311772
Abirami Hospital,hospital,8.801763,78.141978,node/7843311773
Shri Ravendraagh Nursing Home,clinic,8.797604,78.143771,node/7843311774
Dr.Stephen Memorial Dental Clinic & Orthodontic Centre,clinic,8.8019013,78.1438081,node/7843311775
Sundaram Hospital,hospital,8.79655,78.133094,node/7843311776
Lakshmi Hospital,hospital,8.797652,78.153012,node/7843311777
Southern Railway Health Unit,hospital,8.807144,78.15367,node/7843311779
Suganthi Nursing Home,clinic,8.802636,78.147724,node/7843311780
Thanga Kanniga Hospital,hospital,8.798417,78.148945,node/7843311781
Dr. Muthupandi Clinic,clinic,8.807133,78.1466,node/7843311787
Lakshmi Nursing Home,clinic,8.799092,78.149342,node/7843311788
Ranjini Hospital,hospital,8.8074617,78.144984,node/7843311789
Divine Skin Clinic,clinic,8.815001,78.158987,node/7843311790
Radha Nursing Home & Endoscopy,clinic,8.8013645,78.145275,node/7843311791
Suba Siddha Hospital,hospital,8.8015038,78.1366273,node/7843311792
Annai Eye Clinics,clinic,8.8029124,78.14501,node/7843311794
Annam Clinic,clinic,8.810804,78.140844,node/7843311795
Priya Clinic,clinic,8.80741,78.145655,node/7843311796
Dr. Agarwals Eye Hospital,hospital,8.8007241,78.1356495,node/7843311797
S.M Clinic,clinic,8.7959178,78.1336285,node/7843311799
ESI Hospital,hospital,8.8122128,78.1612165,node/7843311800
Thadeus Skin Clinic,clinic,8.8078821,78.1367997,node/7843311802
Dr. Arul's Diabetes & Lifestyle Centre,clinic,8.8049727,78.1389566,node/7843311803
Mariam Beevi Hospital,hospital,8.798544,78.133581,node/7843311804
General Hospital,hospital,8.797717,78.134947,node/7843311805
C.S.I. Jeyaraj Annapackiam Mission Hospital,hospital,8.8178984,78.1542039,node/7843311806
Ghurusanadh Hospital,hospital,8.8192535,78.148308,node/7843311807
Dr. Shankara Narayana ENT Hospital,clinic,8.797656,78.141078,node/7843311808
Siroraj Hospital,hospital,8.816451,78.155487,node/7843311809
Sujatha Clinic,clinic,8.7977559,78.148262,node/7843311810
Endoscopy Clinic,clinic,8.805762,78.150131,node/7843311811
Gokul Ortho Centre,clinic,8.812142,78.140895,node/7843311812
Herbocare Siddha Hospital,hospital,8.7998894,78.140102,node/7843311813
Malar Hospital,hospital,8.8164672,78.1614708,node/7843311814
Jaya Homoeopathy Clinic,clinic,8.7973934,78.1475921,node/7843311816
VVP Hospital,hospital,8.7954122,78.1416155,node/7843311817
Dr. K. Ramsundar Neuro Centre,clinic,8.8053468,78.1506942,node/7843311818
Dr.V Arunachalam Clinic,clinic,8.813519,78.142541,node/7843311819
Gothai Clinic,clinic,8.807097,78.147865,node/7843311820
Aravind Eye Hospital,hospital,8.805381,78.141538,node/7843311821
Grace Hospital,hospital,8.809841,78.143244,node/7843311822
Sivakami Hospital,hospital,11.4531846,77.4299288,node/7843519045
KRP Hospital,hospital,11.5142473,77.4546226,node/7843519046
Sri Sudha Physiotherapy Clinic,clinic,11.4559915,77.4300217,node/7843519049
U M Hospital,hospital,11.4544151,77.4240386,node/7843519050
Lakshmi Ammal Clinic,clinic,11.4964829,77.3012867,node/7843519053
Kariyamanikam Hospital,hospital,11.5229297,77.5134812,node/7843519054
Arun Hospital,hospital,11.4538121,77.4305743,node/7843519056
NM Hospital,hospital,11.4765419,77.5801178,node/7843519057
Sairam Clinic,clinic,11.4560122,77.4306716,node/7843519059
Government Hospital,hospital,11.5218505,77.5285238,node/7843519060
Siddha Hospital,hospital,11.4592522,77.4308223,node/7843519061
Sri Varahi Herbal Research Centre and Hospital,hospital,11.4539333,77.4427438,node/7843519062
Sengotayan Hospital,hospital,11.4504212,77.4300223,node/7843519063
Best Hospital,hospital,11.4543558,77.4263617,node/7843519064
Anandhan Clinic,clinic,11.4548037,77.4349074,node/7843519065
Anand Nursing Home,clinic,11.4553169,77.4296248,node/7843519066
Kanmani Child Care Clinic,clinic,11.4545273,77.428668,node/7843519068
Ramachandran Hospital,hospital,11.452242,77.434641,node/7843519070
Dr. Gopal Hospital,hospital,11.455258,77.422901,node/7843519071
Dr. Kandhasamy Hospital,hospital,11.4750159,77.5798168,node/7843519072
Hussainya Homeopathy Hospital,hospital,11.507225,77.386729,node/7843519073
MRS Hospital,hospital,11.4590545,77.4284363,node/7843519074
VG Ortho Centre,clinic,11.4550504,77.4225102,node/7843519076
SPK Hospital,hospital,11.47498,77.5798076,node/7843519078
Rajasekaran Hospital,hospital,11.454463,77.4262,node/7843519079
Samuel Hospital,hospital,11.4542555,77.4271194,node/7843519080
Kumaran Hospital,hospital,11.4533971,77.4349621,node/7843519081
Singiripalayam Bone Treatment Centre,clinic,11.4558865,77.3297096,node/7843519082
Sivasakthi Hospital,hospital,11.4544711,77.4297229,node/7843519083
Sai Sri Kumaran Clinic,clinic,11.4474062,77.3585448,node/7843519084
NMS Cardio Care Clinic,clinic,11.4550147,77.430786,node/7843519085
Assisi Hospital,hospital,11.4636431,77.30493,node/7843519086
SS Children's Hospital,hospital,11.4555386,77.4296357,node/7843519087
Poorani Ravichandran Hospital,hospital,11.4550863,77.4307802,node/7843519088
Nalam Vazh S.K Siddha and Varma Clinic,clinic,11.457576,77.412164,node/7843519089
Kavitha Children's Hospital,hospital,11.4565402,77.4310815,node/7843519090
Nalam General & Diabetes Care Hospital,hospital,11.523399,77.51107,node/7843519091
SP Dhanapal Hospital,hospital,11.4559935,77.4304406,node/7843519093
Gobi Siddha Health Centre,clinic,11.455616,77.4307062,node/7843519095
Subi Hospital,hospital,11.5070348,77.5375885,node/7843519096
Karthikeyan Hospital,hospital,11.5068171,77.3844296,node/7843519097
GK Siddha Ayurveda Clinic,clinic,11.445915,77.433649,node/7843519098
Germen Homeopathy Clinic,clinic,11.4536305,77.4394692,node/7843519099
Sri Dhanvantari Siddha Clinic,clinic,11.4561216,77.4295797,node/7843519100
Neha Hospital,hospital,11.4560138,77.4270219,node/7843519101
JP Hospital,hospital,11.454765,77.438257,node/7843519102
Krithik Clinic,clinic,11.4756073,77.5780846,node/7843519103
Eye Hospital,hospital,11.466427,77.569526,node/7843519104
ESI Hospital,hospital,11.457705,77.440475,node/7843519105
KKS Hospital,hospital,11.4551792,77.4392927,node/7843519108
Government Hospital,hospital,11.4436291,77.3797811,node/7843519109
Jesus Hospital,hospital,11.4511405,77.4355211,node/7843519110
M.S Children's Hospital,hospital,11.4556012,77.4301006,node/7843519111
NSPP Hospital,hospital,11.4576543,77.4328152,node/7843519112
Gobi Diabetic Hospital,hospital,11.455394,77.4301181,node/7843519114
Bala Hospital,hospital,11.522996,77.512794,node/7843519115
Dr. Ramesh Babu Clinic,clinic,11.4560871,77.4296353,node/7843519116
Ragav Hospital,hospital,11.475895,77.581045,node/7843519117
Dr. P Kathirvel Hospital,hospital,11.5064531,77.3836952,node/7843519118
Dr. Rathinasamy Hospital,hospital,11.457562,77.4327752,node/7843519119
Palaniappa Clinic,clinic,11.4555925,77.4202828,node/7843519120
Singiripalayam Natarajan Siddha Ortho Care,clinic,11.4603252,77.3183801,node/7843519121
AG Kids Clinic,clinic,11.4501348,77.4349865,node/7843519122
Care Clinic,clinic,11.4968054,77.2967153,node/7843519123
Sankareswari Eye Hospital,hospital,11.4572997,77.428765,node/7843519124
Gobi Neuro Mind Care,hospital,11.4548344,77.434649,node/7843519125
Arun Hospital,hospital,11.4548852,77.4250314,node/7843519126
Dr. Moorthy Hospital,hospital,11.4546045,77.4308533,node/7843519127
SP Hospital,hospital,11.456607,77.430302,node/7843519128
Mohindeen Hospital,hospital,8.684624,77.566228,node/7843768404
Bogar Siddha Clinic,clinic,8.686157,77.461549,node/7843768405
Saradha Clinic,clinic,8.785905,77.724646,node/7843768406
Nimrate Hospitam,hospital,8.826839,77.374085,node/7843768407
Elayaraja Orthopaedic Hospital,hospital,8.692185,77.461732,node/7843768408
Arun Hospital,hospital,8.714397,77.385855,node/7843768409
Kanna Hospital,hospital,8.6819991,77.4668871,node/7843768410
Nimrod Hospital,hospital,8.8239964,77.3742084,node/7843768411
Chandra Nursing Home,hospital,8.718179,77.383002,node/7843768412
Ayya Kovil,hospital,8.757511,77.507067,node/7843768413
Precision Dental Clinic,hospital,8.787285,77.726385,node/7843768415
Acupuncture Clinic,clinic,8.7094163,77.4099478,node/7843768416
Aviztham Siddha Hospital,hospital,8.714996,77.37231,node/7843768417
Myopathy Hospital,hospital,8.8909214,77.6510483,node/7843768418
Vaigarai Homeopathy Hospital and Research Centre,hospital,8.66824,77.665116,node/7843768419
Government Hospital,hospital,8.8950114,77.6761534,node/7843768421
Athi Sakthi Clinic,clinic,8.7143432,77.3865614,node/7843768423
Swami Sivananda Centenary Charitable Hospital,hospital,8.6623605,77.5843025,node/7843768424
Saro Hospital,hospital,8.81799,77.659295,node/7843768425
Pandian Hospital,hospital,8.7044495,77.4562408,node/7843768426
Raaja Hospital,hospital,8.726781,77.666446,node/7843768427
Dr. P Arumugam Clinic,clinic,8.7220514,77.6586702,node/7843768428
Lakshmi Hospital,hospital,8.696885,77.518804,node/7843768429
BMK Siddha Hospital,hospital,8.6802817,77.5604769,node/7843768431
Azeez Hospital,hospital,8.704838,77.458776,node/7843768432
Ram Swarna Clinic,clinic,8.78517,77.7265479,node/7843768435
Subhalakshmi Hospital,hospital,8.713143,77.393576,node/7843768437
Aravind Vision Centre,clinic,8.6622962,77.5844495,node/7843768438
Dhanvantri Hospital,hospital,8.6958207,77.5198787,node/7843768440
Aravind Eye Care Hospital,hospital,8.68886,77.463309,node/7843768442
Aravind Vision Centre,clinic,8.743359,77.524347,node/7843768444
Sugam Hospital,hospital,8.822265,77.372346,node/7843768445
ESI Hospital,hospital,8.787162,77.726567,node/7843768446
Healthy World Physiotherapy Clinic,clinic,8.670143,77.5858102,node/7843768448
Sri Ramakrishna Siddha Health Care,clinic,8.703657,77.44895,node/7843768449
Damayanthi Hospital,hospital,8.684954,77.461809,node/7843768450
Anandha Jothi Hospital,hospital,8.703722,77.4495772,node/7843768451
Ram Swarna Clinic,clinic,8.762617,77.708793,node/7843768452
Rajathiran Hospital,hospital,8.815422,77.680813,node/7843768453
Dr. Kumar Children's Clinic,clinic,8.7034288,77.4488879,node/7843768454
Sathya Clinic,clinic,8.69244,77.520877,node/7843768455
Sakthi Nursing Home,hospital,8.701266,77.460029,node/7843768456
"Anbu Hospital,",hospital,8.827374,77.373559,node/7843768457
Kumarasamy Hospital,hospital,8.694761,77.519646,node/7843768460
Sigaram Siddha Hospital,hospital,8.6886306,77.4615642,node/7843768461
Indra Hospital,hospital,8.687461,77.566403,node/7843768463
Pushpam Memorial Hospital,hospital,8.7453897,77.52314,node/7843768464
Nellai Test Tube Baby Hospital,hospital,8.7234105,77.6620741,node/7843768467
Krishna Hospital,hospital,8.740501,77.522546,node/7843768468
Kaithe Millath Hospital,hospital,8.722522,77.659294,node/7843768470
ESI Hospital,hospital,8.7126691,77.3946823,node/7843768471
KK Siddha Clinic,clinic,8.703561,77.458439,node/7843768472
JR Rehabilitation Centre,clinic,8.669492,77.66992,node/7843768473
Chandra Sekar Hospital,hospital,8.714802,77.384013,node/7843768474
Jessie Eye Hospital,hospital,8.7035582,77.4498042,node/7843768475
Vidivelli Hospitals,hospital,8.6694785,77.6692658,node/7843768476
Rajam Clinic,clinic,8.7140937,77.3871669,node/7843768477
Dr. Muthukumar Hospital,hospital,8.688891,77.461203,node/7843768478
Sankar Hospital,hospital,8.804653,77.736598,node/7843768479
Maris Siddha Hospltal,hospital,8.8235761,77.3737701,node/7843768480
Kerala Arogya Ayurveda Panchakarama Hospital,hospital,8.70583,77.44052,node/7843768481
Raja Pandian Hospital,hospital,8.70404,77.4561799,node/7843768482
Government Hospital,hospital,8.671871,77.58752,node/7843768484
Dr. Sankaranarayanan Hospital,hospital,8.704138,77.45877,node/7843768485
Santha Hospital,hospital,8.703363,77.458363,node/7843768486
Thilaks Hospital,hospital,8.725932,77.663712,node/7843768489
IRK Siddha Hospital,hospital,8.724189,77.663674,node/7843768490
Manuel Physiotherapy Clinic,clinic,8.7110877,77.4002799,node/7843768492
Wellington Cantonment Hospital,hospital,11.359058,76.7834904,node/7843845236
SV Clinic,clinic,11.4081809,76.8732902,node/7843845237
Mahraj Clinic,clinic,11.4064903,76.7061166,node/7843845238
Sri Sai Clinic,clinic,11.4217466,76.8621327,node/7843845239
Ramachandran's Hospital,hospital,11.3523268,76.787917,node/7843845240
Melkavatty Hospital,hospital,11.3837472,76.6563613,node/7843845241
Immanuel Eye Hospital,hospital,11.342419,76.788655,node/7843845242
Sudar Clinic,clinic,11.4082974,76.8732954,node/7843845243
Charing Cross Eye Hospital,hospital,11.411348,76.710521,node/7843845244
Sait Memorial Hospital,hospital,11.4077296,76.7026857,node/7843845245
Devi Hospital,hospital,11.356741,77.16542,node/7843845246
Vinayak Clinic,clinic,11.4263692,76.8658619,node/7843845247
Dhanam Hospital,hospital,11.3472623,76.7897334,node/7843845249
Dr. Paulraj Clinic,clinic,11.3441268,76.793814,node/7843845253
Sivakumar Hospital,hospital,11.4213103,76.8606476,node/7843845254
Redeemer Homeopathy Clinic,clinic,11.3486311,76.8014328,node/7843845255
ENT Clinic,clinic,11.3459032,76.7954086,node/7843845259
Ganesh Gounder Vaidhya Salai,hospital,11.3308768,77.1693058,node/7843845262
Sri Sivasakthi Clinic,clinic,11.3590954,77.3200514,node/7843845264
Sugam Homeo Clinic,clinic,11.3476021,76.7960899,node/7843845265
Annai Clinic,clinic,11.7773716,77.003185,node/7843845266
Cordite Factory Hospital,hospital,11.3671903,76.7654711,node/7843845267
Government Hospital,hospital,11.3549831,77.1447253,node/7843845268
Nalan Gastro Centre,clinic,11.3500387,76.7999388,node/7843845271
Malar Baby Clinic,clinic,11.3560266,77.3186295,node/7843845272
Herbocare Hospital,hospital,11.4095549,76.7043618,node/7843845274
Dr. Nanjundan Clinic,clinic,11.4236287,76.8681637,node/7843845275
Gospel Clinic,clinic,11.3476876,76.7837101,node/7843845277
ARS Clinic,clinic,11.3819531,77.308379,node/7843845279
HF Hospital,hospital,11.4213865,76.8641399,node/7843845280
Vishnu Nursing Home,hospital,11.351926,77.165558,node/7843845281
Assisi Hospital,hospital,11.773541,77.008238,node/7843845282
JMGV Hospital,hospital,11.775842,77.005864,node/7843845283
Arunachalam Hospital,hospital,11.3546609,77.1698426,node/7843845286
Sutton Estate Group Hospital,hospital,11.3012082,76.7406229,node/7843845288
Chinathambi Hospital,hospital,11.3282162,77.1683726,node/7843845289
Sri Saravana Clinic,clinic,11.351058,77.1670823,node/7843845290
Thangam Health Care Hospital,hospital,11.3484244,77.1652678,node/7843845292
FPA Hospital,hospital,11.344371,76.802178,node/7843845293
Lawrence School Hospital,hospital,11.3821244,76.7021199,node/7843845294
Dr. Inian's Clinic,clinic,11.3504803,76.8005646,node/7843845295
Government Hospital,hospital,11.3713664,77.3234618,node/7843845296
Dr. Ponnusamy Hospital (Ramya Hospital),hospital,11.3564948,77.3205218,node/7843845297
Muthu Hospital,hospital,11.3512958,77.1671183,node/7843845298
Rishik Arya Clinic,clinic,11.3601492,77.320604,node/7843845299
Cantonment Hospital,hospital,11.363568,76.788468,node/7843845300
Ponmani Clinic,clinic,11.3450286,76.795183,node/7843845302
Emmanuel Eye Hospital,hospital,11.3429624,76.7883747,node/7843845303
Hi Physiotherapy Clinic,clinic,11.4087246,76.7007506,node/7843845304
Sri Ambal Clinic,clinic,11.3529757,77.318667,node/7843845305
PG Hospital,hospital,11.353796,77.164196,node/7843845306
Priyanka Clinic,clinic,11.4087551,76.7053023,node/7843845308
Blaisy Eye Hospital,hospital,11.4111471,76.7106639,node/7843845309
Sumith Hospital,hospital,11.0387262,76.9228367,node/7844009703
Devarshola Garden Hospital,hospital,11.5351201,76.4433393,node/7844009705
Ranjith Dental Hospital,hospital,11.038389,76.926209,node/7844009706
Muruganatham Clinic,clinic,11.0247015,76.9437321,node/7844009707
Rukmani Ammal Hospital,hospital,11.025042,76.9439008,node/7844009710
Onecare Ortho Hospital,hospital,11.026568,76.948798,node/7844009711
Harshika's Homoeo Clinic,clinic,11.0283152,76.9391123,node/7844009713
Ayurvalley Ayurvedic Clinic,clinic,11.4854548,76.3411204,node/7844009715
Sri Saastha Physiotherapy Centre,clinic,11.0271382,76.9428333,node/7844009718
Victoria Clinic,clinic,11.5248923,76.3287797,node/7844009719
Raaj Dental Hospital,hospital,11.0263447,76.9423976,node/7844009721
Kannan Clinic,clinic,11.027046,76.9481906,node/7844009722
MCM Hospital,hospital,11.5437482,76.4394877,node/7844009723
Government Hospital,hospital,11.5063815,76.4927258,node/7844009724
Aswin Hospital,hospital,11.0255271,76.9515108,node/7844009725
Nellakotta Primary Hospital,hospital,11.552993,76.419181,node/7844009726
ENT Clinic,clinic,11.0269053,76.947927,node/7844009727
Gireesh Clinic,clinic,11.037184,76.9231792,node/7844009729
Vetri's Homeo Care,clinic,11.0263805,76.9415948,node/7844009730
Ayurvalley Ayurvedic Clinic,clinic,11.5170548,76.2667582,node/7844009731
Dr. K. Suresh Clinic,clinic,11.0300612,76.9397208,node/7844009732
Government Hospital,hospital,11.5264581,76.3292672,node/7844009733
Rophe Physiotherapy Clinic,clinic,11.5081923,76.4923676,node/7844009734
Government Hospital,hospital,11.484829,76.338996,node/7844009736
Priyadarshini Homoeo Clinic,clinic,11.51785,76.4984844,node/7844009737
Karthik Clinic,clinic,11.038796,76.926025,node/7844009740
Poornima Clinic,clinic,11.0256516,76.937116,node/7844009741
Polyclinic,clinic,11.5437933,76.4394979,node/7844009742
Sakthi Fertility Hospital,hospital,11.0255323,76.9463747,node/7844009743
GTMO Hospital,hospital,11.502887,76.4935025,node/7844009744
Dr. Rajasekar Clinic,clinic,11.0369397,76.927068,node/7844009747
Masani Hospital,hospital,11.0246928,76.9435571,node/7844009748
Kandaswamy Sidhq Hospital,hospital,11.026645,76.945987,node/7844009749
Pearl Division Hospital,hospital,11.5346478,76.4050262,node/7844009750
Attikunna Mini Hospital,hospital,11.5029982,76.3669021,node/7844009751
Shree Kanna Clinic,clinic,11.026359,76.948803,node/7844009753
P S G Cules Hospital,hospital,11.045772,76.92291,node/7844009754
Akshaya Clinic,clinic,11.0271033,76.9496102,node/7844009755
Amala Hospital,hospital,11.575678,76.363137,node/7844009756
Albin's House,hospital,11.4921066,76.4259542,node/7844009757
Webster Memorial Eye Hospital,hospital,11.5116807,76.4935163,node/7844009758
Dr. Sumathi Chandrasekaran Clinic,clinic,11.0313641,76.9404132,node/7844009759
Seenai Ayurvedics,hospital,11.555545,76.310105,node/7844009760
Garden Hospital,hospital,11.5054015,76.3197207,node/7844009762
Paavai ENT Hospital,hospital,11.0270905,76.9416551,node/7844009763
Holy Cross Health Centre,clinic,11.4737311,76.3811773,node/7844009764
P.M. Clinic,clinic,11.2281078,77.4647296,node/7844058256
Srinivas Hospital,hospital,11.013248,77.0192485,node/7844058258
Arogya Clinic,clinic,11.2706519,77.4100587,node/7844058259
Kavya Ortho Centre,clinic,11.0150335,77.0216931,node/7844058260
Kadhasamy Hospital,hospital,11.148674,77.350663,node/7844058261
Sri Dhanvanthri Clinic,clinic,11.160539,77.349578,node/7844058262
Thavamani Hospital,hospital,11.2719549,77.4120852,node/7844058264
SM Clinic,clinic,11.013613,77.019663,node/7844058266
Jacob Hospital,hospital,11.1645096,77.3496992,node/7844058269
Chycartist Hospital,hospital,11.0160902,77.0202551,node/7844058270
Vasumathi Health Care,clinic,11.1576405,77.4436732,node/7844058274
Sri Maha Annai Clinic,clinic,11.1707162,77.4536498,node/7844058275
Revathi Charity Trust Hospital,hospital,11.1588612,77.34966,node/7844058276
Sri Aravindhar Hospital,hospital,11.1697756,77.4448276,node/7844058277
Velliraveli Government Hospital,hospital,11.2664783,77.4535163,node/7844058279
J.M Clinic,clinic,11.1652337,77.4763823,node/7844058281
Viswanathan Hospital,hospital,11.2725112,77.411171,node/7844058282
Thiru Physiotherapy Clinic,clinic,11.0143629,77.023391,node/7844058283
Aravind Eye Care Hospital,hospital,11.1729469,77.4574467,node/7844058284
Sri Murugan Nursing Home,clinic,11.271798,77.409776,node/7844058285
Harisandhara Clinik,clinic,11.2711263,77.4109069,node/7844058286
S V Hospital,hospital,11.273427,77.411431,node/7844058287
Dhanam Thangam Hospital,hospital,11.2719384,77.4121472,node/7844058288
Shobana Clinic,clinic,11.1523012,77.4439668,node/7844058290
Sri Renu Hospital,hospital,11.1990225,77.4219937,node/7844058293
Jeeva Health Care,clinic,11.155934,77.444441,node/7844058294
Nalam Child Care,clinic,11.0006287,77.0306011,node/7844058295
Lekha Clinic,clinic,11.006978,77.0273766,node/7844058296
Kumaran Clinic,clinic,11.1697553,77.451543,node/7844058298
Dr. Felix Hospital,hospital,11.0044086,77.0348661,node/7844058299
Ram Doctor Hospital,hospital,11.1709391,77.4532808,node/7844058300
Government Hospital,hospital,11.1766489,77.4532784,node/7844058301
Vista Care Opticals & Eye Clinic,clinic,11.0101764,77.0245161,node/7844058302
Sri Kumaran Clinic,clinic,11.155488,77.443657,node/7844058303
Vishnu Hospital,hospital,11.0076298,76.9576345,node/7844131964
Alshifa Healing and Naturopathy Clinic,clinic,10.998631,76.9512758,node/7844131965
Dr. J K's Homeopathy Clinic,clinic,11.0046785,76.9530101,node/7844131966
Arc Fertility Hospital,hospital,11.012539,76.986166,node/7844131967
Rex Ortho Hospital,hospital,11.008405,76.956396,node/7844131968
Shark Clinic,clinic,11.0188961,76.9744842,node/7844131969
Dr. B. Nirmala Womens Clinic,clinic,11.0163044,76.9799078,node/7844131970
Dr. Karthikeyan Clinic,clinic,10.9969119,76.9995376,node/7844131971
Kids Clinic,clinic,11.0163842,76.9812846,node/7844131973
N R Hospital,hospital,11.0112326,76.9548289,node/7844131974
Parvathy Hospitals,hospital,11.01472,76.952299,node/7844131975
Srigiri Ayurvedic Hospital,hospital,11.0081541,76.9578763,node/7844131977
K.B.S. Hospital,hospital,11.0157437,76.9842202,node/7844131978
Dr. G. Thiagarajan's Memorial Hospital,hospital,11.00534,76.989401,node/7844131979
Ramvel Hospital,hospital,10.9958212,76.9963939,node/7844131980
Shajitha Anwaruddin Clinic,clinic,10.9905191,76.9592219,node/7844131981
Sathya Medical Centre & Hospital,hospital,11.0238937,76.9582121,node/7844131982
Dr. K Shitra Hospital,hospital,11.0052314,76.9555303,node/7844131983
Shakthi Clinic,clinic,11.015452,76.981739,node/7844131984
Ramakrishna Hospital,hospital,11.0207084,76.972413,node/7844131986
Seethalakshmi Maternity Hospital,hospital,11.0065379,76.9600631,node/7844131987
Sri Vishnu Priya Hospital,hospital,10.998711,76.951222,node/7844131988
Arun Urology Hospital,hospital,11.0143168,76.9449938,node/7844131989
Vennila Hospital,hospital,10.9901191,76.9421502,node/7844131991
R.S Hospital,hospital,11.0091279,76.954667,node/7844131992
Sayee Kids Care,clinic,11.015436,76.984214,node/7844131993
Welcare Hospital,hospital,10.989403,76.961714,node/7844131994
Becker Manual Hospital,hospital,11.020659,76.968611,node/7844131995
Lakshmi ENT Clinic,clinic,10.9973118,76.9963622,node/7844131996
G.K.P Clinics,clinic,10.9922284,76.9516612,node/7844131997
Narmada Hospital,hospital,10.9967758,77.0071075,node/7844131998
Rao Hospital,hospital,11.0131526,76.948405,node/7844131999
Kamala Prakash Hospital,hospital,11.007283,76.956267,node/7844132000
Rafa Hospital,hospital,11.007011,76.992439,node/7844132001
Subu Hospital,hospital,10.9920096,76.9520898,node/7844132002
Rajagambiram Dental Hospital,hospital,10.9923475,76.9559691,node/7844132003
Iswarya Hospital,hospital,11.0002483,76.9518169,node/7844132004
Anbu Child Care Clinic,clinic,11.0075989,76.9911858,node/7844132005
Marutham Health Clinic,clinic,11.0040562,76.9934204,node/7844132008
Sri Guru Hospital,hospital,10.9920855,76.9574858,node/7844132009
PGS Hospital,hospital,11.0153485,76.9524368,node/7844132010
Shree Malar Clinic,clinic,11.0027982,76.9551255,node/7844132012
K Jagathnathan Hospital,hospital,10.999154,76.951549,node/7844132014
Mak Hospital,hospital,11.008435,76.9580134,node/7844132016
Koliyankulam Hospital,hospital,8.2313835,77.6340654,node/7844921862
Thangaraj ENT Hospitals,hospital,8.446139,77.6054123,node/7844921863
Uma Hospital,hospital,8.1507633,77.5722134,node/7844921864
Sri Kumar Hospital,hospital,8.439324,77.603196,node/7844921865
The Dohnavur Fellowship,hospital,8.4645845,77.5806317,node/7844921866
Aysha Hospital,hospital,8.58171,77.587209,node/7844921867
Rose Children Hospital,hospital,8.334174,77.864134,node/7844921868
Shobha Hospital,hospital,8.3343196,77.8645976,node/7844921869
Madhumitha Hospital,hospital,8.385578,77.608115,node/7844921870
Ezhil Siddtha Hospital,hospital,8.514574,77.557122,node/7844921872
Annai Amaravathi Hospital,hospital,8.3856271,77.6105851,node/7844921873
Annan Hospital,hospital,8.354123,77.6645432,node/7844921874
Vivek Hospital,hospital,8.322792,77.578309,node/7844921875
Government Hospital,hospital,8.50846,77.574139,node/7844921876
Al Hudha Hospital,hospital,8.4433735,77.5991217,node/7844921877
Prakash Hospital,hospital,8.4698789,77.6845746,node/7844921879
Shree Maruti Clinic,clinic,8.545698,77.7682219,node/7844921880
Chokkalingam Hospital,hospital,8.513532,77.556037,node/7844921881
Luke Hospital,hospital,8.5973872,77.7120556,node/7844921883
Thambi Hospital,hospital,8.527133,77.56156,node/7844921886
Salom Hospital,hospital,8.433031,77.726933,node/7844921888
Balaji Hospital,hospital,8.393156,77.610889,node/7844921889
Vivekanada Masonic Hospital,hospital,8.092879,77.550692,node/7844921891
Nalamthaa Siddha Hospital,hospital,8.4128062,77.623645,node/7844921892
VP Hospital,hospital,8.335665,77.86332,node/7844921893
G.S Hospital,hospital,8.09567,77.550468,node/7844921894
Dr. Kaniraj Peter Clinic,clinic,8.32301,77.579221,node/7844921895
Karpagam Hospital,hospital,8.335607,77.861467,node/7844921896
AJ Hospital,hospital,8.528811,77.561649,node/7844921897
Government Hospital,hospital,8.608277,77.577132,node/7844921898
Chithambaranathan Hospital,hospital,8.150694,77.570682,node/7844921899
ABI'S Psychological Counselling and Research Centre,clinic,8.5100081,77.5557931,node/7844921900
Jose Hemalatha Hospital,hospital,8.324206,77.578919,node/7844921901
GM Hospital,hospital,8.3553329,77.6604565,node/7844921902
Bharath Hospital,hospital,8.155279,77.57311,node/7844921903
Government Hospital,hospital,8.1447107,77.5769509,node/7844921904
Prem Hospital,hospital,8.385411,77.612187,node/7844921905
Aravind Vision Centre,clinic,8.384021,77.610563,node/7844921906
Megala Dental Clinic,clinic,8.512582,77.558566,node/7844921907
Chellammal Hospital,hospital,8.1495429,77.5712404,node/7844921908
Raihan Clinic,clinic,8.444369,77.6059913,node/7844921909
Dohnavur Fellowship Hospital,hospital,8.465721,77.576982,node/7844921910
CSI Immanuel Mission Hospital,hospital,8.313823,77.88335,node/7844921911
Parvathy Nursing Home,hospital,8.514125,77.551701,node/7844921912
Deivanayagam Hospital,hospital,8.0835552,77.5513421,node/7844921913
St.Lourdes Hospital,hospital,8.180459,77.74457,node/7844921914
G.K Hospital,hospital,8.3186792,77.578436,node/7844921915
J.A.P Hospital,hospital,8.1599879,77.615708,node/7844921916
Bejan Singh Eye Hospital,hospital,8.3909271,77.6092669,node/7844921917
King David Hospital,hospital,8.3784618,77.6105111,node/7844921918
Dr. Jeganathan Hospital,hospital,8.387223,77.611919,node/7844921920
SCAD Hospital,hospital,8.6289855,77.6975614,node/7844921921
Madhumita Hospital,hospital,8.412765,77.623632,node/7844921922
Vijaya Murugan Eye Care,clinic,8.381522,77.614832,node/7844921923
Suham Hospital,hospital,8.387877,77.608032,node/7844921924
Shanthi Hospital,hospital,8.3341971,77.8703184,node/7844921925
St.Thomas Hospital,hospital,8.259881,77.605193,node/7844921926
Maria Clinic,clinic,8.4432238,77.6055892,node/7844921927
Giri Thangam Polyclinic,clinic,8.4127381,77.6236387,node/7844921928
Rajaram Hospital,hospital,8.0830107,77.5512866,node/7844921929
BBTCL Hospital,hospital,8.5681052,77.4096562,node/7844921930
V Share Palliative Centre,clinic,8.4643135,77.5805261,node/7844921931
Mizpa Clinic,clinic,8.387876,77.610176,node/7844921932
Armuga Nainar Hospital,hospital,8.513953,77.557967,node/7844921933
Lotus Mothercare,clinic,8.0874235,77.5494261,node/7844921934
Oswin Clinic,clinic,8.322479,77.579036,node/7844921936
Rani Physiotherapy Hospital,hospital,8.3352218,77.8629477,node/7844921938
Zigma Siddha & Ayurveda Clinic,clinic,8.093674,77.549128,node/7844921939
Dr. Ajith Hospital,hospital,8.335644,77.863033,node/7844921940
Dhanam Maternity Hospital,hospital,8.515256,77.555797,node/7844921941
Easwari Nursing Home,hospital,8.413131,77.62408,node/7844921942
Fathimma Hospital,hospital,10.1205454,77.5473032,node/7845007566
Jaivignesh Skin Hospital,hospital,10.009511,77.3493154,node/7845007567
Shri Balaji Clinic,clinic,10.120184,77.546139,node/7845007569
Nanthitha Hospital,hospital,10.112557,77.547212,node/7845007570
Kumaran Hospital,hospital,10.006842,77.350059,node/7845007571
Mercy Clinic,clinic,10.1249972,77.5417894,node/7845007572
Balaji Hospital,hospital,10.007185,77.350208,node/7845007573
Jai Clinic,clinic,10.007259,77.350049,node/7845007574
Selvi Electro Homeo Clinic,clinic,10.078553,77.521378,node/7845007575
Arun Siddha Clinic,clinic,10.1270502,77.549919,node/7845007576
Keerthi Shree Hospital,hospital,10.006948,77.351073,node/7845007577
A1 Clinical,clinic,10.0070112,77.3498429,node/7845007578
ECHS Polyclinic,clinic,10.009873,77.507599,node/7845007580
Sulaxsana Hospital,hospital,10.01233,77.351966,node/7845007584
Ambigai Multi Speciality Clinic,clinic,10.009984,77.350579,node/7845007586
Surendar Clinic,clinic,10.004481,77.352658,node/7845007587
Nerumathy ENT Speciality Hospital,hospital,10.006827,77.350137,node/7845007588
Jothi Clinic,clinic,10.012864,77.3517236,node/7845007589
Nattathi Nadar Hospital,hospital,10.005402,77.446691,node/7845007591
Mathi Children's Hospital,hospital,10.010101,77.349314,node/7845007592
Guru Physiotherapy Clinic,clinic,10.006989,77.350519,node/7845007595
Vikram Hospital,hospital,10.120164,77.546206,node/7845007596
Kohila Hospital,hospital,10.079078,77.519762,node/7845007597
Goutham Clinic,clinic,10.007768,77.34908,node/7845007598
Velraj Clinic,clinic,10.007503,77.354562,node/7845007599
Lakshmi Hospital,hospital,10.1171828,77.5463195,node/7845007600
Venkateshwara Hospital,hospital,10.0083102,77.348515,node/7845007601
Chelladurai Homeopathic Hospital,hospital,10.009674,77.349398,node/7845007602
Dr. Muthulakshmi Hospital,hospital,10.1224068,77.5400684,node/7845007604
Baskar Clinic,clinic,10.00934,77.348519,node/7845007605
Saravana Hospital,hospital,10.006855,77.349935,node/7845007606
Amudha Clinic,clinic,10.121485,77.543365,node/7845007608
Raajam Physiotherapy Clinic,clinic,10.008147,77.353095,node/7845007609
Kamali Clinic,clinic,10.1296691,77.5525263,node/7845007610
Boothipuram Nattathi Nadar Hospital,hospital,10.0053699,77.4466009,node/7845007611
Varadarajan Homeopathy Clinc,clinic,10.1236062,77.546592,node/7845007612
Pranaya Kidney Care Centre,clinic,10.009456,77.548691,node/7845007614
National Hospital,hospital,10.014835,77.352259,node/7845007615
Shifa Clinic,clinic,10.1470688,77.6424672,node/7845007617
Sri Hari Clinic,clinic,10.00682,77.350833,node/7845007618
Vasan Eye Care,clinic,10.1214686,77.5375598,node/7845007619
Ravindranath Hospital,hospital,10.010402,77.350894,node/7845007620
Dr. Paarthi's Heart Centre,clinic,11.0971923,77.3527727,node/7845853018
Eswaran Poly Clinic,clinic,11.097679,77.3470729,node/7845853019
Sasikumar Hospital,hospital,11.1051507,77.335476,node/7845853020
Homeo Clinic,clinic,11.1152452,77.3397099,node/7845853021
Ramya Children's Clinic,clinic,11.0993206,77.342525,node/7845853022
RJR Herbal Hospitals,hospital,11.096753,77.346988,node/7845853024
Miracle Healing Zone,clinic,11.0972324,77.3470134,node/7845853025
Dr. Gunashekaran Clinic,clinic,11.0990514,77.3400514,node/7845853026
Uma Nursing Home,clinic,11.0997039,77.3554831,node/7845853027
Revathi Hospital,hospital,11.123416,77.414787,node/7845853028
Zona Hospital,hospital,11.0974834,77.3533565,node/7845853029
Adithya Clinic,clinic,11.120882,77.352199,node/7845853031
AMC Super Speciality Hospital,hospital,11.0963178,77.3490793,node/7845853032
Ramasamy Skin Clinic,clinic,11.104714,77.348272,node/7845853033
Ideal Homeo care,hospital,11.0966359,77.3498083,node/7845853035
Dr. Raja Clinic,clinic,11.1278464,77.3927768,node/7845853036
Poornima Hospital,hospital,11.10788,77.325674,node/7845853037
Ganapathi Clinic,clinic,11.125046,77.348367,node/7845853038
ESI Hospital,hospital,11.1096063,77.3366279,node/7845853039
Royal Kidney Care Center,clinic,11.1156952,77.3394734,node/7845853040
Annai Clinic,clinic,11.1181643,77.3497042,node/7845853041
Arumugam Clinic,clinic,11.0970252,77.3393636,node/7845853043
Manam Health Care Hospital,hospital,11.1091822,77.335627,node/7845853044
Aadhav Clinic,clinic,11.0979695,77.3556593,node/7845853046
Subas Clinic,clinic,11.0968948,77.3396048,node/7845853047
Nallini Hospital,hospital,11.1091685,77.353517,node/7845853048
Sweta Multi Speciality Hospital,hospital,11.1011727,77.3575782,node/7845853049
Lotus Eye Hospital,hospital,11.1031666,77.3474352,node/7845853050
Dr. Mohan Raj Clinic,clinic,11.1169283,77.349534,node/7845853051
D K Clinic General & Ortho,clinic,11.1117864,77.3906835,node/7845853052
Dr. Karunanithy Hospital,hospital,11.1245519,77.34682,node/7845853054
KM Children Clinic,clinic,11.1020862,77.3564337,node/7845853055
Pratheep Clinic,clinic,11.104575,77.3357254,node/7845853057
Immuno Lab & Health Care,clinic,11.1136966,77.3487122,node/7845853058
R.K. Hospital,hospital,11.116491,77.3395591,node/7845853059
Surya Karutharipu Maiyam,hospital,11.1099295,77.3354284,node/7845853060
Sakthi Clinic,clinic,11.0945881,77.3424228,node/7845853062
Roots Skin Clinic,clinic,11.1008172,77.333106,node/7845853063
Galaxy Hospital,hospital,11.1009766,77.3553006,node/7845853064
V.S.A Saran Clinic,clinic,11.1047087,77.356983,node/7845853066
Orgean Life Care,clinic,11.1210513,77.3497341,node/7845853067
Smile Works Dental Hospital,hospital,11.0976027,77.3538561,node/7845853068
Skin Hospital,hospital,11.1124561,77.337064,node/7845853069
Dental and Orthodontic Center,clinic,11.0990919,77.3411027,node/7845853070
Dr. Raman Velumani Clinic,clinic,11.0994555,77.3412062,node/7845853071
Vedha Clinic,clinic,11.123283,77.411464,node/7845853072
Sekar Dental Hospital,hospital,11.1134609,77.3390426,node/7845853073
Arun Hospital,hospital,10.0083492,77.483841,node/7846072872
Chathirasekar Clinic,clinic,10.0092293,77.4790059,node/7846072873
PC Hospital,hospital,10.019645,77.479952,node/7846072874
Ramapandian Hospital,hospital,10.004566,77.489078,node/7846072875
Dr. Cure Ayush Clinic,clinic,10.005033,77.472384,node/7846072876
KK Hospital,hospital,10.004803,77.472931,node/7846072877
Theni Nattathi Speech and Hearing Clinic,clinic,10.015014,77.480945,node/7846072878
Surabhi Clinic,clinic,10.01524,77.483525,node/7846072879
Dr. Velmurugan Hospital,hospital,10.0086241,77.4804568,node/7846072880
Chandra Sekar Hospital,hospital,10.009372,77.478936,node/7846072881
KK Multispeciality Hospital,hospital,10.0264942,77.4796586,node/7846072883
Swathi Hospital,hospital,9.998852,77.466671,node/7846072884
RJR Herbal Hospital,hospital,10.008322,77.476417,node/7846072885
Ramya Hospital,hospital,10.017734,77.479233,node/7846072886
MM Skin and Cosmetology Clinic,clinic,10.009287,77.480026,node/7846072887
Prasath German Homoeopathic and Acupuncture Clinic,clinic,9.99542,77.486835,node/7846072888
Dharrunika ENT Clinic,clinic,10.0100976,77.4780375,node/7846072889
Dr. Cure Homoeopathic Clinic Hair and Skin Specialist,clinic,10.005569,77.472097,node/7846072890
Sri Vinayaga Homeopathy Clinic,clinic,10.009286,77.47763,node/7846072891
Tnkhnu Charity Fund Hospital,hospital,10.015293,77.480989,node/7846072892
Dr. Bosemani Hospital,hospital,10.010304,77.478582,node/7846072893
Sharini Clinic,clinic,10.0091068,77.4794338,node/7846072895
Shree Clinic,clinic,10.00121,77.46655,node/7846072896
Dr.Savana's Homeo Clinic,clinic,10.0158712,77.4807141,node/7846072897
Raja Nursing Home and Raaja Ortho Centre,clinic,10.014893,77.480445,node/7846072898
SMR Homoeopathy Clinic,clinic,10.0104804,77.4781261,node/7846072899
Karunai Hospital,hospital,10.01522,77.4801802,node/7846072900
Senthil Clinic,clinic,10.015398,77.484023,node/7846072902
Sugaalayam Ayush Clinic,clinic,10.0135008,77.4882104,node/7846072904
Abhinav Ortho and Trauma Centre,clinic,10.016977,77.479706,node/7846072905
Kumaran Kidney Care,clinic,10.019262,77.483626,node/7846072906
Dhanvanthiri Hospital,hospital,10.002995,77.489032,node/7846072907
Pranav Clinic,clinic,10.008553,77.480219,node/7846072909
Pranaya Speciality Hospital,hospital,10.019425,77.479883,node/7846072910
Arun Prem Homeopathy Clinic,clinic,10.008308,77.477146,node/7846072911
Manthra Mind Care Centre,clinic,10.011529,77.481472,node/7846072912
Shenba Ayurvedic Hospital,clinic,10.0112503,77.4855898,node/7846072914
AVS Eye Hospital,hospital,10.0112091,77.4793469,node/7846072915
Sun Mind Care Clinc & Research Centre,clinic,10.0122339,77.4833862,node/7846072916
Sri Vinayaka Hospital,hospital,9.999608,77.485068,node/7846072917
Rasan Memorial Hospital,hospital,10.009301,77.47904,node/7846072918
Srinivasa Hospital,hospital,10.009438,77.479721,node/7846072919
Aram Hospital,hospital,10.009355,77.478158,node/7846072920
Siva Sakthi Hospital,hospital,10.0146053,77.4821492,node/7846072921
Devadharshini Maternity Care,hospital,9.998306,77.465792,node/7846072922
Theni Kidney Care,clinic,10.007396,77.472182,node/7846072923
Basanthi Clinic,clinic,10.007814,77.473133,node/7846072924
Harini Childrens Clinic,clinic,10.0090451,77.4795652,node/7846072925
Sankar Hospital,hospital,10.010114,77.4769176,node/7846072927
Hema Teeth Hospital,hospital,10.010968,77.477246,node/7846072928
Dhamodharan Hospital,hospital,10.009659,77.479106,node/7846072929
Sri Ramani Clinic,clinic,10.0050375,77.4887854,node/7846072930
Home Hospital,hospital,10.006725,77.468502,node/7846072931
Padmvathi Clinic,clinic,10.011409,77.486266,node/7846072932
Theni Hospital,hospital,10.0098731,77.4769927,node/7846072933
Rajapandian Hospital,hospital,10.004942,77.489045,node/7846072934
Vijay Pet Clinic,clinic,10.0080654,77.4760354,node/7846072935
Vanaj Ortho Centre,clinic,10.0238179,77.4793978,node/7846072937
Theni Dhanwanthri Ayurvedha Hospital,hospital,10.030291,77.48123,node/7846072938
Premika Clinic,clinic,10.0082329,77.480312,node/7846072940
MCKS Pranic Healing Centre,clinic,10.016565,77.481544,node/7846072942
Theni Skin Hospital,hospital,10.00757,77.482805,node/7846072943
Sukumar Hospital,hospital,10.0095581,77.4782176,node/7846072945
Sri Ganapathy Eye Care,clinic,10.0201136,77.4798386,node/7846072946
Keerthana Hospital,hospital,10.007608,77.481585,node/7846072947
ESI Hospital,hospital,10.015051,77.479162,node/7846072948
Chandrasekhar Hospital,hospital,10.0088576,77.4813753,node/7846072949
Sivasakthi Clinic,clinic,10.016179,77.4860906,node/7846072950
Harini Hospital,hospital,10.019836,77.480227,node/7846072952
Rathinam Ortho Centre,clinic,10.0200099,77.480423,node/7846072953
Sahitya Ortho Clinic,clinic,10.020966,77.481665,node/7846072954
Nalam Hospital,hospital,10.020856,77.478718,node/7846072955
Pranic Healing Centre,clinic,10.9670704,78.050346,node/7846118078
Karur Dental and Cosmetology Hospital,hospital,10.9617053,78.0752566,node/7846118079
KB Kavitha Skin Care Centre,clinic,10.9616099,78.0766208,node/7846118080
K.S Skin Clinic,clinic,10.9617018,78.0756076,node/7846118081
Rainbow Baby Clinic,clinic,10.9627709,78.0718342,node/7846118082
Sri Vinayakah Kids and ENT Clinic,clinic,10.9618112,78.0763833,node/7846118083
Dr. Karunanidhi Baby Care Hospital,hospital,10.962121,78.0741953,node/7846118085
Dr. Prabakaran ENT Clinic,clinic,10.9595218,78.0735044,node/7846118087
Navaladi Hospital,hospital,10.9631494,78.0762111,node/7846118088
Murugesan Hospital,hospital,10.9619995,78.0643134,node/7846118089
Kabila Kannan Hospital,hospital,10.959361,78.072534,node/7846118090
Siddha Skin Clinic,clinic,10.9564121,78.0799866,node/7846118091
Dr. Karthi Hospital,hospital,10.9391186,78.0842197,node/7846118093
Vignesh Clinic,clinic,10.9468071,78.1051861,node/7846118094
Krg Hospitals,hospital,10.9620644,78.07212,node/7846118095
Sanjai Rithick Hospital,hospital,10.9628717,78.0740658,node/7846118097
Manimekalai Hospital,hospital,10.955985,78.081226,node/7846118098
Shree Sakthi Hospital,hospital,10.9636982,78.0698733,node/7846118099
Sri Manivel Clinic,clinic,10.9577851,78.0992261,node/7846118100
Sesham Foundation Nature Cure Clinic,clinic,10.9527117,78.065133,node/7846118101
Jeyammal Hospital,hospital,10.9633541,78.070428,node/7846118102
Nesi Eye Care Hospital,hospital,10.9612243,78.0704182,node/7846118103
Preethi Clinic,clinic,10.95625,78.0811168,node/7846118104
Karuvurar Siddha Hospital,hospital,10.9617419,78.0689621,node/7846118105
Parthasarathy's Dental Hospital,hospital,10.9615774,78.0716249,node/7846118106
Arasan Eye Hospital,hospital,10.961065,78.067647,node/7846118107
Krishna Neuro Centre,clinic,10.9614439,78.0737188,node/7846118108
Dr. Thirumalaisamy ENT Clinic,clinic,10.9620139,78.0756801,node/7846118109
K.K. Clinic,clinic,10.9472202,78.1034518,node/7846118110
Neethu Neuro Hospital,hospital,10.958315,78.0734656,node/7846118111
Vidiyal Hospital,hospital,10.9479113,78.1004165,node/7846118112
Krishna Medical Centre Hospital,hospital,10.9643009,78.0541215,node/7846118113
Dr. Rajendran Clinic,clinic,10.9619729,78.0769794,node/7846118115
Skin Trust Hospital,hospital,10.9615302,78.0767588,node/7846118116
Ananya Ortho Care Hospital,hospital,10.956319,78.081435,node/7846118117
Senthil's Emergency Care,hospital,10.9619826,78.0643823,node/7846118118
Skin Hospital,hospital,10.9560809,78.0799651,node/7846118120
Akhila Children's Hospital,hospital,10.9585894,78.0745699,node/7846118121
Balaji Hospital,hospital,10.9613902,78.076345,node/7846118123
Karur Neuro Centre,clinic,10.9587316,78.0741106,node/7846118124
Meganathan Hospital,hospital,10.9658739,78.052368,node/7846118125
Deepa Hospital,hospital,10.9628985,78.0766134,node/7846118126
Raja Psychiatric Hospital,hospital,10.956568,78.079981,node/7846118127
Surya Clinic,clinic,10.9593375,78.0736419,node/7846118128
Kumaran Hospital,hospital,10.9619213,78.0644924,node/7846118129
K R G Hospital,hospital,10.9633415,78.0684828,node/7846118130
Sankar Gastro Care,clinic,10.9617565,78.0764935,node/7846118131
Poongothai Hospital,hospital,10.9619987,78.0690593,node/7846118132
Sathyam Hospital,hospital,10.968865,78.048055,node/7846118133
Jai Children Hospital,hospital,10.956354,78.080021,node/7846118134
Niha Multi Speciality Hospitals,hospital,10.9611515,78.0715536,node/7846118135
Rajini Hospital,hospital,10.962794,78.076934,node/7846118136
Swaasthya Ayurveda Clinic,clinic,10.9587162,78.0726022,node/7846118137
Renuga Hospital,hospital,10.9595907,78.0733125,node/7846118139
Aadhavan Diet Clinic,clinic,10.9622519,78.0744953,node/7846118140
Jeyamani Plastic Surgery Centre,hospital,10.9615223,78.0737932,node/7846118141
Dhanvanthri Nilayam,hospital,10.9616527,78.0735138,node/7846118143
Loganathan Dental Care Hospital,hospital,10.962963,78.068556,node/7846118145
Sivabakkiyan Poly Clinic,clinic,10.9642254,78.0549579,node/7846118146
Gunam Hospital,hospital,10.9339489,78.0902964,node/7846118148
Dr. Saravanan Sarswathi Homeo Clinic,clinic,10.9618052,78.0746791,node/7846118149
Ranjith Child Hospital,hospital,10.9622369,78.0690826,node/7846118150
Meenakshi Skin Clinic,clinic,10.956036,78.0804762,node/7846118151
Sitharth Skin Clinic,clinic,10.9563547,78.0805722,node/7846118152
Nivi's Smile Care,clinic,10.9591388,78.0741614,node/7846118154
K.V.S Hospital,hospital,10.9560191,78.0809837,node/7846118155
Rasammal Baby Clinic,clinic,10.9620194,78.0744867,node/7846118156
Shajahan Hospital,hospital,10.7703217,78.8023177,node/7846487844
Gopinath Hospital,hospital,10.8567035,78.6922553,node/7846487845
Srinivasan Hospital,hospital,11.1535479,78.5944614,node/7846487848
Physiotherapy Clinic,clinic,10.7977816,78.7539946,node/7846487849
AJ Medical Centre & Hospital,hospital,10.8178484,78.6851018,node/7846487850
SVH Speciality Hospital,hospital,10.8225487,78.6830528,node/7846487851
Saranya Psychiatric and Deaddiction Hospital,hospital,10.8261103,78.6774443,node/7846487852
Srinidhi Hospital,hospital,10.7680025,78.6841464,node/7846487853
Sri Renga Homoe Clinic,clinic,10.789405,78.663796,node/7846487854
Saravana Hospitals,hospital,10.9944313,78.3273838,node/7846487855
Kamala Nursing Home,clinic,10.7903922,78.6664482,node/7846487856
Sabari Hospital,hospital,10.8017296,78.6957613,node/7846487857
Jaya Hospital,hospital,10.813015,78.7010119,node/7846487858
Sowmanasya Hospital and Institute of Psychiatry,hospital,10.8326513,78.6909964,node/7846487859
Akshaya Hospital,hospital,10.7834183,78.7008469,node/7846487860
Venkateswara Hospital,hospital,10.80769,78.6990611,node/7846487861
Chidambaranathan Hospital,hospital,10.9131642,78.7010356,node/7846487862
Bala Clinic,clinic,10.8207618,78.684512,node/7846487863
Rajappa Clinic,clinic,10.786262,78.739017,node/7846487864
Sathyam Nursing Home,clinic,10.8075672,78.6269028,node/7846487865
Sai Care Hospital,hospital,10.8224998,78.6752551,node/7846487866
Murugan Clinic,clinic,10.8132262,78.7011007,node/7846487867
Nirmal Hospital,hospital,11.1456633,78.5938188,node/7846487868
Banthavi Skin Care Clinic,clinic,10.8227836,78.6849127,node/7846487869
Dr. Srirangan Skin Clinic,clinic,10.820478,78.684568,node/7846487870
B.R. Hospital,hospital,11.1460635,78.5950492,node/7846487871
Lalitha Nursing Home,clinic,10.824349,78.682541,node/7846487872
Panneer Nursing Home,clinic,10.8292156,78.6772669,node/7846487873
Amirtha Varshini Physiotherapy Clinic,clinic,10.820671,78.694416,node/7846487874
Dr. Safiulla Hospital,hospital,10.7853789,78.6910737,node/7846487875
Ragavendra Hospital.,hospital,10.7759757,78.6859974,node/7846487876
Nagu Memorial Family Hospital,hospital,10.7778916,78.6720712,node/7846487877
Hashini IVF Centre,hospital,10.8197905,78.6843469,node/7846487878
PV Moorthy Hospital,hospital,10.8117331,78.6969997,node/7846487879
Arun Hospital,hospital,10.8262068,78.6846836,node/7846487880
Dr. Thiruvengadam Hospital,hospital,10.8137175,78.6357319,node/7846487881
St. Joseph Hospital,hospital,10.79207,78.65291,node/7846487883
Kalki Nursing Home,clinic,10.788513,78.665934,node/7846487884
Baby Hospital,hospital,10.8575378,78.6928204,node/7846487885
Komathasiddha Hospital,hospital,10.7867314,78.6670728,node/7846487886
SLN Child Health Clinic,clinic,10.8273657,78.6815127,node/7846487887
Silverline Speciality Hospital,hospital,10.8246371,78.681967,node/7846487888
Aswin Homeo Clinic,clinic,10.808486,78.6974535,node/7846487889
Vasan Hospital,hospital,10.8187547,78.6836963,node/7846487890
Mariam Clinic,clinic,10.8203518,78.6750897,node/7846487891
Arogya Ayurveda Hospital,hospital,10.8131042,78.6730489,node/7846487892
Nagu Hospital,hospital,10.7897017,78.6634264,node/7846487893
Srinvas Hospital,hospital,10.8235492,78.6816099,node/7846487894
Shree Ramya Hospital,hospital,10.8130426,78.675866,node/7846487896
Sugam Clinic,clinic,10.8297937,78.6977747,node/7846487897
Moorthys Hospital,hospital,10.8144447,78.6859995,node/7846487898
Dr. Nagadeepan Hospital,hospital,10.710523,78.7253872,node/7846487899
SMS Hospital,hospital,10.8270753,78.6824426,node/7846487900
Children Hospital,hospital,10.8197438,78.6762039,node/7846487901
Rathna Nursing Home,clinic,10.814597,78.6710068,node/7846487902
Dr.Guru's Pain Care Clinic,clinic,10.8160206,78.6904355,node/7846487903
Hindu Mission Hospital,hospital,10.8168975,78.6891947,node/7846487905
Siddha Clinic,clinic,10.8226152,78.676584,node/7846487906
kumaran Clinic & Nursing Home,clinic,11.1499976,78.5949082,node/7846487907
TR Hospital,hospital,10.7901175,78.6951689,node/7846487908
ESI Hospital,hospital,10.7769788,78.6366609,node/7846487909
City Hospital,hospital,10.8278181,78.6840472,node/7846487910
Trichy Skin and Laser Clinic,clinic,10.8219477,78.6753742,node/7846487911
Sounthararajan Hospital,hospital,10.8102331,78.6315628,node/7846487912
Dr. Siva Hospital,hospital,10.9877652,78.3359228,node/7846487913
Dr. G. Viswanathan Speciality Hospitals,hospital,10.8461466,78.6987217,node/7846487914
Dr. Alva Hospital,hospital,10.987225,78.336154,node/7846487915
Surya Child Hospital,hospital,10.8344117,78.6887181,node/7846487916
Om Harish Hospital,hospital,10.7734625,78.6930436,node/7846487917
Arogya Hospital,hospital,10.8201739,78.6747351,node/7846487918
Vaishali Hospital,hospital,10.8268337,78.6854975,node/7846487919
Meenakshi Clinic,clinic,10.8230523,78.6768284,node/7846487920
Velan Speciality Hospitals,hospital,10.7822224,78.7016182,node/7846487921
Sukriti Hospital,hospital,10.7731455,78.8049737,node/7846487922
Safiulla Hospital,hospital,10.8105002,78.6959714,node/7846487923
Maxcare Hospital,hospital,10.829047,78.6861428,node/7846487924
Sri Venkateswara Homeo Health Care,clinic,10.820521,78.675901,node/7846487925
K.K Clinic,clinic,10.8300662,78.6952146,node/7846487927
Gastro Care Hospital,hospital,10.8195071,78.6843609,node/7846487928
Madhavan Hospital,hospital,11.1519738,78.5945039,node/7846487929
Shri Sundar Nursing Home,clinic,10.8546662,78.6925026,node/7846487930
JK Hospital,hospital,11.1378635,78.5914533,node/7846487931
Neomed Hospital,hospital,10.8141922,78.6822878,node/7846487932
Government Sidha Hospital,hospital,10.8127985,78.6345428,node/7846487933
Star Kims Hospitals,hospital,10.8233564,78.681869,node/7846487934
M.J. Clinic,clinic,10.8310888,78.66958,node/7846487935
Sree Nursing Home,clinic,10.8121693,78.7073223,node/7846487936
Ravikumar Hospital,hospital,10.988317,78.336248,node/7846487937
Gitanjali Hospitals,hospital,10.8206918,78.6808905,node/7846487938
Health Sub Centre,clinic,11.1543086,79.013914,node/7846637018
Raswanth Hospital,hospital,11.2373958,78.8844426,node/7846637019
Sri Saravan Clinic,clinic,11.2348447,78.8712296,node/7846637021
Velmurugan Nature Cure Hospital,hospital,11.2393626,78.886825,node/7846637022
Amma Hospital,hospital,11.2416793,78.8937077,node/7846637023
Dr. G.S Memorial Hospital,hospital,11.2412864,78.8994385,node/7846637024
Om Sri Bhogar Siddha Clinic,clinic,11.2360308,78.8682805,node/7846637025
Child Hospital,hospital,11.4007524,78.9643935,node/7846637026
Ajay Bone Joint Hospital,hospital,11.2362492,78.8685472,node/7846637027
V Kumar Yoga Physio Care Clinic,clinic,11.2331075,78.8820222,node/7846637028
Government Hospital,hospital,11.4261241,78.7200159,node/7846637029
Sri Bakkiya Clinic,clinic,11.1362066,78.77579,node/7846637032
KMS Hospital,hospital,11.2397133,78.8856853,node/7846637033
Imaigal Eye Care Hospital,hospital,11.2351435,78.8762437,node/7846637035
Muthulakshmi Clinic,clinic,11.234284,79.021992,node/7846637037
Sembiyan Pulmo Care Hospital,hospital,11.1832621,79.0500179,node/7846637038
Atlas Hospital,hospital,11.235363,78.8726182,node/7846637039
Durga Piles Clinic,clinic,11.1351844,78.7750882,node/7846637041
STS Hospital,hospital,11.23604,79.022116,node/7846637042
Thendral Clinic,clinic,11.394058,79.1165207,node/7846637043
Arokya Hospital,hospital,11.2358859,78.8699575,node/7846637044
Dr. Devarajan Hospital,hospital,11.236732,78.881197,node/7846637045
Government Eye Hospital,hospital,11.236955,78.893863,node/7846637047
Wednary Hospital,hospital,11.1934334,79.0432997,node/7846637048
Raja Speciality Hospital,hospital,11.239723,78.866034,node/7846637049
Divine Siddha Clinic,clinic,11.238778,78.866485,node/7846637050
Saakraa Hospital,hospital,11.2365897,78.8679507,node/7846637051
SVB Clinic,clinic,11.2357734,78.8648019,node/7846637052
Reality Hospital,hospital,11.382232,78.7289364,node/7846637053
Infant Jesus Hospital,hospital,11.2366034,78.8523289,node/7846637054
GJ Speciality Clinic,clinic,11.2434,78.87164,node/7846637055
Mani Maran Ayurvedic Clinic,clinic,11.4173121,78.9425519,node/7846637056
Homoeo Care,clinic,11.2351709,78.8813598,node/7846637057
Ponnaiah Hospital,hospital,11.2313131,78.8834334,node/7846637058
K.S Clinic,clinic,11.3886347,78.8294783,node/7846637060
Government Hospital,hospital,11.2908638,78.9938154,node/7846637061
Abi Eye Clinic,clinic,11.2358356,78.8648056,node/7846637063
Sanjith Child Care Hospital,hospital,11.2359349,78.8695969,node/7846637064
M.G. Hospital,hospital,11.2405551,78.8892328,node/7846637065
Herbocare Hospital,hospital,11.2420912,78.8982573,node/7846637066
Selvas Hospital,hospital,11.2297477,78.8752875,node/7846637068
Velmurgan Nature Cure Hospital,hospital,11.2346897,78.8755742,node/7846637069
Hamnah Children's Clinic,clinic,11.3917679,79.0243344,node/7846637070
G. Kannusamy Clinic,clinic,11.2371567,78.8642692,node/7846637071
Annai Speciality Skin and Laser Clinic,clinic,11.2347616,78.8726559,node/7846637072
Government Hospital,hospital,11.1363432,78.9973256,node/7846637074
Anv Hospital,hospital,11.2348849,78.8718577,node/7846637075
Dhanalakshmi Srinivasan Hospital,hospital,11.234774,78.880344,node/7846637076
Dr. Gunagomathy Hospital,hospital,11.235713,78.87807,node/7846637077
Chellam Hospital,hospital,11.2352079,78.8702381,node/7846637078
Dhana Lakshmi Srinivasan Super Speciality Hospital,hospital,11.197282,78.874252,node/7846637079
Arputha Hospital,hospital,11.234368,78.877521,node/7846637081
Government Hospital,hospital,11.3628987,79.0524233,node/7846637083
Annai Homoeo Clinic,clinic,11.377045,78.790235,node/7846637084
Government Hospital,hospital,11.359096,79.1259986,node/7846637086
JP Skin Care Clinic,clinic,11.2353755,78.8848831,node/7846637088
Bala Clinic,clinic,11.378081,78.7891346,node/7846637089
A.V.R Clinic,clinic,11.2338341,78.877671,node/7846637090
Shri Sabapathy Ayurveda Hospital,hospital,11.2346944,78.881269,node/7846637091
Government Hospital,hospital,11.35228,78.8427508,node/7846637092
Pradeep Hospital,hospital,11.2359666,78.8747932,node/7846637093
Annai Hospital,hospital,11.2398299,78.8522678,node/7846637094
AVR Hospital,hospital,11.2348714,78.8719894,node/7846637095
JRS Clinic,clinic,11.1869142,78.871494,node/7846637096
Chenappan Clinic,clinic,11.236734,78.8640197,node/7846637097
Government Hospital,hospital,11.3897272,79.0322118,node/7846637098
Priyam Bone and Joint Clinic,clinic,11.2358337,78.8833372,node/7846637099
Global Ayush Hospital and Kidney Research Centre,clinic,10.0024168,77.6041886,node/7846882259
Omkhar Hospital,hospital,9.734092,77.2840282,node/7846882260
Vaaruni Clinic,clinic,10.0010815,77.6190283,node/7846882263
HNR Clinic,clinic,9.9722844,77.427404,node/7846882265
Kumaran Hospital,hospital,9.736183,77.28538,node/7846882266
Ayurveda Hospital,hospital,9.9981075,77.6225895,node/7846882267
Cumbum Joints and Spine Speciality Hospital,hospital,9.735448,77.283291,node/7846882269
KSKJ Children's Clinic,clinic,9.736605,77.2838013,node/7846882270
Ohm Siddha Specility Centre,clinic,9.842286,77.380298,node/7846882271
Krishna Clinic,clinic,9.735605,77.281988,node/7846882273
Muthu Surgical Hospital,hospital,9.842983,77.382009,node/7846882274
Aravind Vision Centre,clinic,9.896705,77.283438,node/7846882277
Aravind Eye Hospital,clinic,9.838829,77.379752,node/7846882278
Aravind Vision Centre,hospital,9.999816,77.624681,node/7846882279
Karthik Children's Hospital,hospital,9.735268,77.281793,node/7846882280
Mathumathi Herbal & Yoga Hospital,hospital,9.956667,77.490749,node/7846882282
Mathivanan Hospital,hospital,9.998983,77.620451,node/7846882284
Shiva Naturopathy Yoga & Homoeopathy Hospital,hospital,9.742457,77.282585,node/7846882285
Dr. Vijaya Lakshmi Hospital,hospital,9.732158,77.285691,node/7846882286
Shree Krishna Clinic,clinic,9.991681,77.357573,node/7846882287
Government Hospital,hospital,9.8730222,77.372567,node/7846882288
Jaya Hospital,hospital,9.7333812,77.284149,node/7846882289
Gopinath Nursing Home,hospital,9.8425817,77.3828962,node/7846882290
Chitra Clinic,clinic,9.8480909,77.2928961,node/7846882291
Pazhaniammal Hospital,hospital,9.9997761,77.6175734,node/7846882293
Tharun Skin & Cosmetology Clinic,clinic,9.8435769,77.3811859,node/7846882294
Manivannan Hospital,hospital,9.735575,77.285268,node/7846882295
Vijayalakshmi Hospital,hospital,9.999199,77.620713,node/7846882296
Dr. Anand Ortho Hospital,hospital,9.733346,77.285438,node/7846882297
Saleema Children's Hospital,hospital,9.7399159,77.2788663,node/7846882298
Fathima Hospital,hospital,9.736056,77.282231,node/7846882299
Government General Hospital,hospital,9.731135,77.280955,node/7846882301
Anbu Clinic,clinic,9.84276,77.38037,node/7846882303
Abhinav Ortho Hospital,hospital,10.0141679,77.6539011,node/7846882304
Vilvam Siddha Clinic,clinic,10.0000308,77.6183347,node/7846882305
Chellam Hospital,hospital,9.843386,77.381075,node/7846882306
Maruthi Hospital,hospital,9.996164,77.615054,node/7846882307
Ayurveda Hospaital,hospital,9.9977825,77.6225217,node/7846882308
Apm Sidha Hospital,hospital,9.7373278,77.2827277,node/7846882309
Annai Seeniammal Hospital,hospital,9.997965,77.622793,node/7846882310
Gopi Clinic,clinic,9.8413235,77.3812744,node/7846882311
Dr. Vasagar Clinic,clinic,9.9996406,77.6216588,node/7846882312
Palaniyammal Child Speciality Clinic,clinic,9.9997609,77.6176785,node/7846882313
Shanthi Clinic,clinic,9.9999901,77.6186895,node/7846882314
Crescent Clinic,clinic,9.736471,77.282047,node/7846882315
Thirumoolar Siddha Hospital,hospital,9.73543,77.28358,node/7846882316
Anbu Hospital,hospital,9.9988275,77.6163975,node/7846882317
Sakthi Clinic,clinic,9.735544,77.281823,node/7846882319
Amutha Hospital,hospital,9.7356085,77.2840878,node/7846882320
Homeopathy Clinic,clinic,9.733418,77.281406,node/7846882321
Bhagya Nursing Home,hospital,9.7334942,77.2841777,node/7846882322
Samudha Clinic,clinic,9.735497,77.28425,node/7846882323
Andal Nursing Home,hospital,9.999276,77.619757,node/7846882324
Holly Cross Clinic,clinic,9.891348,77.310075,node/7846882325
Government Hospital,hospital,9.839277,77.379574,node/7846882326
APM Hospital,hospital,9.736602,77.282148,node/7846882327
Asokan Hospital,hospital,9.9985356,77.6200939,node/7846882328
Government Hospital,hospital,9.932255,77.323164,node/7846882329
Government Hospital,hospital,9.993696,77.372115,node/7846882330
PTV Hospital,hospital,9.862361,77.287474,node/7846882332
Malar Physiotherapy Clinic,clinic,9.84002,77.383579,node/7846882334
Selvam Clinic,clinic,9.739491,77.283952,node/7846882336
Dhivya Hospital,hospital,9.737191,77.282507,node/7846882337
Kalyaan Poly Clinic,clinic,9.8406597,77.3811575,node/7846882339
Navajothi Hospital,hospital,9.734979,77.281772,node/7846882341
Sethu Bai Clinic,clinic,9.73549,77.283831,node/7846882342
Saijee Clinic,clinic,9.7416539,77.2826972,node/7846882343
Vyasini Multi Specilaty Hospital,hospital,9.974008,77.3533,node/7846882344
Sri Kala Ayurvedic and Siddha Hospital,hospital,8.7049877,77.7522769,node/7847045736
Krishna Homeopathy Clinics,clinic,8.7137097,77.783159,node/7847045737
Maya Hospital,hospital,8.7058849,77.7513675,node/7847045738
RSP Hospital,hospital,8.7259399,77.7055643,node/7847045739
Kumar Hospital,hospital,8.6992812,77.7327907,node/7847045740
Subuhani Heart Centre,clinic,8.7216324,77.7538382,node/7847045741
Jayakumar Hospital,hospital,8.699246,77.714533,node/7847045742
Sri Devi Hospital,hospital,8.7274381,77.7081868,node/7847045744
Tirunelveli Multi-Speciality Hospital,hospital,8.713907,77.760271,node/7847045747
Sri Guru Hospital,hospital,8.724715,77.6866393,node/7847045748
Government Hospital,hospital,8.7125221,77.7478902,node/7847045749
Jeni Hospital,hospital,8.7320389,77.7494099,node/7847045752
Akbar Hospital,hospital,8.7301989,77.6811267,node/7847045753
Parvathi Physiotherapy Clinic,clinic,8.7270657,77.7480305,node/7847045754
Sathya Hospital,hospital,8.726517,77.673099,node/7847045755
ECHS Polyclinic,clinic,8.6881316,77.7256395,node/7847045756
Sree Vijaya Children's Hospital,hospital,8.6965281,77.7121846,node/7847045759
M.G. Clinic,clinic,8.732999,77.7134851,node/7847045760
K.G. Hospital,hospital,8.731177,77.702675,node/7847045761
Anam Hospital,hospital,8.7282209,77.6902836,node/7847045762
BMK Siddha Hospital,hospital,8.7083213,77.7699316,node/7847045763
Karunya Health Centre,clinic,8.7239005,77.7427932,node/7847045764
Jamuna Clinic,clinic,8.724657,77.686862,node/7847045765
Orange Hospital,hospital,8.7215926,77.7573834,node/7847045767
Rafael Clinic,clinic,8.7246227,77.7454165,node/7847045768
Mother Hospital,hospital,8.7226721,77.7409117,node/7847045769
St. Paull's Hospital,hospital,8.6988269,77.7102825,node/7847045770
Venkateswara Hospital,hospital,8.7050571,77.7584201,node/7847045771
Nagarpura Aramba Sugathara Nilayam,hospital,8.725328,77.707601,node/7847045772
Crescent Hospital,hospital,8.6955281,77.7159246,node/7847045773
Dr. Allapitchai Hospital,hospital,8.7157091,77.7618563,node/7847045774
Iswarya Fertility Hospital,hospital,8.703941,77.730072,node/7847045775
Diawin Multi Speciality Siddha Hospital,hospital,8.700556,77.725985,node/7847045776
Narayana Heart Centre,hospital,8.7184475,77.7411363,node/7847045777
Shalom Clinic,clinic,8.715427,77.770537,node/7847045778
Kavitha Clinic,clinic,8.730492,77.748318,node/7847045781
Ganesh Sankar Hospital,hospital,8.7261442,77.7088774,node/7847045783
Jazbah Clinic,clinic,8.7241481,77.7467411,node/7847045784
Shifa Eye Hospital,hospital,8.7278984,77.7103496,node/7847045785
Suriya Clinic,clinic,8.7282846,77.6831491,node/7847045786
Muthu Hospital,hospital,8.7108953,77.726631,node/7847045787
Ramasamy Memorial Government Hospital,hospital,8.7313103,77.6820219,node/7847045790
"Dr.Godson, Rehoboth Psychiatry Clinic",clinic,8.7187415,77.7429191,node/7847045791
Gokul Hospital,hospital,8.719115,77.77135,node/7847045792
Prem Hospital,hospital,8.7290631,77.7004975,node/7847045793
Rhock Hospital,hospital,8.701241,77.7296439,node/7847045794
Almaa Siddha Care Clinic,clinic,8.6994124,77.7254955,node/7847045795
Annai Indira Gandhi Memorial Trust,hospital,8.7047779,77.737778,node/7847045796
Sri Vishnupriya Multi-Speciality Hospital,hospital,8.719588,77.758575,node/7847045797
Velavan ENT Clinic,clinic,8.7029892,77.7138648,node/7847045798
RJR Herbal Hospitals,hospital,8.7365637,77.711893,node/7847045799
Rathinam Hospital,hospital,8.717308,77.72032,node/7847045800
ARC Fertility Hospital,hospital,8.704319,77.730317,node/7847045801
Chella Suriya Hospital,hospital,8.7192645,77.7645363,node/7847045802
Asokam Siddha Care,clinic,8.7153078,77.7518208,node/7847045803
Ortho Cure Hospital,hospital,8.7257201,77.7175482,node/7847111677
Gold Child & Chest Clinic,clinic,8.732466,77.719815,node/7847111678
American Clinic,clinic,8.7273171,77.7358714,node/7847111680
Sri Vijayalakshmi Homeo Clinic,clinic,8.725856,77.7311417,node/7847111682
Spine Physiotherapy,clinic,8.7200075,77.7319875,node/7847111683
Seed Trust Siddha Hospital,hospital,8.711991,77.73179,node/7847111684
ESI Hospital,hospital,8.7291262,77.7205343,node/7847111686
M.S.P. Clinic,clinic,8.7258706,77.7357267,node/7847111687
Sai Ortho Centre,clinic,8.7189244,77.7327598,node/7847111689
Adam Ali Hospital,hospital,8.7461324,77.7028142,node/7847111690
Syed Hospital,hospital,8.7441887,77.7044246,node/7847111691
Jai Ayush Siddha Hospital,hospital,8.7187199,77.732946,node/7847111692
The Royal Chest Clinic,clinic,8.7190074,77.7327344,node/7847111693
Ramabhai Ponnudurai Hospital,hospital,8.72041,77.735581,node/7847111694
Dr. Velayudhan Pillai Hospital,hospital,8.7294097,77.7184298,node/7847111695
Nellai Siddha Varma Consulting Centre,clinic,8.724355,77.7313782,node/7847111696
Dr. V. Ganapathi Sidha Hospital,hospital,8.744868,77.707455,node/7847111697
Vamsam Fertility Research Centre,clinic,8.7347909,77.7216635,node/7847111698
Bethel Clinic,clinic,8.7263444,77.7383011,node/7847111699
SMS Hospital,hospital,8.7280028,77.7200448,node/7847111700
Dr. Pothilingam's Eye Clinic,clinic,8.7266679,77.7248281,node/7847111701
Sugarless Clinic,clinic,8.7156536,77.7321465,node/7847111702
Aruna Cardiac Care,clinic,8.7268477,77.7337584,node/7847111703
Muthamil Clinic,clinic,8.7267662,77.7351624,node/7847111705
Geetharani Clinic,clinic,8.7440251,77.7069745,node/7847111706
V Care Hair Care Hospital,hospital,8.7160513,77.7322389,node/7847111707
Nellai Ayurveda Clinic,clinic,8.724229,77.7313244,node/7847111708
Beulah Nursing Home,clinic,8.711325,77.734088,node/7847111709
Chendhur Cardiac Centre & Multi Speciality Hospital,hospital,8.7231175,77.7218894,node/7847111710
Gem Head and Neck Hospital,hospital,8.7262854,77.7328825,node/7847111711
Aruna Siddha Clinic,clinic,8.7259664,77.7302128,node/7847111712
Laxmi Bali Clinic,clinic,8.7250197,77.7374832,node/7847111713
Allapitchi Siddha Hospital,hospital,8.715862,77.732183,node/7847111715
Dr. Vaikundaraman Clinic,clinic,8.7138377,77.7322929,node/7847111716
Southern Heart Centre,clinic,8.7415457,77.7137908,node/7847111717
Hosanna Clinic,clinic,8.7262063,77.7320552,node/7847111719
Dr. Alagesan Neuro Clinic,clinic,8.7254466,77.7308309,node/7847111720
Mangala Hospital,hospital,8.7287561,77.7404281,node/7847111721
Raa-Shak Dental & Orthodontic Clinic,clinic,8.7188786,77.7319995,node/7847111722
John Acupuncture Center,clinic,8.728457,77.731351,node/7847111724
Queens Fertility Centre,clinic,8.7218492,77.7319473,node/7847111725
Dr. Sathyas Dental and ENT Clinic,clinic,8.7222602,77.7317495,node/7847111726
Guru Clinic,clinic,8.7237352,77.7336022,node/7847111727
Meera Homeo Clinic,clinic,8.7249417,77.7336773,node/7847111728
AKJN Skin and Laser Centre,clinic,8.7280357,77.7236177,node/7847111729
Sree Velsanth Cancer Care Centre,clinic,8.7255734,77.7305734,node/7847111730
Ram Barath Polyclinic,clinic,8.7259078,77.7360784,node/7847111731
Jeya Lakshmy Clinic,clinic,8.74888,77.699599,node/7847111732
P.S. Hospital,hospital,8.7269228,77.733596,node/7847111733
Asukavi Acupuncture Centre,clinic,8.729731,77.7244314,node/7847111734
Thanvanthri Hospital,hospital,8.733051,77.722927,node/7847111735
Dr. Elangovan Chellapa Ortho Clinic,clinic,8.7191315,77.7327122,node/7847111736
Adamali Hosptial,hospital,8.7442121,77.7044254,node/7847111738
Muthu Damian Hospital,hospital,8.719595,77.731876,node/7847111739
Paul Hospital,hospital,8.726895,77.7336814,node/7847111740
Nivya Hospitals,hospital,8.7303047,77.7228248,node/7847111741
Thambi Hospital Skin Specialist,hospital,8.7257127,77.730661,node/7847111742
Dr. Radhakrishnan Clinic,clinic,8.7445005,77.7118931,node/7847111743
Siva Counselling Clinic,clinic,8.7272665,77.7362323,node/7847111744
Dr.K. Muthurajan Malar Homeo Clinic,clinic,8.7252868,77.7310956,node/7847111745
Sankar Neuro Clinic,clinic,8.7292235,77.7229644,node/7847111746
Hari Fertility Centre,clinic,8.7300726,77.7195355,node/7847111747
ECHS Polyclinic,clinic,8.787414,78.124347,node/7849085386
Soundaiyan Hospital,hospital,9.6803815,77.2465472,node/7849085387
Senthil Andavr Clinic,clinic,9.7229111,77.3094773,node/7849085388
Vivekanandha Hospital,hospital,9.8110092,77.5037897,node/7849085389
Ramesh Hospital,hospital,9.8110691,77.5036119,node/7849085390
Village Health Centre,clinic,9.8135197,77.4992739,node/7849085391
Raphael's Hospital,hospital,8.679182,78.02897,node/7849085393
Ebenezer Hospital,hospital,8.7931056,78.1212691,node/7849085395
SPK Memorial Homeo Clinic,clinic,9.80691,77.335543,node/7849085396
Pusampetti Massage Centre,clinic,9.7870342,77.3782801,node/7849085398
Rajarajeshwari Hospital,hospital,9.7237573,77.5145231,node/7849085399
Kidney Care Center,clinic,8.780498,78.10047,node/7849085400
Dhenu Hospital,hospital,9.681052,77.245534,node/7849085401
Rajesh Hospital,hospital,8.79092,78.1177484,node/7849085402
Venkateshwara Hospital,hospital,8.7950528,78.1200664,node/7849085403
Government Hospital,hospital,8.787249,78.123156,node/7849085404
Hwp Township Hospital,hospital,8.7356798,78.1210447,node/7849085406
Monicka Hospital,hospital,8.8277307,78.1477008,node/7849085407
Pandian Homeo Clinic,clinic,9.8649818,77.4541831,node/7849085408
Panchali Clinic,clinic,9.6801955,77.2463683,node/7849085409
GH Hospital,hospital,8.743572,78.122584,node/7849085410
Nisha Siddha Hospital,hospital,8.789386,78.13119,node/7849085411
Sulliappan Ayurvedic Orthopedic Clinic,clinic,9.7871427,77.3784058,node/7849085413
Kulaiyankarisal Hospital,clinic,8.7157597,78.0800228,node/7849085414
Jayam Nursing Home,clinic,8.7431657,78.1213144,node/7849085415
Sathyam Hospitals,hospital,9.7249535,77.5152576,node/7849085416
Nallathambi Hospital,hospital,8.780109,78.100623,node/7849085417
Mathu Mitha Clinic,clinic,9.8123106,77.5040059,node/7849085419
Jaxton Hospital,hospital,8.7862824,78.1374226,node/7849085420
Komatha Siddha Hospital,hospital,9.788522,77.344003,node/7849085422
P.K. Hospital,hospital,8.790402,78.117618,node/7849085423
Muthu Hospital,hospital,8.742838,78.1235018,node/7849085424
Government Hospital,hospital,9.811519,77.325979,node/7849085426
Sri Krishna Ayurveda Chikitsalaya,clinic,8.795746,78.120734,node/7849085427
Shyamala Nursing Home,hospital,8.7461561,78.0543008,node/7849085428
Rama Hospital,hospital,8.8358287,78.1510335,node/7849085429
Vinayaga Polyclinic,clinic,8.79914,78.119279,node/7849085430
Sri Maniraj Clinic,clinic,9.6810193,77.2483798,node/7849085431
Jothi Clinic,clinic,9.7064443,77.3008391,node/7849085432
Unnamalai Ammal Hospital and Research Centre,clinic,9.8145532,77.5026033,node/7849085434
Rajam Hospital,hospital,8.7341008,78.1195755,node/7849085435
Raja's Hospital,hospital,9.8123625,77.5041972,node/7849085436
KMC Clinic,clinic,8.728106,78.0638627,node/7849085437
St. Joseph's Leprosy Hospital,hospital,8.829118,78.148338,node/7849085438
Shanthi Nursing Clinic,clinic,9.7233325,77.3101583,node/7849085439
Rama Moorthy Hospital,hospital,8.7487154,78.1285717,node/7849085441
Sakthi Vinayaga Clinic,clinic,8.741651,78.122011,node/7849085442
Sri Sai Hospital,hospital,9.739328,77.318491,node/7849085443
Royal Hospital,hospital,8.837286,78.126194,node/7849085445
Selvakrishna Hospital,hospital,8.742739,78.122595,node/7849085446
Arr Hospital,hospital,8.8179388,78.1259862,node/7849085448
Rasi Clinic,clinic,8.7912211,78.1176587,node/7849085449
Government Hospital,hospital,9.7723322,77.3365099,node/7849085450
Kanna Hospital,hospital,8.6836279,78.0452801,node/7849085451
S.S.R.A Hospital,hospital,8.820961,78.125229,node/7849085452
Thiraviam Ortho Hospital,hospital,8.7893139,78.1429845,node/7849085454
Aswini Ayurveda Hospital,hospital,9.807014,77.327775,node/7849085455
Radhu Hospital,hospital,8.7442781,78.0503965,node/7849085456
Dr.Savana's Homeo Clinic,clinic,9.8052807,77.3356272,node/7849085457
Lakshmi Hospital,hospital,9.8012666,77.3279046,node/7849085458
Nava Jeevan Ayurvedic Centre,clinic,8.9732653,77.2491921,node/7849699467
Theventhira Gula Samuthaya Nala Koodam,hospital,9.0895559,77.3513522,node/7849699468
Dr. Zainulabdeen Clinic,clinic,9.08606,77.346912,node/7849699469
Fathima Siddha Clinic,clinic,9.081313,77.347798,node/7849699470
Aravind Vision Centre,clinic,8.910019,77.379366,node/7849699471
Sasi Hospital,hospital,8.9519473,77.3188295,node/7849699472
Shanthi Nursing Home,clinic,8.9778953,77.4233955,node/7849699473
SLP City Government Hospital,hospital,8.912588,77.479867,node/7849699475
Sivanthi Clinic,clinic,9.0228464,77.2523667,node/7849699476
K.N Hospital,hospital,8.9558807,77.3072842,node/7849699477
Dr. Arul's Dental,clinic,8.955753,77.3064167,node/7849699480
Prince Nursing Home,clinic,9.0841039,77.3469131,node/7849699481
Meeran Skin Hospital,hospital,9.0884266,77.3477246,node/7849699482
Susila Hospital,hospital,8.9129037,77.3866413,node/7849699484
Al-Shifa Ayush Hospital,hospital,9.0859409,77.3475927,node/7849699485
Usman General Clinic,clinic,9.024025,77.2488573,node/7849699486
Appu Poly Clinic,clinic,8.973924,77.2492644,node/7849699487
Shittha Hospital,hospital,9.0638547,77.3460367,node/7849699488
Government Hospital,hospital,8.877252,77.391306,node/7849699489
Muthamil Physio Clinic,clinic,8.9150857,77.3821996,node/7849699490
ESI Hospital,hospital,8.967245,77.303292,node/7849699491
Dr.Krishnamurti Clinic & Dental Care,clinic,8.9558918,77.308337,node/7849699492
Malar Acupuncture Clinic,clinic,9.0801062,77.3478147,node/7849699493
MGS Hospital,hospital,8.899049,77.404527,node/7849699494
Santhi CV Hospital,hospital,8.916255,77.379274,node/7849699497
Madura Hospital,hospital,8.979996,77.423852,node/7849699500
Sri Alagu Hospital,hospital,8.934209,77.448329,node/7849699501
Vasantham Hospital,hospital,8.951105,77.320259,node/7849699502
Priya Hospital,hospital,8.9160084,77.3809652,node/7849699504
Street For Hospital,hospital,9.0228513,77.2524773,node/7849699505
Dr. Ramasamy Clinic,clinic,8.973575,77.25927,node/7849699506
Aruls Hospital,clinic,8.917502,77.347872,node/7849699509
Arogya Ayurveda Hospital & Panchakarma Centre,hospital,9.0778261,77.3451709,node/7849699510
Sheera Hospital,hospital,9.061069,77.346957,node/7849699511
Maharaja Clinic,clinic,9.084914,77.348156,node/7849699513
Karthickeyen Hospital,hospital,8.9766417,77.2501806,node/7849699514
Municipality Hospital,hospital,8.976215,77.250197,node/7849699516
M.S. Hospital,hospital,9.082794,77.351615,node/7849699517
Al-Hisham Clinic,clinic,9.0811903,77.3462026,node/7849699518
Balaji Hospital,hospital,8.956156,77.310119,node/7849699519
A.K. Memorial Dental Hospital,hospital,8.956259,77.306538,node/7849699520
Nisha Acupuncture Threaphy Centre,clinic,9.0794765,77.3539437,node/7849699522
Aravind Vision Centre,clinic,9.0854832,77.3468072,node/7849699523
Government Hospital,hospital,9.027653,77.330744,node/7849699524
Iyyer Hospital,hospital,8.976972,77.420385,node/7849699526
Santhi Clinic,clinic,8.957262,77.306098,node/7849699527
Shruthi Clinic,clinic,8.9520737,77.2997778,node/7849699528
Dr. Mohan Clinic,clinic,8.958107,77.307061,node/7849699529
Bhavishya Childcare & Polyclinic,clinic,9.042618,77.289229,node/7849699531
Dr. Prabhu Sugam Siddha Clinic,clinic,8.916748,77.382356,node/7849699533
Sugham Poly Clinic,clinic,9.08465,77.347398,node/7849699535
Raja Hospitals,hospital,8.9162882,77.3803015,node/7849699536
Rithika Hospital,hospital,8.908447,77.378439,node/7849699537
Ponra Nursing Home,clinic,8.978334,77.423207,node/7849699538
Chithra Clinic,clinic,9.0810383,77.3465155,node/7849699539
Surya Nursing Home,hospital,9.02509,77.248072,node/7849699540
Dr. Chiranjeevi Hospital,hospital,9.084137,77.346947,node/7849699541
Sri Guru Mental Hospital,hospital,8.93261,77.271662,node/7849699543
Annai Clinic and Eye Hospital,clinic,8.878323,77.382413,node/7849699544
Dr. Alagesan Hospital,hospital,8.97795,77.423328,node/7849699545
Annai Velankanni Homeopathy Clinic,clinic,8.978198,77.422668,node/7849699546
K.K.Ayurveda Clinic,clinic,8.9137015,77.3856434,node/7849699547
Janatha Hospital,hospital,9.1801588,77.3984034,node/7849819519
Sri Kanna Hospital,hospital,9.18471,77.403275,node/7849819520
Dhiyan Clinic,clinic,9.148263,77.698518,node/7849819521
Jeyaram Hospital,hospital,8.864656,77.496001,node/7849819522
Aravind Vision Centre,clinic,9.1473386,77.702115,node/7849819523
Shanthi Physiotherapy Clinic,clinic,9.3435249,77.428323,node/7849819525
Sri Thangam Hospital,hospital,9.062802,77.604431,node/7849819526
Aravind Eye Care Hospital,hospital,9.1789471,77.3986924,node/7849819528
ESI Hospital,hospital,9.14728,77.6982935,node/7849819529
Selvam Siddha Hospital,hospital,9.1738208,77.5339507,node/7849819530
Arunagiri Hospital,hospital,9.2433648,77.409814,node/7849819532
Maniram Hospital,hospital,8.8645538,77.4955716,node/7849819533
Ravindran Hospital,hospital,9.178967,77.397995,node/7849819534
Aravind Eye Hospital,hospital,9.192964,77.84376,node/7849819535
Karthik Clinic,clinic,9.1741969,77.5375585,node/7849819536
Veni Clinic,clinic,9.1750418,77.5414984,node/7849819537
Dr. Sivkami Hospital,hospital,9.169014,77.535878,node/7849819538
SDVM Hospital,hospital,9.179654,77.40019,node/7849819539
Malaivel Siddha Hospital,hospital,9.264598,77.539959,node/7849819540
Lakshmi Hospital,hospital,9.1500489,77.7013314,node/7849819542
Dhyan Health Care,clinic,9.1478962,77.6987728,node/7849819543
Mani Hospital,hospital,8.868568,77.492429,node/7849819544
Allen Homeopathic Hospital,hospital,9.1362129,77.6941062,node/7849819545
Sree Mirraa Clinics Physiotherapy,clinic,9.1751744,77.3969201,node/7849819546
Sathya Nursing Home,clinic,9.1803222,77.3981268,node/7849819547
Aruna clinic,clinic,9.147733,77.703254,node/7849819548
Tamilselvan Hospital,hospital,8.930966,77.568949,node/7849819549
Government Hospital,hospital,9.1507419,77.7051644,node/7849819550
Sri Hari Clinic,clinic,9.1475285,77.7005788,node/7849819551
Sridurga Hospital,hospital,9.166921,77.535624,node/7849819553
MRS Child Care Clinic,clinic,9.1786527,77.3972696,node/7849819554
Esakkiyappan Hospital,hospital,9.1476848,77.7033991,node/7849819555
Vasantham Hospital,hospital,8.865063,77.494974,node/7849819556
Sumathy Hospital,hospital,9.3423934,77.4302399,node/7849819557
Gomathi Clinic,clinic,9.1062871,77.5845387,node/7849819558
Jayasree Hospital,hospital,9.187607,77.4032,node/7849819559
Shanthi Hospital,hospital,9.1740852,77.3950525,node/7849819560
Aravind Eye Hospital,clinic,9.170292,77.534175,node/7849819562
MRS Skin Hospital,hospital,9.1775161,77.3970609,node/7849819563
Karanaya Hospital,hospital,9.303836,77.445406,node/7849819564
Jayalakshmi Multi Speciality Hospital,hospital,8.8674485,77.4951666,node/7849819565
Susi Clinic,clinic,9.34393,77.428715,node/7849819566
Krishna Hospital,hospital,9.178307,77.535374,node/7849819567
Mallika Clinic,clinic,9.067603,77.434654,node/7849819568
Pradeeps Scan Hospital,hospital,9.2391471,77.4111478,node/7849819569
Community Hospital,hospital,8.8675263,77.4922339,node/7849819570
Government Hospital,hospital,9.311153,77.557057,node/7849819571
Dr. Samuvel Ortho Hospital,hospital,9.170898,77.536181,node/7849819573
Ravi Hospital,hospital,9.1836943,77.5345919,node/7849819574
Dr. V. Srinivasan Hospital,hospital,9.174372,77.533638,node/7849819575
Jayam Hospital,hospital,9.172565,77.3955634,node/7849819577
Government Hospital,hospital,9.0090329,77.4525768,node/7849819579
Kavin Homeopathy Clinic,clinic,9.1740295,77.5373509,node/7849819582
Kirsnaveni Hospital,hospital,9.1749806,77.5413915,node/7849819583
Siva Clinic,clinic,8.9836854,77.5294634,node/7849819584
Surya Hospital,hospital,9.1707365,77.3934937,node/7849819585
Rani Hospital,hospital,8.8646031,77.496207,node/7849819587
Razack Hospital,hospital,9.1781887,77.5277294,node/7849819588
Mahalakshmi Hospital,hospital,9.1762115,77.3977591,node/7849819589
Lakshmi Clinic,clinic,9.1507201,77.7049834,node/7849819590
Susee Homeopathy Clinic,clinic,9.1718088,77.5354713,node/7849819591
Dr.Veluchamy Clinic,clinic,9.3419793,77.4303413,node/7849819592
Shanthi clinic,hospital,10.3603097,78.0013644,node/7858419376
Sky speech & hearing care Clinic,clinic,11.0207277,77.0189795,node/8000326824
K.M. Nursing Home,hospital,13.0371216,80.2013389,node/8099947735
Military Hospital,hospital,13.0117736,80.1941708,node/8105683179
arun medical and generals,hospital,10.9424232,78.0905141,node/8108012487
உழைப்பாளி மருத்துவமனை,hospital,13.0487242,80.2036274,node/8108467017
KS Bone and Joint Clinic - Ortho,hospital,13.026029,80.212368,node/8108591031
Veekays Pet Care Clinic,clinic,13.0290009,80.2085925,node/8108613662
Shens Multi-Speciality Hospital,hospital,13.0318828,80.2103124,node/8111861614
Leela Clinic,clinic,8.6949575,77.7291371,node/8130521379
Manima Clinic,hospital,11.623248,78.1465721,node/8170165710
Shri Sathyanarayana Hospital,hospital,11.4291297,77.6913408,node/8187625863
Sanjeevani Ayurvedic Hospital,hospital,12.9120483,80.2489789,node/8197934476
Sham's Rheumatic Care Centre,clinic,13.0388056,80.2010012,node/8261017892
ABHI'S SKIN AND JOINT CLINIC,clinic,13.0510353,80.0941867,node/8261191792
Anbu clinic,clinic,11.2226758,76.8891078,node/8325236156
Selva Maternity Clinic,clinic,12.9528734,80.1862504,node/8594028687
Progress Clinic,clinic,12.9586006,80.1868115,node/8597641343
Aayurdhaa Hospital,hospital,13.1139068,79.4264573,node/8628650091
Prashanth Hospitals,hospital,12.9784544,80.2214698,node/8639896900
PPN hospital cardiac care,hospital,10.4518523,77.5167875,node/8644912158
MPS Hospital,hospital,10.4517732,77.516412,node/8644912159
Ramya Eye Hospital,hospital,10.4513085,77.5145136,node/8644912160
satish babu hospital,hospital,10.4475295,77.524816,node/8644912161
Nitharsana Ortho Clinic,hospital,10.4516432,77.514925,node/8644912163
ENT clinic,hospital,10.4480545,77.5242001,node/8644912164
ortho hospital,hospital,10.4481759,77.5285028,node/8644912165
Jolarpet Goverment Hospital,hospital,12.5657201,78.5824824,node/8757963632
Geri care hospital,hospital,13.0439323,80.2407095,node/8935514615
Suguna Clinic,clinic,13.0946251,80.1855413,node/8979558602
Mohan Clinic,clinic,13.095401,80.1814241,node/8979558603
Government Siddha clinic,clinic,10.3619046,77.9869186,node/9104697727
Kottakal Arya Vaidyasalai Ayurvedha Hospital,clinic,10.3553634,77.9800139,node/9104697766
Aravind Eye hospital,hospital,10.3670105,77.9784382,node/9104733813
Rajarajeshwari hospital,hospital,10.3588227,77.9780867,node/9104791165
Gnanamani Children Hospital,clinic,11.2745706,79.5484285,node/9135091425
Dr. Sivaraman Hospital,hospital,8.7241333,77.6639981,node/9195829245
Saravana Siddha Vaithiyasalai,clinic,11.4962386,77.3069299,node/9344048459
Jayaram Child Hospital,hospital,9.4582507,77.560277,node/9363759710
aravind herbal,hospital,9.4701302,77.5232551,node/9363846779
Surendra Multi-speciality Hospital,hospital,11.7425547,79.759964,node/9392768314
Infirmary,clinic,12.9208601,80.1231673,node/9404372922
4 Squares Dentistry,hospital,12.9214652,80.1651302,node/9444720904
Vinayaka Labs & Diagnostics,hospital,12.6619421,79.541093,node/9497726611
Government Mini Clinic,clinic,12.9780615,80.1811597,node/9502013722
S B Hospital,hospital,12.8461109,80.2263842,node/9591995528
Chamdhi Netralayam Eye Hospital,hospital,13.2086279,80.1698455,node/9717766098
Subam Hospital,hospital,12.0595128,78.4766713,node/9794308417
Crescent Multicate Clinic,clinic,8.7200481,77.771424,node/9865083472
Masthan Hospital,hospital,8.7264532,77.6657907,node/9919653558
Nellai Multicare Clinic,hospital,8.6994964,77.7098482,node/9950716794
Chennai Best Acupuncture Clinic in OMR Padur,hospital,12.8124897,80.2257817,node/9952825959
Dr. K.V. Poly Clinic,hospital,9.589916,77.9577546,node/9953197672
Hari Balaji Hospital,hospital,9.5897718,77.9582012,node/9953197673
Shreyas hospital,hospital,13.1266701,80.2014392,node/9980280804
Trident medicare center,clinic,13.1245764,80.201478,node/10013621163
Vijayam Women's Clinic,clinic,8.8119555,78.1334342,node/10169285909
Sudha Hospital,hospital,11.4555773,78.1760125,node/10188898650
Rasi Hospital,hospital,11.4618368,78.1855695,node/10188915792
Maitreyi Clinic,clinic,8.7964516,78.1196626,node/10196688900
JR Dental Clinic,clinic,8.7963891,78.1196857,node/10196700427
GVN Riverside Hospital,hospital,10.8425118,78.7124077,node/10197717515
Hannah Joseph Hospital,hospital,9.8776647,78.1368783,node/10197726741
Sri Lakshmi Clinic,clinic,13.0969386,80.2875876,node/10208858002
Dhanam Clinic,hospital,9.614336,77.9567299,node/10220842170
Women And Children Foundation Hospital,hospital,13.1180276,80.2126037,node/10261422409
Arun Hospital Unit 2,hospital,9.9214638,78.1277555,node/10271342809
Frame of Mind - SCARF Psychiatric Hospital,hospital,13.0972767,80.1982422,node/10271805421
Vasantha Memorial Cancer Centre,hospital,13.040756,80.2146876,node/10294576078
Richardsons Dental & Craniofacial Hospital,hospital,8.1965999,77.3903026,node/10564214474
Arokiya Annai Children Hospital,hospital,8.2498045,77.3126833,node/10564214475
Eashwar ENT Clinic,clinic,12.9450044,78.8692536,node/10614164007
St. Mary's Hospital,hospital,12.5128555,78.2186887,node/10688126391
Devakottai Urban PHC,hospital,9.9407414,78.8255999,node/10697542227
Devakottai UHWC,hospital,9.962897,78.8164521,node/10704777200
Ingrid Kowski Hospital,hospital,11.3510939,76.8114495,node/10727150524
Nathan dental clinic,hospital,12.9546956,79.1352002,node/10735185863
Chinnanur Primary Health Center,hospital,11.6871701,78.2251184,node/10750043496
Primary Health Center,hospital,11.670834,78.1858094,node/10750043497
Salem Camp GH,hospital,11.794162,77.8130475,node/10750043500
Aadhar Multi-speciality Hospital,hospital,11.1113928,77.3384408,node/10788272228
Rishi Mediclinic,hospital,11.088168,79.6489627,node/10837397181
Kumaran Physiotherapy & Pain Relief Clinic,clinic,13.0974459,80.2799297,node/10933682482
Mahaveer Health Care Services,clinic,13.0965132,80.279272,node/10933682616
G.T. Clinic,clinic,13.0958069,80.2798213,node/10933806238
Sakthi Clinic - Dr. B. Palani,clinic,13.0974018,80.2806005,node/10967203527
Balaji Heart Care Center,hospital,12.6888627,79.980109,node/11002658418
Paranur Hospital,hospital,12.7370085,79.9883446,node/11004625313
L Rapha Life Care Hospital,hospital,12.9580448,80.1280036,node/11081786797
Dr. Vijay's Hospital,hospital,13.0856699,80.1797716,node/11162390408
M. Thathanur Primary Health Center,hospital,11.6824017,78.2445813,node/11338259914
Apollo Emergency Medical Centre,clinic,13.0826233,80.2752345,node/11397678677
SMF,hospital,13.0868727,80.1697458,node/11468740371
Sri Venkatesh Eye Care,hospital,11.4649052,78.1928421,node/11506083553
Oswin Clinic,clinic,8.3172828,77.5796363,node/11535743827
St. Michael's Dental Clinic,clinic,8.3883186,77.6091625,node/11535743832
ISOS Hospital,hospital,8.3535573,77.674873,node/11535743843
Jananam fertility centre,hospital,12.9569147,80.2513405,node/11679595256
Medha Hospital,hospital,11.2282106,79.4739292,node/11782310530
Sugam Hospital,hospital,12.9622155,80.159938,node/11782793599
Surendra Multi Speciality Hospital,hospital,11.7372028,79.7618036,node/11799300868
Dental College & Hospital,hospital,12.8705153,80.2233736,node/11804254199
Hospital,hospital,10.1228886,77.5327817,node/11816619178
Hospital,hospital,10.1473787,77.6381308,node/11816661281
Max Hair Clinic,hospital,13.0579691,80.2457435,node/11834587522
Emergency medical aid in temple,clinic,13.08854,79.4181121,node/11936770197
Vanjee Multispecality Dental Centre,hospital,11.3418385,77.7132218,node/12043441715
Sundara Multi Speciality Dental Hospital,hospital,8.3140196,77.2031314,node/12046426760
Thanaraj Speciality Hospital,hospital,8.7948295,78.1335671,node/12046470400
Diya Heart Care Centre,hospital,8.8178236,78.1320744,node/12046470402
JJ Arul Hospital,hospital,10.3310469,77.9566165,node/12078445537
Rhythm Super Speciality Hospital,hospital,11.2425415,78.895336,node/12078459438
Anugraha Multi Speciality Hospital,hospital,11.773549,78.0546408,node/12144440610
Saravana Polyclinic,clinic,8.7960328,78.119916,node/12144446016
"Commissioner of Police office, Greater chennai Police",hospital,13.081276,80.2631177,node/12146055740
Sivasanthi Clinic,clinic,11.9975281,79.7806008,node/12153902050
M.S Healthcare,clinic,11.7667045,79.7442726,node/12154007890
Seva Poly Clinic,clinic,11.4524829,79.5466906,node/12187025445
Vasantham Skin Clinic,clinic,11.6068494,79.5079694,node/12187063776
Ilango Dental Clinic,clinic,11.7605782,79.7640851,node/12187070429
A.V.R. Hospital,hospital,11.0566508,79.4143262,node/12187070935
Accura Clinical Laboratory,clinic,10.0731855,78.7847501,node/12201221815
Lions Eye Hospital,hospital,12.7264366,77.8576503,node/12270691057
A. R. Clinic,clinic,9.5894814,77.9492523,node/12281527594
Rishi Child Care Centre,hospital,9.5900487,77.9573296,node/12281527600
Gokulam ortho hospital,hospital,11.1340331,77.0350369,node/12285255906
Arunai Hospitals,hospital,11.0182403,76.9246,node/12285349823
J Karupalli HSC,clinic,12.6050647,77.8119747,node/12298747556
A.M.C. Poly Clinic,clinic,11.5167104,79.3182087,node/12310097730
M.D.P. Clinic,clinic,11.5163448,79.3182452,node/12310097731
Vaidhya Hospital,hospital,11.5161457,79.3182398,node/12310097732
V.R.K. Hospital,hospital,11.5191698,79.3408773,node/12310097770
Kowthalam HSC,clinic,12.5676496,77.8312573,node/12311159211
G.K Clinic - Beruhalli,clinic,12.3566347,78.2746656,node/12350297993
Dr Bala's Skin clinic,hospital,12.9831959,80.2013573,node/12378706312
Jakkeri HSC,clinic,12.5847221,77.8744222,node/12389618327
SKS Physiotherapy Clinic & Rehab Center - Perumalpattu (Veppampattu),hospital,13.1164973,79.9945299,node/12432339927
Baleguli HSC,hospital,12.4133006,78.28138,node/12452672027
Chinnus Blood Testing,clinic,13.1889086,80.3147634,node/12458714111
RG Clinic,clinic,13.1881126,80.3153353,node/12458725759
RG Clinic Diabetologist,clinic,13.1877986,80.3150883,node/12458756392
The Eye Foundation Eye Hospital,hospital,8.7272908,77.7173787,node/12536345242
Kamali Dental Clinic,clinic,8.7929608,78.1168705,node/12536349576
The Hive Fertility Centre,clinic,13.0728153,80.2524798,node/12548054602
Baby Child Clininc,clinic,12.8902304,80.1844991,node/12568243303
Dr. S. Satish Kumar M.D.S,clinic,12.8900211,80.1845425,node/12568243304
Meridian Hospitals,hospital,13.1363242,80.2157688,node/12581525295
St Anthony's Hospital,hospital,13.1396018,80.2377389,node/12581658601
Just Kids Child Cliinc,clinic,12.9130938,80.1918435,node/12611351201
Vadivelu Hospital,hospital,13.1002212,80.2400853,node/12619467462
Raja Clinic,clinic,8.7968349,78.1337051,node/12621901245
Rajesh Tilak Hospital,hospital,8.7989201,78.1260305,node/12638005903
Capstone Clinic,clinic,13.0531057,80.2435995,node/12640713376
அரசு மருத்துவமனை - முத்துப்பேட்டை,hospital,10.399673,79.4966964,node/12705210701
Viruksham test tube baby centre,hospital,11.5231964,79.3244477,node/12763265458
Anu Hospital,hospital,9.5123859,77.6289692,node/12809730901
Dr Care Clinic,clinic,8.809802,78.1350267,node/12818480068
GD Karthik Clinic,hospital,10.0675005,78.7776552,node/12914023015
Gomathiram Clinic,clinic,11.8312845,78.028573,node/12916847401
Padmakshi hospital,hospital,10.8032623,78.6877965,node/12972962890
Retna Global hospital,hospital,10.8098728,78.6803203,node/12973419917
ENT clinic,clinic,10.8161831,78.6776123,node/13006499478
Ponne hospitalz,hospital,10.8262509,78.6817152,node/13008650082
Aiyshwariya Hospital,hospital,10.8288951,78.6821604,node/13036672132
Iswarya Fertility Center,hospital,13.0064894,80.2504829,node/13096237915
Bharathi Infinity Hospital,hospital,9.9411327,78.180243,node/13097013531
sugam hospital,hospital,12.3020874,78.7917283,node/13127691649
Dr Abirami's skincare clinic,clinic,13.0149516,80.2307333,node/13142131701
Good Shepard hospital,hospital,12.9810842,80.2343492,node/13155026101
Hariharan ENT Clinic,clinic,12.9161702,80.1921511,node/13184761701
Dr. R.Suresh Child Care Clinic,clinic,12.9159912,80.1921519,node/13184761801
Masila Clinic,clinic,12.9160421,80.1921398,node/13184762001
Ganesh priya hospitals,hospital,9.9232202,78.0937348,node/13269856201
Fathima siddha herbal hospital,clinic,9.921722,78.0943132,node/13270313801
KMS,clinic,9.0847651,77.3473664,node/13288682104
Coimbatore Corporation Urban Health Centre,hospital,10.9757337,76.9959721,node/13390367103
SRI CHAKRA SCANS,clinic,13.1295572,80.2145746,node/13401498982
கவண் மருத்துவமனை,hospital,12.0658594,78.4723494,node/13430865260
Amirthamal Hospital,hospital,9.9018733,78.1208402,node/13447842922
Kurangumudi Health Wellness Centre,hospital,10.3067308,76.9005212,node/13452973619
First Aid Centre,hospital,10.3259346,76.9182503,node/13453053229
Stanmore Garden Hospital,hospital,10.3257646,76.9368182,node/13453089319
Iyerpadi Gerden Hospital,hospital,10.3389325,76.9656969,node/13453101050
RMS Ropheka Multi Speciality Hospitals,hospital,13.2035123,80.2661437,node/13456132677
Government Hospital,hospital,9.6935704,77.9715275,node/13588886474
Sneka Mind Care Centre,hospital,8.7126682,77.7198252,node/13607099889
Lily Hospital,hospital,9.9240325,78.1489188,node/13609188987
lille mission hospital,hospital,9.9240099,78.1489492,node/13609211091
Swathi Dental hospital,hospital,9.9241046,78.1488036,node/13609216352
Gobi Medical Centre,hospital,11.0572211,76.9709821,node/13645086001
Hari eye hospital,hospital,11.1882815,77.2794176,node/13661533274
Palaniappa Hospital,hospital,13.0275517,80.1832531,node/13694295601
Urban Primary Hospital,hospital,11.6739638,78.2013164,node/13736753218
Vee Kay,clinic,13.0967132,80.2592225,node/13738124430
RM Hospital,hospital,10.8134159,78.6792314,node/13754155001
Dr. Akila Skin Hair Laser clinic,clinic,10.8041021,78.6826248,node/13757942201
Tamilmalar Homeo Clinic,clinic,12.9177723,80.1906838,node/13765623902
Pranav Hospital,hospital,10.429734,77.8692331,node/13805552450
Bethesda Hospital & Child Care Centre,hospital,12.9196657,80.1443175,node/13870488102
Hema Medical Centre,hospital,9.9348276,78.1420627,node/13884411301
Apollo women and child care hospital,hospital,9.935125,78.1419464,node/13884411302
Dr. Bose Hospital,hospital,8.7012709,77.7241141,node/13889305897
Vamsam Hospital & Fertility Centre,hospital,8.7111247,77.7203778,node/13889327801
Government Primary Health Center,hospital,10.0119419,79.2271545,node/13903324501
Govt. Primary Health Center - VS Palayam,clinic,11.6915886,79.7219809,node/13906407801
Secondary Health Center - Karaikadu,clinic,11.6927031,79.7423333,node/13906424401
KS Hospital,hospital,11.3386748,79.3771546,node/13938799962
indian medical,hospital,10.2678115,77.8333285,node/13942294540
Deepam Medfirst Hospital,hospital,12.9316216,80.2033854,node/13994416401
Dr.G.Clinic,clinic,10.0787162,78.786648,node/14004748653
Sudar Medical Centre,clinic,13.0414947,80.1951197,node/14007810701
Madhanur Government Hospital,hospital,12.8685163,78.8486446,node/14021562750
Sri Krishna Clinic,clinic,12.8312056,80.0468005,node/14040637565
Jeevan Clinic,clinic,12.9878169,80.2173524,node/14045662234
Arunai Clinic,clinic,12.9899507,80.2115352,node/14049890108
Gajaa Clinic,clinic,12.9381338,80.1332659,node/14055342348
Sri Raghavendra Hospital (sidha),hospital,13.1241668,80.2873329,node/14059867401
Ayanavaram 24 hours hospital,hospital,13.0986843,80.2336168,node/14059898301
Lifecare Hospital,hospital,12.5077081,78.2225017,node/14063442558
Ida Sophia Scudder Urban Health Centre,hospital,12.9124616,79.133432,node/14067828491
Vijaya ENT clinic,clinic,12.0565568,78.4810287,node/14092068913
Meera Clinic,hospital,9.3642006,78.832796,node/14094006702
Mountain Top Clinic,clinic,11.3244339,76.7797199,node/14098512301
Mountain Top Clinic. Panchakarma,clinic,11.3236181,76.7743393,node/14098512401
Helios Advanced Skin Hair & Laser Clinic Pvt Ltd,hospital,13.0347504,80.2547353,node/14105458201
OSM Hospital,hospital,11.0673724,77.3392953,node/14110945405
Sre Sai Speciality Clinic,clinic,13.0391737,80.2541971,node/14119518430
Meera Multi-speciality Hospital,hospital,12.7212885,77.8335533,node/14133768895
First Aid Medical Centre,clinic,12.2325493,79.0684033,node/14133793617
